point_id,benchmark,kernel,backend,regime,status,error,numerics_ok,max_abs_err,ts_utc,page_size,kind,tokens,batch,median_us,p10_us,p90_us,min_us,mean_us,repeats,warmup,unstable,graph_median_us,graph_error,l2_flush,eager_median_us,launch_overhead_us,flops,bytes_moved,kv_bytes,achieved_tflops,achieved_gbps,us_per_new_token,per_step_us,bandwidth_util,compute_util,environment_hash,git_sha,git_dirty,image_digest,config_hash,kernel_us,kernel_time_source,kernel_gbps,kernel_tflops,kv,new_tokens,cached,distribution,total_tokens,sequences,seed,length_cv,max_over_mean,lengths,mean_kv,context,fraction,actual_fraction,state_bytes,us_per_token,history,op,weight_bytes,per_step_count,dtype
ac5dcad1d88e,attention_cold,flash_attn_3,flash_attn_3,cold,ok,,,,2026-09-22T00:23:12+00:00,784,prefill,128,1,46.67200148105621,45.049600303173065,57.32480026781559,43.83999854326248,49.10783991217613,100,10,True,15.359999611973763,,False,46.67200148105621,31.31200186908245,202899456.0,3670016.0,524288.0,4.347348507913363,78.634210737451,0.36462501157075167,746.7520236968994,0.018386959783236827,0.006071365646742039,0e6e08559dbe6eaf,11630473a039827ea1d1ee5d1fe37f174e2b87b7,False,sha256:c2914767605584b6d8f45686b82de173ecc99e781897aa3d0a66dacd72c51ae1,c7e32b63b7c08a46,15.359999611973763,graph,238.9333393692972,13.209600333702575,,,,,,,,,,,,,,,,,,,,,
8b7c9c12693d,attention_cold,flash_attn_3,flash_attn_3,cold,ok,,,,2026-09-22T00:23:12+00:00,784,prefill,128,4,46.68800160288811,45.4975999891758,54.13440018892288,44.576000422239304,48.5401601344347,50,10,False,16.095999628305435,,False,46.68800160288811,30.592001974582672,811597824.0,14680064.0,2097152.0,17.383434632802846,314.42905020573625,0.09118750313064083,747.0080256462097,0.07352263406213258,0.02427713988420095,0e6e08559dbe6eaf,11630473a039827ea1d1ee5d1fe37f174e2b87b7,False,sha256:c2914767605584b6d8f45686b82de173ecc99e781897aa3d0a66dacd72c51ae1,c7e32b63b7c08a46,16.095999628305435,graph,912.031830206093,50.42233118425115,,,,,,,,,,,,,,,,,,,,,
e0876281add8,attention_cold,flash_attn_3,flash_attn_3,cold,ok,,,,2026-09-22T00:23:12+00:00,784,prefill,128,16,51.15199834108353,49.18399825692177,60.96640117466451,47.42399975657463,52.640319652855396,100,10,False,36.38400137424469,,False,51.15199834108353,14.767996966838837,3246391296.0,58720256.0,8388608.0,63.46558103855368,1147.9562461753897,0.02497656168998219,818.4319734573364,0.2684254745280937,0.0886339679845324,0e6e08559dbe6eaf,11630473a039827ea1d1ee5d1fe37f174e2b87b7,False,sha256:c2914767605584b6d8f45686b82de173ecc99e781897aa3d0a66dacd72c51ae1,c7e32b63b7c08a46,36.38400137424469,graph,1613.9031932196049,89.22579082514102,,,,,,,,,,,,,,,,,,,,,
9e1d513cd3ab,attention_cold,flash_attn_3,flash_attn_3,cold,ok,,,,2026-09-22T00:23:12+00:00,784,prefill,512,1,45.53600028157234,44.95679959654808,48.48639816045761,44.73600164055824,46.97727993130684,50,10,False,45.04000023007393,,False,45.53600028157234,0.4960000514984131,3227516928.0,14680064.0,2097152.0,70.87835795947416,322.38369442255953,0.08893750054994598,728.5760045051575,0.0753826606578472,0.09898641133309674,0e6e08559dbe6eaf,11630473a039827ea1d1ee5d1fe37f174e2b87b7,False,sha256:c2914767605584b6d8f45686b82de173ecc99e781897aa3d0a66dacd72c51ae1,c7e32b63b7c08a46,45.04000023007393,graph,325.93392373470476,71.6589012325301,,,,,,,,,,,,,,,,,,,,,
26f4ad86fc05,attention_cold,flash_attn_3,flash_attn_3,cold,ok,,,,2026-09-22T00:23:12+00:00,784,prefill,512,4,57.328000664711,56.89600110054016,57.948801293969154,56.57599866390228,58.019200414419174,50,10,False,56.94400146603584,,False,57.328000664711,0.38399919867515564,12910067712.0,58720256.0,8388608.0,225.1965455328876,1024.2857821508858,0.027992187824565917,917.248010635376,0.23950773214767973,0.3145021770912967,0e6e08559dbe6eaf,11630473a039827ea1d1ee5d1fe37f174e2b87b7,False,sha256:c2914767605584b6d8f45686b82de173ecc99e781897aa3d0a66dacd72c51ae1,c7e32b63b7c08a46,56.94400146603584,graph,1031.1930052022003,226.71514785802663,,,,,,,,,,,,,,,,,,,,,
df1cc1f777d2,attention_cold,flash_attn_3,flash_attn_3,cold,ok,,,,2026-09-22T00:23:12+00:00,784,prefill,512,16,191.77599996328354,191.03999435901642,192.62399822473526,190.88000059127808,192.70399868488312,50,10,False,191.8559968471527,,False,191.77599996328354,-0.07999688386917114,51640270848.0,234881024.0,33554432.0,269.27389693124684,1224.7675623903365,0.02341015624551801,3068.4159994125366,0.2863861886866841,0.3760591736358002,0e6e08559dbe6eaf,11630473a039827ea1d1ee5d1fe37f174e2b87b7,False,sha256:c2914767605584b6d8f45686b82de173ecc99e781897aa3d0a66dacd72c51ae1,c7e32b63b7c08a46,191.8559968471527,graph,1224.2568794298588,269.1616196346504,,,,,,,,,,,,,,,,,,,,,
b538d159da60,attention_cold,flash_attn_3,flash_attn_3,cold,ok,,,,2026-09-22T00:23:12+00:00,784,prefill,1024,1,51.58399976789951,50.12799836695194,61.93280145525932,48.86399954557419,53.84639993309975,50,10,False,34.33600068092346,,False,51.58399976789951,17.24799908697605,12897484800.0,29360128.0,4194304.0,250.02878524410286,569.1712184418602,0.05037499977333937,825.3439962863922,0.13308874350133307,0.3491820760779782,0e6e08559dbe6eaf,11630473a039827ea1d1ee5d1fe37f174e2b87b7,False,sha256:c2914767605584b6d8f45686b82de173ecc99e781897aa3d0a66dacd72c51ae1,c7e32b63b7c08a46,34.33600068092346,graph,855.0829280566744,375.62571482489625,,,,,,,,,,,,,,,,,,,,,
91e593eb89cd,attention_cold,flash_attn_3,flash_attn_3,cold,ok,,,,2026-09-22T00:23:12+00:00,784,prefill,1024,4,114.27199840545654,113.59680071473122,115.39839953184128,113.37599903345108,115.11999994516373,50,10,False,112.49599978327751,,False,114.27199840545654,1.7759986221790314,51589939200.0,117440512.0,16777216.0,451.46615023699945,1027.7278216777222,0.027898437110707164,1828.3519744873047,0.2403125808485024,0.6305029537490265,0e6e08559dbe6eaf,11630473a039827ea1d1ee5d1fe37f174e2b87b7,False,sha256:c2914767605584b6d8f45686b82de173ecc99e781897aa3d0a66dacd72c51ae1,c7e32b63b7c08a46,112.49599978327751,graph,1043.9527825544735,458.5935437650009,,,,,,,,,,,,,,,,,,,,,
4bf4660a961b,attention_cold,flash_attn_3,flash_attn_3,cold,ok,,,,2026-09-22T00:23:12+00:00,784,prefill,1024,16,406.6239893436432,405.27359545230865,414.2880082130432,404.9279987812042,409.2345601320267,50,10,False,449.44000244140625,,False,406.6239893436432,-42.81601309776306,206359756800.0,469762048.0,67108864.0,507.49528362332484,1155.2738163783004,0.024818358724587597,6505.983829498291,0.2701365347367498,0.7087514206108976,0e6e08559dbe6eaf,11630473a039827ea1d1ee5d1fe37f174e2b87b7,False,sha256:c2914767605584b6d8f45686b82de173ecc99e781897aa3d0a66dacd72c51ae1,c7e32b63b7c08a46,449.44000244140625,graph,1045.2163702567689,459.1486197913664,,,,,,,,,,,,,,,,,,,,,
62f107240e3d,attention_cold,flash_attn_3,flash_attn_3,cold,ok,,,,2026-09-22T00:23:12+00:00,784,prefill,4096,1,343.9359962940216,342.1024054288864,345.03999054431915,341.12000465393066,344.7737592458725,50,10,False,350.3679931163788,,False,343.9359962940216,-6.431996822357178,206208761856.0,117440512.0,16777216.0,599.5556268548225,341.4603683983205,0.08396874909522012,5502.975940704346,0.07984334048028968,0.8373199042062631,0e6e08559dbe6eaf,11630473a039827ea1d1ee5d1fe37f174e2b87b7,False,sha256:c2914767605584b6d8f45686b82de173ecc99e781897aa3d0a66dacd72c51ae1,c7e32b63b7c08a46,350.3679931163788,graph,335.1918962557484,588.5490852684862,,,,,,,,,,,,,,,,,,,,,
1dbc3b807c6e,attention_cold,flash_attn_3,flash_attn_3,cold,ok,,,,2026-09-22T00:23:12+00:00,784,prefill,4096,4,1389.9040222167969,1318.9792037010193,1409.2959523200989,1314.0480518341064,1382.4960112571716,50,10,False,1380.2559971809387,,False,1389.9040222167969,9.648025035858154,824835047424.0,469762048.0,67108864.0,593.4474857540505,337.9816451288222,0.08483300916850567,22238.46435546875,0.07902991405617461,0.8287894728462798,0e6e08559dbe6eaf,11630473a039827ea1d1ee5d1fe37f174e2b87b7,False,sha256:c2914767605584b6d8f45686b82de173ecc99e781897aa3d0a66dacd72c51ae1,c7e32b63b7c08a46,1380.2559971809387,graph,340.3441455494133,597.5956989925484,,,,,,,,,,,,,,,,,,,,,
18175b03db8c,attention_cold,flash_attn_3,flash_attn_3,cold,ok,,,,2026-09-22T00:23:13+00:00,784,prefill,4096,16,5617.071866989136,5569.587230682373,5647.302341461182,5556.159973144531,5617.310724258423,50,10,False,5882.223844528198,,False,5617.071866989136,-265.1519775390625,3299340189696.0,1879048192.0,268435456.0,587.3772434862069,334.52450609417036,0.08570971476729028,89873.14987182617,0.07822153465236219,0.8203119697647345,0e6e08559dbe6eaf,11630473a039827ea1d1ee5d1fe37f174e2b87b7,False,sha256:c2914767605584b6d8f45686b82de173ecc99e781897aa3d0a66dacd72c51ae1,c7e32b63b7c08a46,5882.223844528198,graph,319.4452033218594,560.9001420041392,,,,,,,,,,,,,,,,,,,,,
ba8840bb87f7,attention_cold,flash_attn_3,flash_attn_3,cold,ok,,,,2026-09-22T00:23:14+00:00,784,prefill,16384,1,5202.304124832153,5128.444671630859,5214.272022247314,5045.760154724121,5174.607372283936,50,10,False,5159.0399742126465,,False,5202.304124832153,43.264150619506836,3298736209920.0,469762048.0,67108864.0,634.091381581124,90.29884388297972,0.31752344511915,83236.86599731445,0.0211144894236011,0.8855514169197946,0e6e08559dbe6eaf,11630473a039827ea1d1ee5d1fe37f174e2b87b7,False,sha256:c2914767605584b6d8f45686b82de173ecc99e781897aa3d0a66dacd72c51ae1,c7e32b63b7c08a46,5159.0399742126465,graph,91.05609771354668,639.4089261584837,,,,,,,,,,,,,,,,,,,,,
86d668a68eb9,attention_cold,flash_attn_3,flash_attn_3,cold,ok,,,,2026-09-22T00:23:16+00:00,784,prefill,16384,4,20840.7039642334,20617.426681518555,21691.349983215332,20573.312759399414,20987.231407165527,50,10,False,20837.68081665039,,False,20840.7039642334,3.0231475830078125,13194944839680.0,1879048192.0,268435456.0,633.1333558753596,90.16241462979386,0.31800390570424497,333451.2634277344,0.02108258830616048,0.8842134693528844,0e6e08559dbe6eaf,11630473a039827ea1d1ee5d1fe37f174e2b87b7,False,sha256:c2914767605584b6d8f45686b82de173ecc99e781897aa3d0a66dacd72c51ae1,c7e32b63b7c08a46,20837.68081665039,graph,90.17549546581705,633.2252113746052,,,,,,,,,,,,,,,,,,,,,
74ccce734f55,attention_cold,flash_attn_3,flash_attn_3,cold,ok,,,,2026-09-22T00:23:27+00:00,784,prefill,16384,16,84341.2971496582,83156.81610107422,84846.73538208008,83014.0151977539,84068.6540222168,50,10,False,84366.27197265625,,False,84341.2971496582,-24.974822998046875,52779779358720.0,7516192768.0,1073741824.0,625.7880912723655,89.11639993706761,0.32173651561606675,1349460.7543945312,0.02083799972432746,0.8739553115135318,0e6e08559dbe6eaf,11630473a039827ea1d1ee5d1fe37f174e2b87b7,False,sha256:c2914767605584b6d8f45686b82de173ecc99e781897aa3d0a66dacd72c51ae1,c7e32b63b7c08a46,84366.27197265625,graph,89.09001894069772,625.6028401471424,,,,,,,,,,,,,,,,,,,,,
f680c8f1a696,attention_cold,flash_attn_3,flash_attn_3,cold,ok,,,,2026-09-22T00:23:37+00:00,784,prefill,65536,1,82262.86315917969,81882.04345703125,82884.6176147461,81870.42999267578,82342.13851928711,50,10,False,82264.91165161133,,False,82262.86315917969,-2.048492431640625,52777363439616.0,1879048192.0,268435456.0,641.5697364859661,22.84199844058452,1.2552316766232252,1316205.810546875,0.005341121920815001,0.8959954443495615,0e6e08559dbe6eaf,11630473a039827ea1d1ee5d1fe37f174e2b87b7,False,sha256:c2914767605584b6d8f45686b82de173ecc99e781897aa3d0a66dacd72c51ae1,c7e32b63b7c08a46,82264.91165161133,graph,22.841429648131093,641.5537606498146,,,,,,,,,,,,,,,,,,,,,
ae0477f7f429,attention_cold,flash_attn_3,flash_attn_3,cold,ok,,,,2026-09-22T00:23:37+00:00,784,decode,,1,40.84799997508526,40.16000032424927,44.95679885149002,40.063999593257904,42.737279906868935,50,10,False,17.343999817967415,,False,40.84799997508526,23.504000157117844,25165824.0,4218880.0,4194304.0,0.6160846067212493,103.28241291062609,40.84799997508526,653.5679996013641,0.024150424537788165,0.0008604037403316723,0e6e08559dbe6eaf,11630473a039827ea1d1ee5d1fe37f174e2b87b7,False,sha256:c2914767605584b6d8f45686b82de173ecc99e781897aa3d0a66dacd72c51ae1,c7e32b63b7c08a46,17.343999817967415,graph,243.2472350253069,1.4509815650441609,1024,,,,,,,,,,,,,,,,,,,,
e522c6fdfb21,attention_cold,flash_attn_3,flash_attn_3,cold,ok,,,,2026-09-22T00:23:37+00:00,784,decode,,16,42.91199892759323,41.20640084147453,52.93119996786119,39.135999977588654,45.18432006239891,100,10,True,30.992000363767147,,False,42.91199892759323,11.919998563826084,402653184.0,67502080.0,67108864.0,9.38323065955071,1573.0350877827527,2.681999932974577,686.5919828414917,0.36782123995944954,0.013104315004456997,0e6e08559dbe6eaf,11630473a039827ea1d1ee5d1fe37f174e2b87b7,False,sha256:c2914767605584b6d8f45686b82de173ecc99e781897aa3d0a66dacd72c51ae1,c7e32b63b7c08a46,30.992000363767147,graph,2178.048503087813,12.992165051428666,1024,,,,,,,,,,,,,,,,,,,,
dcaaf298e9e8,attention_cold,flash_attn_3,flash_attn_3,cold,ok,,,,2026-09-22T00:23:37+00:00,784,decode,,64,77.79200002551079,76.51200145483017,79.03999835252762,75.42400062084198,78.37952047586441,50,10,False,76.83199644088745,,False,77.79200002551079,0.9600035846233368,1610612736.0,270008320.0,268435456.0,20.704092136361357,3470.9008627038074,1.215500000398606,1244.6720004081726,0.8115973184651268,0.02891466223949474,0e6e08559dbe6eaf,11630473a039827ea1d1ee5d1fe37f174e2b87b7,False,sha256:c2914767605584b6d8f45686b82de173ecc99e781897aa3d0a66dacd72c51ae1,c7e32b63b7c08a46,76.83199644088745,graph,3514.269217353182,20.962786477104803,1024,,,,,,,,,,,,,,,,,,,,
35e6a8bcfe6b,attention_cold,flash_attn_3,flash_attn_3,cold,ok,,,,2026-09-22T00:23:37+00:00,784,decode,,256,278.28800678253174,276.78400576114655,279.24159467220306,276.1920094490051,278.96512150764465,50,10,False,279.32798862457275,,False,278.28800678253174,-1.0399818420410156,6442450944.0,1080033280.0,1073741824.0,23.15030036143259,3880.99110876881,1.0870625264942646,4452.608108520508,0.9074883154139102,0.032330957150160614,0e6e08559dbe6eaf,11630473a039827ea1d1ee5d1fe37f174e2b87b7,False,sha256:c2914767605584b6d8f45686b82de173ecc99e781897aa3d0a66dacd72c51ae1,c7e32b63b7c08a46,279.32798862457275,graph,3866.5415711406035,23.064108168046474,1024,,,,,,,,,,,,,,,,,,,,
a6a6af265996,attention_cold,flash_attn_3,flash_attn_3,cold,ok,,,,2026-09-22T00:23:37+00:00,784,decode,,1,42.89599880576134,41.74720123410225,46.70399874448777,41.471999138593674,43.97631973028183,50,10,False,19.231999292969704,,False,42.89599880576134,23.663999512791634,100663296.0,16801792.0,16777216.0,2.3466826464588575,391.68669497779274,42.89599880576134,686.3359808921814,0.09158771278612929,0.0032773007219415533,0e6e08559dbe6eaf,11630473a039827ea1d1ee5d1fe37f174e2b87b7,False,sha256:c2914767605584b6d8f45686b82de173ecc99e781897aa3d0a66dacd72c51ae1,c7e32b63b7c08a46,19.231999292969704,graph,873.637303332365,5.234156598414481,4096,,,,,,,,,,,,,,,,,,,,
68959d40c9c8,attention_cold,flash_attn_3,flash_attn_3,cold,ok,,,,2026-09-22T00:23:37+00:00,784,decode,,16,76.33600011467934,74.70400258898735,77.48480066657066,74.07999783754349,76.8275198340416,50,10,False,75.26399940252304,,False,76.33600011467934,1.0720007121562958,1610612736.0,268828672.0,268435456.0,21.098993051514114,3521.6499632694863,4.7710000071674585,1221.3760018348694,0.8234639304955083,0.02946616802417273,0e6e08559dbe6eaf,11630473a039827ea1d1ee5d1fe37f174e2b87b7,False,sha256:c2914767605584b6d8f45686b82de173ecc99e781897aa3d0a66dacd72c51ae1,c7e32b63b7c08a46,75.26399940252304,graph,3571.8095521640353,21.399510373959856,4096,,,,,,,,,,,,,,,,,,,,
7fee5a338e8e,attention_cold,flash_attn_3,flash_attn_3,cold,ok,,,,2026-09-22T00:23:37+00:00,784,decode,,64,254.38399612903595,251.64158940315247,256.6591888666153,249.439999461174,255.39263904094696,50,10,False,262.4959945678711,,False,254.38399612903595,-8.111998438835144,6442450944.0,1075314688.0,1073741824.0,25.325692818867722,4227.1318336179775,3.9747499395161867,4070.143938064575,0.9884260590175461,0.03536903956067174,0e6e08559dbe6eaf,11630473a039827ea1d1ee5d1fe37f174e2b87b7,False,sha256:c2914767605584b6d8f45686b82de173ecc99e781897aa3d0a66dacd72c51ae1,c7e32b63b7c08a46,262.4959945678711,graph,4096.499414287124,24.543044760000086,4096,,,,,,,,,,,,,,,,,,,,
28b35c07dbed,attention_cold,flash_attn_3,flash_attn_3,cold,ok,,,,2026-09-22T00:23:37+00:00,784,decode,,256,1054.5600056648254,999.3248224258423,1062.6943945884705,997.759997844696,1033.6793529987335,50,10,False,1073.96799325943,,False,1054.5600056648254,-19.407987594604492,25769803776.0,4301258752.0,4294967296.0,24.436545703963017,4078.7235708681756,4.119375022128224,16872.960090637207,0.9537239016093454,0.034127285595351095,0e6e08559dbe6eaf,11630473a039827ea1d1ee5d1fe37f174e2b87b7,False,sha256:c2914767605584b6d8f45686b82de173ecc99e781897aa3d0a66dacd72c51ae1,c7e32b63b7c08a46,1073.96799325943,graph,4005.015772347118,23.994945787713984,4096,,,,,,,,,,,,,,,,,,,,
b528bc400f7f,attention_cold,flash_attn_3,flash_attn_3,cold,ok,,,,2026-09-22T00:23:37+00:00,784,decode,,1,42.79999993741512,41.4079986512661,51.05600096285343,39.68000039458275,44.44032020866871,100,10,False,38.704000413417816,,False,42.79999993741512,4.095999523997307,402653184.0,67133440.0,67108864.0,9.407784686653855,1568.5383200506255,42.79999993741512,684.799998998642,0.3667697652047624,0.013138606360756554,0e6e08559dbe6eaf,11630473a039827ea1d1ee5d1fe37f174e2b87b7,False,sha256:c2914767605584b6d8f45686b82de173ecc99e781897aa3d0a66dacd72c51ae1,c7e32b63b7c08a46,38.704000413417816,graph,1734.5349132625147,10.403399640839428,16384,,,,,,,,,,,,,,,,,,,,
244c5d2137c9,attention_cold,flash_attn_3,flash_attn_3,cold,ok,,,,2026-09-22T00:23:37+00:00,784,decode,,16,249.39200282096863,247.80159443616867,280.115208029747,247.0400035381317,257.7574414014816,50,10,False,248.46400320529938,,False,249.39200282096863,0.9279996156692505,6442450944.0,1074135040.0,1073741824.0,25.83262843686632,4307.014771324046,15.58700017631054,3990.272045135498,1.0071050073937489,0.036077009370459066,0e6e08559dbe6eaf,11630473a039827ea1d1ee5d1fe37f174e2b87b7,False,sha256:c2914767605584b6d8f45686b82de173ecc99e781897aa3d0a66dacd72c51ae1,c7e32b63b7c08a46,248.46400320529938,graph,4323.101238582517,25.92911190711505,16384,,,,,,,,,,,,,,,,,,,,
b0e921c7415a,attention_cold,flash_attn_3,flash_attn_3,cold,ok,,,,2026-09-22T00:23:37+00:00,784,decode,,64,999.7920095920563,945.6127941608429,1044.8479890823364,943.615972995758,996.3699150085449,50,10,False,1063.5199546813965,,False,999.7920095920563,-63.72794508934021,25769803776.0,4296540160.0,4294967296.0,25.775164763033878,4297.433985047661,15.62175014987588,15996.6721534729,1.0048647416073488,0.03599675747102961,0e6e08559dbe6eaf,11630473a039827ea1d1ee5d1fe37f174e2b87b7,False,sha256:c2914767605584b6d8f45686b82de173ecc99e781897aa3d0a66dacd72c51ae1,c7e32b63b7c08a46,1063.5199546813965,graph,4039.9243484689805,24.230672553501808,16384,,,,,,,,,,,,,,,,,,,,
24719cdf4cb5,attention_cold,flash_attn_3,flash_attn_3,cold,ok,,,,2026-09-22T00:23:38+00:00,784,decode,,256,4227.039813995361,4044.5728302001953,4302.374601364136,3803.2000064849854,4215.655689239502,50,10,False,4305.567979812622,,False,4227.039813995361,-78.52816581726074,103079215104.0,17186160640.0,17179869184.0,24.385674050836638,4065.7673918987275,16.51187427341938,67632.63702392578,0.9506943710853976,0.03405623989781333,0e6e08559dbe6eaf,11630473a039827ea1d1ee5d1fe37f174e2b87b7,False,sha256:c2914767605584b6d8f45686b82de173ecc99e781897aa3d0a66dacd72c51ae1,c7e32b63b7c08a46,4305.567979812622,graph,3991.6128883762135,23.94090990719556,16384,,,,,,,,,,,,,,,,,,,,
28754ce102d6,attention_cold,flash_attn_3,flash_attn_3,cold,ok,,,,2026-09-22T00:23:38+00:00,784,decode,,1,97.20000252127647,96.24960273504257,98.27200323343277,95.87199985980988,98.17151993513107,50,10,False,95.10400146245956,,False,97.20000252127647,2.09600105881691,1610612736.0,268460032.0,268435456.0,16.570089446730695,2761.93441395473,97.20000252127647,1555.2000403404236,0.6458203944194583,0.023141248429289354,0e6e08559dbe6eaf,11630473a039827ea1d1ee5d1fe37f174e2b87b7,False,sha256:c2914767605584b6d8f45686b82de173ecc99e781897aa3d0a66dacd72c51ae1,c7e32b63b7c08a46,95.10400146245956,graph,2822.804801814457,16.93527833984733,65536,,,,,,,,,,,,,,,,,,,,
433681ce3f63,attention_cold,flash_attn_3,flash_attn_3,cold,ok,,,,2026-09-22T00:23:38+00:00,784,decode,,16,952.0799815654755,946.0671842098236,1088.3071541786194,942.8160190582275,979.7452747821808,50,10,False,1025.8079767227173,,False,952.0799815654755,-73.72799515724182,25769803776.0,4295360512.0,4294967296.0,27.066847612558263,4511.554276078016,59.50499884784222,15233.279705047607,1.0549322776457697,0.037800679761780656,0e6e08559dbe6eaf,11630473a039827ea1d1ee5d1fe37f174e2b87b7,False,sha256:c2914767605584b6d8f45686b82de173ecc99e781897aa3d0a66dacd72c51ae1,c7e32b63b7c08a46,1025.8079767227173,graph,4187.29490262198,25.121469476509784,65536,,,,,,,,,,,,,,,,,,,,
e120bdc27c19,attention_cold,flash_attn_3,flash_attn_3,cold,ok,,,,2026-09-22T00:23:39+00:00,784,decode,,64,4290.112018585205,3986.0928297042847,4965.376043319702,3762.1119022369385,4328.86908531189,50,10,False,4191.280126571655,,False,4290.112018585205,98.8318920135498,103079215104.0,17181442048.0,17179869184.0,24.02716168189788,4004.8935723748546,67.03300029039383,68641.79229736328,0.9364603060271927,0.03355555317422888,0e6e08559dbe6eaf,11630473a039827ea1d1ee5d1fe37f174e2b87b7,False,sha256:c2914767605584b6d8f45686b82de173ecc99e781897aa3d0a66dacd72c51ae1,c7e32b63b7c08a46,4191.280126571655,graph,4099.330402440534,24.59373079134078,65536,,,,,,,,,,,,,,,,,,,,
d1a6a69823dd,attention_cold,flash_attn_3,flash_attn_3,cold,ok,,,,2026-09-22T00:23:41+00:00,784,decode,,256,16956.38370513916,16411.766815185547,18594.85092163086,16384.607315063477,17241.158294677734,50,10,False,17020.416259765625,,False,16956.38370513916,-64.03255462646484,412316860416.0,68725768192.0,68719476736.0,24.316320483537684,4053.0911181946485,66.23587384819984,271302.13928222656,0.9477302905330229,0.03395938295956432,0e6e08559dbe6eaf,11630473a039827ea1d1ee5d1fe37f174e2b87b7,False,sha256:c2914767605584b6d8f45686b82de173ecc99e781897aa3d0a66dacd72c51ae1,c7e32b63b7c08a46,17020.416259765625,graph,4037.842972998262,24.22483998764891,65536,,,,,,,,,,,,,,,,,,,,
08b8e72d9732,attention_cold,flash_attn_3,flash_attn_3,cold,ok,,,,2026-09-22T00:23:41+00:00,784,decode,,1,149.90399777889252,148.5855996608734,152.9983952641487,147.45600521564484,151.34848058223724,50,10,False,149.167999625206,,False,149.90399777889252,0.7359981536865234,3221225472.0,536895488.0,536870912.0,21.48858949546688,3581.5955275049946,149.90399777889252,2398.4639644622803,0.8374809425370213,0.030010265756756634,0e6e08559dbe6eaf,11630473a039827ea1d1ee5d1fe37f174e2b87b7,False,sha256:c2914767605584b6d8f45686b82de173ecc99e781897aa3d0a66dacd72c51ae1,c7e32b63b7c08a46,149.167999625206,graph,3599.26719771656,21.594614663289263,131072,,,,,,,,,,,,,,,,,,,,
36e35745c054,attention_cold,flash_attn_3,flash_attn_3,cold,ok,,,,2026-09-22T00:23:41+00:00,784,decode,,16,2192.367911338806,2182.883310317993,2206.0959339141846,1966.655969619751,2189.6780967712402,50,10,False,2059.888005256653,,False,2192.367911338806,132.47990608215332,51539607552.0,8590327808.0,8589934592.0,23.508648929515882,3918.2875116768937,137.02299445867538,35077.8865814209,0.9162092964461993,0.03283141511479349,0e6e08559dbe6eaf,11630473a039827ea1d1ee5d1fe37f174e2b87b7,False,sha256:c2914767605584b6d8f45686b82de173ecc99e781897aa3d0a66dacd72c51ae1,c7e32b63b7c08a46,2059.888005256653,graph,4170.288766223328,25.02058724575096,131072,,,,,,,,,,,,,,,,,,,,
2b3cfaf1c760,attention_cold,flash_attn_3,flash_attn_3,cold,ok,,,,2026-09-22T00:23:42+00:00,784,decode,,64,8578.927993774414,8300.18539428711,8817.200088500977,8291.55158996582,8547.585201263428,50,10,False,8362.607955932617,,False,8578.927993774414,216.32003784179688,206158430208.0,34361311232.0,34359738368.0,24.030791534514073,4005.3152628085277,134.04574990272522,137262.84790039062,0.9365589094845455,0.03356062250843031,0e6e08559dbe6eaf,11630473a039827ea1d1ee5d1fe37f174e2b87b7,False,sha256:c2914767605584b6d8f45686b82de173ecc99e781897aa3d0a66dacd72c51ae1,c7e32b63b7c08a46,8362.607955932617,graph,4108.92288782034,24.652408829203416,131072,,,,,,,,,,,,,,,,,,,,
255523f66d70,attention_cold,flash_attn_3,flash_attn_3,cold,ok,,,,2026-09-22T00:23:47+00:00,784,decode,,256,33430.288314819336,32835.92987060547,38352.40936279297,32762.718200683594,34718.298416137695,50,10,False,34576.032638549805,,False,33430.288314819336,-1145.7443237304688,824633720832.0,137445244928.0,137438953472.0,24.667263203543705,4111.398730206936,130.58706372976303,534884.6130371094,0.9613643018249542,0.0344494981574465,0e6e08559dbe6eaf,11630473a039827ea1d1ee5d1fe37f174e2b87b7,False,sha256:c2914767605584b6d8f45686b82de173ecc99e781897aa3d0a66dacd72c51ae1,c7e32b63b7c08a46,34576.032638549805,graph,3975.15950903975,23.849865294047426,131072,,,,,,,,,,,,,,,,,,,,
6c2391696e2b,attention_pages,flash_attn_3,flash_attn_3,warm,ok,,,,2026-09-22T01:12:13+00:00,16,warm,,1,79.76000010967255,78.84799689054489,80.4608017206192,78.3040001988411,80.6540796160698,50,10,False,79.45600152015686,,False,79.76000010967255,0.30399858951568604,22957522944.0,21102592.0,8519680.0,287.8325340074307,264.5761280213548,0.1557812502142042,1276.1600017547607,0.06186557453696476,0.4019775630608933,0e6e08559dbe6eaf,11630473a039827ea1d1ee5d1fe37f174e2b87b7,False,sha256:c2914767605584b6d8f45686b82de173ecc99e781897aa3d0a66dacd72c51ae1,c88d93a7d2b2d19d,79.45600152015686,graph,265.58839604641537,288.93378102063195,,512,1568,,,,,,,,,,,,,,,,,,
d5a3e205eb15,attention_pages,flash_attn_3,flash_attn_3,warm,ok,,,,2026-09-22T01:12:13+00:00,16,warm,,8,313.9840066432953,313.2448077201843,314.67519104480743,312.22400069236755,314.89984035491943,50,10,False,313.616007566452,,False,313.9840066432953,0.3679990768432617,183660183552.0,168820736.0,68157440.0,584.9348363805326,537.6730420278715,0.07665625162189826,5023.744106292725,0.1257235560398218,0.8169009833738903,0e6e08559dbe6eaf,11630473a039827ea1d1ee5d1fe37f174e2b87b7,False,sha256:c2914767605584b6d8f45686b82de173ecc99e781897aa3d0a66dacd72c51ae1,c88d93a7d2b2d19d,313.616007566452,graph,538.3039510960824,585.6212027477083,,512,1568,,,,,,,,,,,,,,,,,,
1292db888049,attention_pages,flash_attn_3,flash_attn_3,warm,ok,,,,2026-09-22T01:12:13+00:00,16,warm,,1,400.91200172901154,399.1999924182892,402.30719447135925,398.46399426460266,402.00127840042114,50,10,False,394.5759981870651,,False,400.91200172901154,6.336003541946411,200527577088.0,78905344.0,66322432.0,500.17853350158026,196.81462181153285,0.7830312533769757,6414.592027664185,0.046020968508024826,0.6985330851693993,0e6e08559dbe6eaf,11630473a039827ea1d1ee5d1fe37f174e2b87b7,False,sha256:c2914767605584b6d8f45686b82de173ecc99e781897aa3d0a66dacd72c51ae1,c88d93a7d2b2d19d,394.5759981870651,graph,199.97502220748777,508.21027637097075,,512,15680,,,,,,,,,,,,,,,,,,
f0de1170d640,attention_pages,flash_attn_3,flash_attn_3,warm,ok,,,,2026-09-22T01:12:14+00:00,16,warm,,8,2561.1519813537598,2341.3408994674683,2616.4543867111206,2340.5120372772217,2477.3504114151,50,10,False,2592.6880836486816,,False,2561.1519813537598,-31.536102294921875,1604220616704.0,631242752.0,530579456.0,626.3668178942079,246.46829106421916,0.6252812454476953,40978.431701660156,0.0576314369170943,0.8747635423062353,0e6e08559dbe6eaf,11630473a039827ea1d1ee5d1fe37f174e2b87b7,False,sha256:c2914767605584b6d8f45686b82de173ecc99e781897aa3d0a66dacd72c51ae1,c88d93a7d2b2d19d,2592.6880836486816,graph,243.4703796345815,618.7480194094098,,512,15680,,,,,,,,,,,,,,,,,,
b42bab0cb253,attention_pages,flash_attn_3,flash_attn_3,warm,ok,,,,2026-09-22T01:12:14+00:00,16,warm,,1,1554.3360114097595,1514.6912217140198,1715.3023719787598,1509.6960067749023,1572.6316809654236,50,10,False,1505.6480169296265,,False,1554.3360114097595,48.68799448013306,792427757568.0,271581184.0,258998272.0,509.8175373607151,174.72488702985137,3.0358125222846866,24869.376182556152,0.04085574765511554,0.7119946047123206,0e6e08559dbe6eaf,11630473a039827ea1d1ee5d1fe37f174e2b87b7,False,sha256:c2914767605584b6d8f45686b82de173ecc99e781897aa3d0a66dacd72c51ae1,c88d93a7d2b2d19d,1505.6480169296265,graph,180.37494882357595,526.3034578187459,,512,62720,,,,,,,,,,,,,,,,,,
10e19eabfea6,attention_pages,flash_attn_3,flash_attn_3,warm,ok,,,,2026-09-22T01:12:15+00:00,16,warm,,8,10098.143577575684,9976.172733306885,11293.72787475586,9960.831642150879,10397.754249572754,50,10,False,10130.080223083496,,False,10098.143577575684,-31.9366455078125,6339422060544.0,2172649472.0,2071986176.0,627.7809393225066,215.15335519933254,2.4653670843690634,161570.29724121094,0.05030909641208454,0.876738458337114,0e6e08559dbe6eaf,11630473a039827ea1d1ee5d1fe37f174e2b87b7,False,sha256:c2914767605584b6d8f45686b82de173ecc99e781897aa3d0a66dacd72c51ae1,c88d93a7d2b2d19d,10130.080223083496,graph,214.47505095262386,625.8017627637645,,512,62720,,,,,,,,,,,,,,,,,,
1e3e704bc3d0,attention_pages,flash_attn_3,flash_attn_3,warm,ok,,,,2026-09-22T01:12:15+00:00,64,warm,,1,106.08000308275223,105.5263988673687,107.07840323448181,105.15200346708298,106.95616006851196,50,10,False,105.31199723482132,,False,106.08000308275223,0.7680058479309082,22957522944.0,21102592.0,8519680.0,216.4170652039952,198.930914279273,0.20718750602100044,1697.2800493240356,0.04651581908424321,0.30224104017805914,0e6e08559dbe6eaf,11630473a039827ea1d1ee5d1fe37f174e2b87b7,False,sha256:c2914767605584b6d8f45686b82de173ecc99e781897aa3d0a66dacd72c51ae1,c88d93a7d2b2d19d,105.31199723482132,graph,200.38165217725495,217.9953238642892,,512,1568,,,,,,,,,,,,,,,,,,
55464a43890c,attention_pages,flash_attn_3,flash_attn_3,warm,ok,,,,2026-09-22T01:12:15+00:00,64,warm,,8,350.20801424980164,349.17760491371155,351.15519762039185,348.4799861907959,351.1840009689331,50,10,False,349.7920036315918,,False,350.20801424980164,0.41601061820983887,183660183552.0,168820736.0,68157440.0,524.4316979593623,482.05845991742785,0.08550000347895548,5603.328227996826,0.11271925326834087,0.7324042664758272,0e6e08559dbe6eaf,11630473a039827ea1d1ee5d1fe37f174e2b87b7,False,sha256:c2914767605584b6d8f45686b82de173ecc99e781897aa3d0a66dacd72c51ae1,c88d93a7d2b2d19d,349.7920036315918,graph,482.6317761620574,525.0554090579918,,512,1568,,,,,,,,,,,,,,,,,,
5299c21a6638,attention_pages,flash_attn_3,flash_attn_3,warm,ok,,,,2026-09-22T01:12:15+00:00,64,warm,,1,417.9360121488571,414.6815925836563,436.2944006919861,413.6640131473541,424.7142404317856,50,10,False,404.9919992685318,,False,417.9360121488571,12.944012880325317,200527577088.0,78905344.0,66322432.0,479.80449460904003,188.79766688278616,0.8162812737282366,6686.976194381714,0.04414637186012229,0.6700793645642097,0e6e08559dbe6eaf,11630473a039827ea1d1ee5d1fe37f174e2b87b7,False,sha256:c2914767605584b6d8f45686b82de173ecc99e781897aa3d0a66dacd72c51ae1,c88d93a7d2b2d19d,404.9919992685318,graph,194.83185875897132,495.1396013999755,,512,15680,,,,,,,,,,,,,,,,,,
729b1db807f2,attention_pages,flash_attn_3,flash_attn_3,warm,ok,,,,2026-09-22T01:12:16+00:00,64,warm,,8,2757.2320699691772,2249.9584197998047,2790.5728101730347,2246.527910232544,2573.7651205062866,50,10,False,2645.4079151153564,,False,2757.2320699691772,111.8241548538208,1604220616704.0,631242752.0,530579456.0,581.8228484198406,228.94074056198562,0.6731523608323187,44115.713119506836,0.053532987105481586,0.8125548821208557,0e6e08559dbe6eaf,11630473a039827ea1d1ee5d1fe37f174e2b87b7,False,sha256:c2914767605584b6d8f45686b82de173ecc99e781897aa3d0a66dacd72c51ae1,c88d93a7d2b2d19d,2645.4079151153564,graph,238.61830472087098,606.417107750298,,512,15680,,,,,,,,,,,,,,,,,,
d18e8c7b164c,attention_pages,flash_attn_3,flash_attn_3,warm,ok,,,,2026-09-22T01:12:16+00:00,64,warm,,1,1525.0880122184753,1503.2480239868164,1649.398386478424,1495.743989944458,1560.4825639724731,50,10,False,1495.4400062561035,,False,1525.0880122184753,29.648005962371826,792427757568.0,271581184.0,258998272.0,519.5947717242179,178.0757450220485,2.9786875238642097,24401.408195495605,0.04163927546780741,0.7256491724854501,0e6e08559dbe6eaf,11630473a039827ea1d1ee5d1fe37f174e2b87b7,False,sha256:c2914767605584b6d8f45686b82de173ecc99e781897aa3d0a66dacd72c51ae1,c88d93a7d2b2d19d,1495.4400062561035,graph,181.60620477174126,529.8960535045976,,512,62720,,,,,,,,,,,,,,,,,,
66124d289e8e,attention_pages,flash_attn_3,flash_attn_3,warm,ok,,,,2026-09-22T01:12:17+00:00,64,warm,,8,10341.15219116211,10047.15166091919,10740.025520324707,10040.672302246094,10344.803886413574,50,10,False,10162.847995758057,,False,10341.15219116211,178.30419540405273,6339422060544.0,2172649472.0,2071986176.0,613.028601006557,210.09742742755668,2.524695359170437,165458.43505859375,0.0491268738179393,0.8561358220640991,0e6e08559dbe6eaf,11630473a039827ea1d1ee5d1fe37f174e2b87b7,False,sha256:c2914767605584b6d8f45686b82de173ecc99e781897aa3d0a66dacd72c51ae1,c88d93a7d2b2d19d,10162.847995758057,graph,213.78352533727332,623.7840084974267,,512,62720,,,,,,,,,,,,,,,,,,
27c14268a39c,attention_pages,flash_attn_3,flash_attn_3,warm,ok,,,,2026-09-22T01:12:17+00:00,256,warm,,1,105.04000261425972,104.1824035346508,106.24639689922333,103.67999970912933,105.82207918167114,50,10,False,92.8799994289875,,False,105.04000261425972,12.160003185272217,22957522944.0,21102592.0,8519680.0,218.55980933575682,200.9005281301775,0.20515625510597602,1680.6400418281555,0.0469763719444481,0.3052335269979345,0e6e08559dbe6eaf,11630473a039827ea1d1ee5d1fe37f174e2b87b7,False,sha256:c2914767605584b6d8f45686b82de173ecc99e781897aa3d0a66dacd72c51ae1,c88d93a7d2b2d19d,92.8799994289875,graph,227.20275764142565,247.17402115783221,,512,1568,,,,,,,,,,,,,,,,,,
3f8b4a442335,attention_pages,flash_attn_3,flash_attn_3,warm,ok,,,,2026-09-22T01:12:17+00:00,256,warm,,8,332.94399082660675,331.31520450115204,363.99999260902405,330.87998628616333,344.94015872478485,50,10,False,330.7359963655472,,False,332.94399082660675,2.2079944610595703,183660183552.0,168820736.0,68157440.0,551.6248636775908,507.0544615653383,0.08128515401040204,5327.103853225708,0.1185640436303424,0.7703813579989223,0e6e08559dbe6eaf,11630473a039827ea1d1ee5d1fe37f174e2b87b7,False,sha256:c2914767605584b6d8f45686b82de173ecc99e781897aa3d0a66dacd72c51ae1,c88d93a7d2b2d19d,330.7359963655472,graph,510.4395586061647,555.3075128508508,,512,1568,,,,,,,,,,,,,,,,,,
721cef2dca37,attention_pages,flash_attn_3,flash_attn_3,warm,ok,,,,2026-09-22T01:12:17+00:00,256,warm,,1,425.1039922237396,421.615993976593,426.8287867307663,416.51201248168945,425.64095854759216,50,10,False,415.96800088882446,,False,425.1039922237396,9.135991334915161,200527577088.0,78905344.0,66322432.0,471.7141705469067,185.614215447007,0.8302812348119915,6801.663875579834,0.043401988557071204,0.6587806808970419,0e6e08559dbe6eaf,11630473a039827ea1d1ee5d1fe37f174e2b87b7,False,sha256:c2914767605584b6d8f45686b82de173ecc99e781897aa3d0a66dacd72c51ae1,c88d93a7d2b2d19d,415.96800088882446,graph,189.6908988946219,482.07452654896616,,512,15680,,,,,,,,,,,,,,,,,,
bbd1a49fc556,attention_pages,flash_attn_3,flash_attn_3,warm,ok,,,,2026-09-22T01:12:18+00:00,256,warm,,8,2645.3120708465576,2340.04487991333,2664.52157497406,2256.959915161133,2587.294087409973,50,10,False,2663.151979446411,,False,2645.3120708465576,-17.839908599853516,1604220616704.0,631242752.0,530579456.0,606.4390792994849,238.62695027811537,0.6458281422965229,42324.99313354492,0.05579790395060803,0.8469331101931842,0e6e08559dbe6eaf,11630473a039827ea1d1ee5d1fe37f174e2b87b7,False,sha256:c2914767605584b6d8f45686b82de173ecc99e781897aa3d0a66dacd72c51ae1,c88d93a7d2b2d19d,2663.151979446411,graph,237.0284373072904,602.3766683557689,,512,15680,,,,,,,,,,,,,,,,,,
659be18d2287,attention_pages,flash_attn_3,flash_attn_3,warm,ok,,,,2026-09-22T01:12:18+00:00,256,warm,,1,1592.0159816741943,1539.2447710037231,1674.9343752861023,1532.4480533599854,1601.979513168335,50,10,False,1492.6559925079346,,False,1592.0159816741943,99.35998916625977,792427757568.0,271581184.0,258998272.0,497.75113233139024,170.5894834764159,3.109406214207411,25472.25570678711,0.03988877032919882,0.695143055580392,0e6e08559dbe6eaf,11630473a039827ea1d1ee5d1fe37f174e2b87b7,False,sha256:c2914767605584b6d8f45686b82de173ecc99e781897aa3d0a66dacd72c51ae1,c88d93a7d2b2d19d,1492.6559925079346,graph,181.94492593279583,530.8843843091915,,512,62720,,,,,,,,,,,,,,,,,,
758e38de845e,attention_pages,flash_attn_3,flash_attn_3,warm,ok,,,,2026-09-22T01:12:19+00:00,256,warm,,8,10236.047744750977,10049.027156829834,10732.06377029419,10038.911819458008,10323.802871704102,50,10,False,10250.175952911377,,False,10236.047744750977,-14.12820816040039,6339422060544.0,2172649472.0,2071986176.0,619.3232210933016,212.25472234770788,2.499035093933344,163776.76391601562,0.04963131195708259,0.8649266839157286,0e6e08559dbe6eaf,11630473a039827ea1d1ee5d1fe37f174e2b87b7,False,sha256:c2914767605584b6d8f45686b82de173ecc99e781897aa3d0a66dacd72c51ae1,c88d93a7d2b2d19d,10250.175952911377,graph,211.96216357465534,618.4695842946386,,512,62720,,,,,,,,,,,,,,,,,,
0dba3eeba4ff,attention_pages,flash_attn_3,flash_attn_3,warm,ok,,,,2026-09-22T01:12:19+00:00,784,warm,,1,101.74399986863136,100.91840103268623,102.65599936246872,100.54399818181992,102.56256014108658,50,10,False,90.79999849200249,,False,101.74399986863136,10.944001376628876,22957522944.0,21102592.0,8519680.0,225.6400669684898,207.40871232944448,0.19871874974342063,1627.9039978981018,0.04849817422378129,0.3151215847147728,0e6e08559dbe6eaf,11630473a039827ea1d1ee5d1fe37f174e2b87b7,False,sha256:c2914767605584b6d8f45686b82de173ecc99e781897aa3d0a66dacd72c51ae1,c88d93a7d2b2d19d,90.79999849200249,graph,232.40740474085672,252.8361599700033,,512,1568,,,,,,,,,,,,,,,,,,
958bcfaa0f6c,attention_pages,flash_attn_3,flash_attn_3,warm,ok,,,,2026-09-22T01:12:19+00:00,784,warm,,8,352.7679890394211,351.785609126091,353.8271903991699,350.3679931163788,353.77215802669525,50,10,False,351.9040048122406,,False,352.7679890394211,0.863984227180481,183660183552.0,168820736.0,68157440.0,520.6259900511449,478.56024708958114,0.08612499732407741,5644.287824630737,0.11190126962005856,0.7270893384884743,0e6e08559dbe6eaf,11630473a039827ea1d1ee5d1fe37f174e2b87b7,False,sha256:c2914767605584b6d8f45686b82de173ecc99e781897aa3d0a66dacd72c51ae1,c88d93a7d2b2d19d,351.9040048122406,graph,479.73519394891457,521.9042154691942,,512,1568,,,,,,,,,,,,,,,,,,
4edf8a1d2352,attention_pages,flash_attn_3,flash_attn_3,warm,ok,,,,2026-09-22T01:12:19+00:00,784,warm,,1,416.23999178409576,414.7488057613373,419.01120245456696,413.34399580955505,417.6844799518585,50,10,False,422.67198860645294,,False,416.23999178409576,-6.431996822357178,200527577088.0,78905344.0,66322432.0,481.7595162552615,189.5669458905052,0.812968733953312,6659.839868545532,0.04432625161022553,0.6728096842613538,0e6e08559dbe6eaf,11630473a039827ea1d1ee5d1fe37f174e2b87b7,False,sha256:c2914767605584b6d8f45686b82de173ecc99e781897aa3d0a66dacd72c51ae1,c88d93a7d2b2d19d,422.67198860645294,graph,186.6822172440394,474.42835696100474,,512,15680,,,,,,,,,,,,,,,,,,
3f3a397ccb0f,attention_pages,flash_attn_3,flash_attn_3,warm,ok,,,,2026-09-22T01:12:19+00:00,784,warm,,8,2661.1039638519287,2505.7759046554565,2679.308819770813,2279.711961746216,2601.435513496399,50,10,False,2645.7440853118896,,False,2661.1039638519287,15.359878540039062,1604220616704.0,631242752.0,530579456.0,602.8402642269949,237.2108570633523,0.6496835849247873,42577.66342163086,0.0554667802737125,0.8419071220166392,0e6e08559dbe6eaf,11630473a039827ea1d1ee5d1fe37f174e2b87b7,False,sha256:c2914767605584b6d8f45686b82de173ecc99e781897aa3d0a66dacd72c51ae1,c88d93a7d2b2d19d,2645.7440853118896,graph,238.5879857029282,606.340055944938,,512,15680,,,,,,,,,,,,,,,,,,
b589042d49c6,attention_pages,flash_attn_3,flash_attn_3,warm,ok,,,,2026-09-22T01:12:20+00:00,784,warm,,1,1609.8719835281372,1599.564790725708,1672.368037700653,1595.8080291748047,1629.1635179519653,50,10,False,1493.3760166168213,,False,1609.8719835281372,116.49596691131592,792427757568.0,271581184.0,258998272.0,492.2302926418684,168.69737890885742,3.144281217828393,25757.951736450195,0.03944634138811698,0.6874328302853371,0e6e08559dbe6eaf,11630473a039827ea1d1ee5d1fe37f174e2b87b7,False,sha256:c2914767605584b6d8f45686b82de173ecc99e781897aa3d0a66dacd72c51ae1,c88d93a7d2b2d19d,1493.3760166168213,graph,181.85720205635513,530.6284209406355,,512,62720,,,,,,,,,,,,,,,,,,
02e1562ff146,attention_pages,flash_attn_3,flash_attn_3,warm,ok,,,,2026-09-22T01:12:21+00:00,784,warm,,8,10253.31163406372,10093.033695220947,10568.611145019531,10043.295860290527,10304.90047454834,50,10,False,10244.560241699219,,False,10253.31163406372,8.751392364501953,6339422060544.0,2172649472.0,2071986176.0,618.2804431187936,211.89734102901818,2.503249910660088,164052.98614501953,0.0495477458365302,0.8634703740845562,0e6e08559dbe6eaf,11630473a039827ea1d1ee5d1fe37f174e2b87b7,False,sha256:c2914767605584b6d8f45686b82de173ecc99e781897aa3d0a66dacd72c51ae1,c88d93a7d2b2d19d,10244.560241699219,graph,212.07835385227165,618.808607785834,,512,62720,,,,,,,,,,,,,,,,,,
8f1d32fe66fb,attention_pages,flash_attn_3,flash_attn_3,warm,ok,,,,2026-09-22T01:12:21+00:00,16,decode,,64,1016.1280035972595,946.6559886932373,1056.566345691681,943.8719749450684,1011.5654420852661,50,10,False,1062.4639987945557,,False,1016.1280035972595,-46.33599519729614,25769803776.0,4296540160.0,4294967296.0,25.360784945174895,4228.345390334234,15.87700005620718,16258.048057556152,0.988709823785161,0.03541804808385425,0e6e08559dbe6eaf,11630473a039827ea1d1ee5d1fe37f174e2b87b7,False,sha256:c2914767605584b6d8f45686b82de173ecc99e781897aa3d0a66dacd72c51ae1,c88d93a7d2b2d19d,1062.4639987945557,graph,4043.9395263037095,24.25475480132763,16384,,,,,,,,,,,,,,,,,,,,
9bd1ef88126e,attention_pages,flash_attn_3,flash_attn_3,warm,ok,,,,2026-09-22T01:12:21+00:00,64,decode,,64,1001.8240213394165,952.7488231658936,1036.3199710845947,949.6960043907166,1007.188481092453,50,10,False,1066.2400126457214,,False,1001.8240213394165,-64.41599130630493,25769803776.0,4296540160.0,4294967296.0,25.722884685422443,4288.717447856382,15.653500333428383,16029.184341430664,1.0028265623303894,0.03592374481362676,0e6e08559dbe6eaf,11630473a039827ea1d1ee5d1fe37f174e2b87b7,False,sha256:c2914767605584b6d8f45686b82de173ecc99e781897aa3d0a66dacd72c51ae1,c88d93a7d2b2d19d,1066.2400126457214,graph,4029.618199507213,24.168858296788105,16384,,,,,,,,,,,,,,,,,,,,
f082407928f5,attention_pages,flash_attn_3,flash_attn_3,warm,ok,,,,2026-09-22T01:12:21+00:00,256,decode,,64,970.656007528305,959.4559907913208,1022.9023575782776,957.1200013160706,987.5750362873077,50,10,False,1085.6639742851257,,False,970.656007528305,-115.00796675682068,25769803776.0,4296540160.0,4294967296.0,26.54885312214846,4426.429267089979,15.166500117629766,15530.49612045288,1.0350275809223972,0.03707726549017324,0e6e08559dbe6eaf,11630473a039827ea1d1ee5d1fe37f174e2b87b7,False,sha256:c2914767605584b6d8f45686b82de173ecc99e781897aa3d0a66dacd72c51ae1,c88d93a7d2b2d19d,1085.6639742851257,graph,3957.523010588181,23.736445517563183,16384,,,,,,,,,,,,,,,,,,,,
5490a29b5833,attention_pages,flash_attn_3,flash_attn_3,warm,ok,,,,2026-09-22T01:12:21+00:00,784,decode,,64,1053.1840324401855,1012.3648524284363,1109.6351981163025,1011.072039604187,1046.52672290802,50,10,False,1064.7199749946594,,False,1053.1840324401855,-11.535942554473877,25769803776.0,4296540160.0,4294967296.0,24.46847177913663,4079.5720668543436,16.4560005068779,16850.94451904297,0.9539223045872299,0.03417187251441028,0e6e08559dbe6eaf,11630473a039827ea1d1ee5d1fe37f174e2b87b7,False,sha256:c2914767605584b6d8f45686b82de173ecc99e781897aa3d0a66dacd72c51ae1,c88d93a7d2b2d19d,1064.7199749946594,graph,4035.3710467595492,24.20336274439602,16384,,,,,,,,,,,,,,,,,,,,
c80f1d5aea0a,attention_ragged,flash_attn_3,flash_attn_3,ragged,ok,,,,2026-09-22T01:12:04+00:00,784,ragged,,,101.27999633550644,100.79040005803108,101.75999999046326,100.28800368309021,102.34048008918762,50,10,False,100.97600147128105,,False,101.27999633550644,0.3039948642253876,25820135424.0,117440512.0,16777216.0,254.93815519568747,1159.562759174667,0.024726561605348252,1620.479941368103,0.2711394139920996,0.35603834260847195,0e6e08559dbe6eaf,11630473a039827ea1d1ee5d1fe37f174e2b87b7,False,sha256:c2914767605584b6d8f45686b82de173ecc99e781897aa3d0a66dacd72c51ae1,9aff75325ea627f4,100.97600147128105,graph,1163.0536987880403,255.70566320497053,,,,uniform,4096,8,7,0.0,1.0,"[512, 512, 512, 512, 512, 512, 512, 512]",,,,,,,,,,,
ebfffe854abf,attention_ragged,flash_attn_3,flash_attn_3,ragged,ok,,,,2026-09-22T01:12:04+00:00,784,ragged,,,61.24800071120262,60.32000109553337,62.67840042710304,60.15999987721443,62.0691204816103,50,10,False,60.19200012087822,,False,61.24800071120262,1.0560005903244019,6492782592.0,117440512.0,16777216.0,106.00807400415981,1917.4587029176193,0.014953125173633453,979.968011379242,0.448357473495595,0.14804743112142735,0e6e08559dbe6eaf,11630473a039827ea1d1ee5d1fe37f174e2b87b7,False,sha256:c2914767605584b6d8f45686b82de173ecc99e781897aa3d0a66dacd72c51ae1,9aff75325ea627f4,60.19200012087822,graph,1951.0983480222408,107.86786581208673,,,,uniform,4096,32,7,0.0,1.0,"[128, 128, 128, 128, 128, 128, 128, 128, 128, 128, 128, 128, 128, 128, 128, 128, 128, 128, 128, 128, 128, 128, 128, 128, 128, 128, 128, 128, 128, 128, 128, 128]",,,,,,,,,,,
f714c9d11c7a,attention_ragged,flash_attn_3,flash_attn_3,ragged,ok,,,,2026-09-22T01:12:04+00:00,784,ragged,,,66.99199974536896,66.13759696483612,68.48319992423058,65.15199691057205,67.83360004425049,50,10,False,65.72800129652023,,False,66.99199974536896,1.2639984488487244,1660944384.0,117440512.0,16777216.0,24.79317515991629,1753.0527890849903,0.016355468687834218,1071.8719959259033,0.4099146011450352,0.03462534270385061,0e6e08559dbe6eaf,11630473a039827ea1d1ee5d1fe37f174e2b87b7,False,sha256:c2914767605584b6d8f45686b82de173ecc99e781897aa3d0a66dacd72c51ae1,9aff75325ea627f4,65.72800129652023,graph,1786.7653006849841,25.269966395401923,,,,uniform,4096,128,7,0.0,1.0,"[32, 32, 32, 32, 32, 32, 32, 32, 32, 32, 32, 32, 32, 32, 32, 32, 32, 32, 32, 32, 32, 32, 32, 32, 32, 32, 32, 32, 32, 32, 32, 32, 32, 32, 32, 32, 32, 32, 32, 32, 32, 32, 32, 32, 32, 32, 32, 32, 32, 32, 32, 32, 32, 32, 32, 32, 32, 32, 32, 32, 32, 32, 32, 32, 32, 32, 32, 32, 32, 32, 32, 32, 32, 32, 32, 32, 32, 32, 32, 32, 32, 32, 32, 32, 32, 32, 32, 32, 32, 32, 32, 32, 32, 32, 32, 32, 32, 32, 32, 32, 32, 32, 32, 32, 32, 32, 32, 32, 32, 32, 32, 32, 32, 32, 32, 32, 32, 32, 32, 32, 32, 32, 32, 32, 32, 32, 32, 32]",,,,,,,,,,,
69011ff26b24,attention_ragged,flash_attn_3,flash_attn_3,ragged,ok,,,,2026-09-22T01:12:04+00:00,784,ragged,,,686.3359808921814,684.6399962902069,688.5024189949036,682.4960112571716,687.2288000583649,50,10,False,684.0800046920776,,False,686.3359808921814,2.2559762001037598,412518187008.0,469762048.0,67108864.0,601.0440928242749,684.4491052171668,0.041890623833751306,10981.375694274902,0.16004405783787778,0.8393986474072804,0e6e08559dbe6eaf,11630473a039827ea1d1ee5d1fe37f174e2b87b7,False,sha256:c2914767605584b6d8f45686b82de173ecc99e781897aa3d0a66dacd72c51ae1,9aff75325ea627f4,684.0800046920776,graph,686.7062986462413,603.0262311112065,,,,uniform,16384,8,7,0.0,1.0,"[2048, 2048, 2048, 2048, 2048, 2048, 2048, 2048]",,,,,,,,,,,
f827255e8e74,attention_ragged,flash_attn_3,flash_attn_3,ragged,ok,,,,2026-09-22T01:12:04+00:00,784,ragged,,,445.0719952583313,410.7840061187744,445.8079904317856,410.3040099143982,437.6761585474014,50,10,False,387.60000467300415,,False,445.0719952583313,57.47199058532715,103280541696.0,469762048.0,67108864.0,232.05356166265486,1055.474289563732,0.02716503877309151,7121.151924133301,0.24680051001269704,0.32407846297995835,0e6e08559dbe6eaf,11630473a039827ea1d1ee5d1fe37f174e2b87b7,False,sha256:c2914767605584b6d8f45686b82de173ecc99e781897aa3d0a66dacd72c51ae1,9aff75325ea627f4,387.60000467300415,graph,1211.9763734170006,266.4616626698234,,,,uniform,16384,32,7,0.0,1.0,"[512, 512, 512, 512, 512, 512, 512, 512, 512, 512, 512, 512, 512, 512, 512, 512, 512, 512, 512, 512, 512, 512, 512, 512, 512, 512, 512, 512, 512, 512, 512, 512]",,,,,,,,,,,
8526807b635f,attention_ragged,flash_attn_3,flash_attn_3,ragged,ok,,,,2026-09-22T01:12:04+00:00,784,ragged,,,203.67999374866486,202.03520357608795,208.76160264015198,201.47199928760529,206.06271892786026,50,10,False,199.08799976110458,,False,203.67999374866486,4.591993987560272,25971130368.0,469762048.0,67108864.0,127.50948136834496,2306.37304800624,0.012431640243448783,3258.8798999786377,0.5392969304470283,0.17807559789708297,0e6e08559dbe6eaf,11630473a039827ea1d1ee5d1fe37f174e2b87b7,False,sha256:c2914767605584b6d8f45686b82de173ecc99e781897aa3d0a66dacd72c51ae1,9aff75325ea627f4,199.08799976110458,graph,2359.5698814779917,130.450506304569,,,,uniform,16384,128,7,0.0,1.0,"[128, 128, 128, 128, 128, 128, 128, 128, 128, 128, 128, 128, 128, 128, 128, 128, 128, 128, 128, 128, 128, 128, 128, 128, 128, 128, 128, 128, 128, 128, 128, 128, 128, 128, 128, 128, 128, 128, 128, 128, 128, 128, 128, 128, 128, 128, 128, 128, 128, 128, 128, 128, 128, 128, 128, 128, 128, 128, 128, 128, 128, 128, 128, 128, 128, 128, 128, 128, 128, 128, 128, 128, 128, 128, 128, 128, 128, 128, 128, 128, 128, 128, 128, 128, 128, 128, 128, 128, 128, 128, 128, 128, 128, 128, 128, 128, 128, 128, 128, 128, 128, 128, 128, 128, 128, 128, 128, 128, 128, 128, 128, 128, 128, 128, 128, 128, 128, 128, 128, 128, 128, 128, 128, 128, 128, 128, 128, 128]",,,,,,,,,,,
830aeb87db4b,attention_ragged,flash_attn_3,flash_attn_3,ragged,ok,,,,2026-09-22T01:12:04+00:00,784,ragged,,,105.66399991512299,104.98880222439766,106.40639811754227,104.5759990811348,106.64064034819603,50,10,False,104.72000017762184,,False,105.66399991512299,0.9439997375011444,25881722880.0,117440512.0,16777216.0,244.94362224400064,1111.4524539515517,0.025796874979278073,1690.6239986419678,0.2598898288687716,0.342080302688818,0e6e08559dbe6eaf,11630473a039827ea1d1ee5d1fe37f174e2b87b7,False,sha256:c2914767605584b6d8f45686b82de173ecc99e781897aa3d0a66dacd72c51ae1,9aff75325ea627f4,104.72000017762184,graph,1121.4716558518157,247.15166955787305,,,,jitter,4096,8,7,0.048886683635874326,1.07421875,"[511, 490, 550, 481, 536, 516, 479, 533]",,,,,,,,,,,
2f5a3ae5a23c,attention_ragged,flash_attn_3,flash_attn_3,ragged,ok,,,,2026-09-22T01:12:04+00:00,784,ragged,,,64.7360011935234,63.6960007250309,65.63520058989525,63.1679967045784,65.41312023997307,50,10,False,63.58399987220764,,False,64.7360011935234,1.1520013213157654,6519496704.0,117440512.0,16777216.0,100.7089808422126,1814.1452952727252,0.01580468779138755,1035.7760190963745,0.4241998014897248,0.14064688982050133,0e6e08559dbe6eaf,11630473a039827ea1d1ee5d1fe37f174e2b87b7,False,sha256:c2914767605584b6d8f45686b82de173ecc99e781897aa3d0a66dacd72c51ae1,9aff75325ea627f4,63.58399987220764,graph,1847.0135920362704,102.53360463486113,,,,jitter,4096,32,7,0.06439391219466616,1.140625,"[126, 121, 135, 118, 132, 127, 118, 131, 117, 129, 118, 119, 129, 140, 120, 123, 135, 144, 133, 128, 146, 118, 141, 125, 121, 120, 125, 140, 122, 133, 135, 127]",,,,,,,,,,,
cbb89bf01810,attention_ragged,flash_attn_3,flash_attn_3,ragged,ok,,,,2026-09-22T01:12:04+00:00,784,ragged,,,67.07200035452843,66.13759696483612,68.33599880337715,65.5680000782013,67.82208025455475,50,10,False,65.40799885988235,,False,67.07200035452843,1.6640014946460724,1667432448.0,117440512.0,16777216.0,24.86033574645611,1750.9618228058544,0.016375000086554792,1073.1520056724548,0.4094256725664685,0.034719136996438534,0e6e08559dbe6eaf,11630473a039827ea1d1ee5d1fe37f174e2b87b7,False,sha256:c2914767605584b6d8f45686b82de173ecc99e781897aa3d0a66dacd72c51ae1,9aff75325ea627f4,65.40799885988235,graph,1795.506880612296,25.492791051014873,,,,jitter,4096,128,7,0.06346905003621844,1.125,"[31, 30, 33, 29, 33, 31, 29, 32, 29, 32, 29, 29, 32, 35, 30, 30, 33, 35, 33, 32, 35, 29, 35, 31, 30, 30, 31, 35, 30, 33, 33, 31, 33, 29, 29, 30, 34, 32, 31, 33, 32, 31, 34, 34, 30, 33, 32, 35, 34, 31, 35, 30, 32, 34, 30, 32, 29, 33, 34, 33, 35, 31, 34, 33, 33, 32, 35, 35, 32, 33, 29, 34, 33, 35, 35, 31, 31, 33, 29, 32, 30, 30, 29, 34, 30, 30, 31, 35, 29, 32, 33, 35, 35, 35, 31, 32, 31, 35, 35, 30, 30, 30, 30, 32, 33, 31, 29, 32, 31, 33, 36, 34, 32, 33, 34, 29, 35, 34, 35, 34, 31, 32, 29, 33, 29, 29, 30, 30]",,,,,,,,,,,
3724d926719d,attention_ragged,flash_attn_3,flash_attn_3,ragged,ok,,,,2026-09-22T01:12:04+00:00,784,ragged,,,685.0239932537079,683.0783784389496,724.3551969528198,682.3040246963501,696.1824011802673,50,10,False,787.7279818058014,,False,685.0239932537079,-102.7039885520935,413477953536.0,469762048.0,67108864.0,603.5963084622392,685.759991805159,0.04181054646323901,10960.383892059326,0.16035058115321027,0.8429629888257815,0e6e08559dbe6eaf,11630473a039827ea1d1ee5d1fe37f174e2b87b7,False,sha256:c2914767605584b6d8f45686b82de173ecc99e781897aa3d0a66dacd72c51ae1,9aff75325ea627f4,787.7279818058014,graph,596.3505916383841,524.8994108196282,,,,jitter,16384,8,7,0.04824665990940026,1.0732421875,"[2044, 1962, 2198, 1925, 2144, 2063, 1918, 2130]",,,,,,,,,,,
505deb18d0c3,attention_ragged,flash_attn_3,flash_attn_3,ragged,ok,,,,2026-09-22T01:12:04+00:00,784,ragged,,,347.2000062465668,332.4128061532974,348.2591927051544,330.6559920310974,345.4150414466858,50,10,False,330.4480016231537,,False,347.2000062465668,16.752004623413086,103702659072.0,469762048.0,67108864.0,298.6827684512043,1353.0012659803779,0.02119140663126018,5555.200099945068,0.31637094886489797,0.41713064787595067,0e6e08559dbe6eaf,11630473a039827ea1d1ee5d1fe37f174e2b87b7,False,sha256:c2914767605584b6d8f45686b82de173ecc99e781897aa3d0a66dacd72c51ae1,9aff75325ea627f4,330.4480016231537,graph,1421.5914325174872,313.8244400408376,,,,jitter,16384,32,7,0.0639927926773667,1.12890625,"[503, 483, 541, 474, 528, 508, 472, 525, 470, 516, 474, 476, 515, 562, 480, 492, 539, 576, 533, 512, 578, 471, 565, 499, 482, 479, 501, 561, 487, 533, 540, 509]",,,,,,,,,,,
9c8057af009e,attention_ragged,flash_attn_3,flash_attn_3,ragged,ok,,,,2026-09-22T01:12:04+00:00,784,ragged,,,228.2240018248558,227.38880217075348,229.5455977320671,226.49599611759186,229.11871999502182,50,10,False,217.56799519062042,,False,228.2240018248558,10.656006634235382,26076094464.0,469762048.0,67108864.0,114.25658237301165,2058.3376167442107,0.01392968761138036,3651.584029197693,0.481299050686271,0.15956702985071086,0e6e08559dbe6eaf,11630473a039827ea1d1ee5d1fe37f174e2b87b7,False,sha256:c2914767605584b6d8f45686b82de173ecc99e781897aa3d0a66dacd72c51ae1,9aff75325ea627f4,217.56799519062042,graph,2159.1505110318353,119.85262097558808,,,,jitter,16384,128,7,0.06382117991208791,1.109375,"[124, 119, 133, 117, 130, 125, 116, 129, 116, 127, 117, 117, 127, 138, 118, 121, 133, 142, 131, 126, 142, 116, 139, 123, 119, 118, 124, 138, 120, 131, 133, 125, 130, 117, 116, 121, 134, 127, 124, 132, 128, 123, 138, 135, 122, 131, 130, 140, 136, 123, 142, 118, 127, 136, 119, 129, 116, 134, 137, 131, 140, 124, 135, 132, 131, 128, 139, 142, 128, 134, 116, 135, 133, 142, 138, 123, 126, 134, 115, 128, 120, 118, 116, 137, 118, 122, 126, 140, 117, 128, 130, 140, 138, 140, 123, 127, 125, 140, 142, 119, 120, 121, 121, 129, 132, 122, 115, 127, 125, 131, 142, 135, 130, 132, 134, 116, 141, 137, 140, 138, 126, 126, 118, 133, 117, 117, 121, 119]",,,,,,,,,,,
0bec71baaef4,attention_ragged,flash_attn_3,flash_attn_3,ragged,ok,,,,2026-09-22T01:12:04+00:00,784,ragged,,,98.81599992513657,98.30400347709656,99.52959790825844,98.01600128412247,99.74464043974876,50,10,False,95.61599791049957,,False,98.81599992513657,3.2000020146369934,34612985856.0,117440512.0,16777216.0,350.27714016174457,1188.476684838219,0.024124999981722794,1581.055998802185,0.27790032865462866,0.4891856707015686,0e6e08559dbe6eaf,11630473a039827ea1d1ee5d1fe37f174e2b87b7,False,sha256:c2914767605584b6d8f45686b82de173ecc99e781897aa3d0a66dacd72c51ae1,9aff75325ea627f4,95.61599791049957,graph,1228.2517002011425,361.99994365377177,,,,lognormal,4096,8,7,0.5841296981599728,1.841796875,"[500, 943, 786, 153, 176, 338, 311, 889]",,,,,,,,,,,
8300c6ea821c,attention_ragged,flash_attn_3,flash_attn_3,ragged,ok,,,,2026-09-22T01:12:04+00:00,784,ragged,,,71.58400118350983,70.64960151910782,72.20159843564034,70.36799937486649,72.51007989048958,50,10,False,70.17599791288376,,False,71.58400118350983,1.4080032706260681,11816779776.0,117440512.0,16777216.0,165.07570938521565,1640.5972013066762,0.01747656278894283,1145.3440189361572,0.38361922219370387,0.23053937112440578,0e6e08559dbe6eaf,11630473a039827ea1d1ee5d1fe37f174e2b87b7,False,sha256:c2914767605584b6d8f45686b82de173ecc99e781897aa3d0a66dacd72c51ae1,9aff75325ea627f4,70.17599791288376,graph,1673.5139576609974,168.38776971393142,,,,lognormal,4096,32,7,0.9090616741681536,4.5546875,"[76, 144, 120, 23, 27, 52, 47, 136, 259, 54, 18, 29, 159, 119, 42, 187, 50, 97, 583, 39, 154, 189, 61, 34, 315, 278, 249, 140, 95, 236, 60, 24]",,,,,,,,,,,
f8c2215d48be,attention_ragged,flash_attn_3,flash_attn_3,ragged,ok,,,,2026-09-22T01:12:05+00:00,784,ragged,,,118.1119978427887,117.04959720373154,119.0175972878933,116.44800007343292,118.81919965147972,50,10,False,116.80000275373459,,False,118.1119978427887,1.3119950890541077,4858773504.0,117440512.0,16777216.0,41.13700210597743,994.3148379923057,0.028835936973337084,1889.7919654846191,0.2324996558951004,0.05745060027774603,0e6e08559dbe6eaf,11630473a039827ea1d1ee5d1fe37f174e2b87b7,False,sha256:c2914767605584b6d8f45686b82de173ecc99e781897aa3d0a66dacd72c51ae1,9aff75325ea627f4,116.80000275373459,graph,1005.4838119106546,41.599087238417425,,,,lognormal,4096,128,7,1.4090683563306998,10.65625,"[15, 28, 24, 5, 5, 10, 9, 27, 51, 11, 4, 6, 31, 23, 8, 37, 10, 19, 115, 8, 30, 37, 12, 7, 62, 55, 49, 28, 19, 46, 12, 5, 11, 9, 5, 6, 44, 11, 3, 10, 9, 26, 5, 13, 23, 30, 16, 3, 12, 16, 7, 27, 11, 16, 19, 15, 42, 23, 23, 201, 167, 11, 28, 15, 175, 8, 17, 7, 6, 88, 73, 12, 11, 181, 66, 79, 49, 5, 82, 1, 34, 10, 12, 43, 9, 44, 12, 7, 11, 13, 96, 4, 22, 22, 19, 7, 51, 12, 33, 5, 12, 55, 33, 76, 32, 23, 18, 11, 341, 60, 130, 42, 7, 8, 3, 30, 15, 8, 22, 10, 25, 6, 33, 9, 14, 5, 45, 32]",,,,,,,,,,,
a23b22d78ccd,attention_ragged,flash_attn_3,flash_attn_3,ragged,ok,,,,2026-09-22T01:12:05+00:00,784,ragged,,,873.8240003585815,871.7631876468658,997.519987821579,870.2080249786377,900.9171187877655,50,10,False,1016.0319805145264,,False,873.8240003585815,-142.20798015594482,553318588416.0,469762048.0,67108864.0,633.2151419381257,537.5934373595014,0.05333398439688608,13981.184005737305,0.12570494215888942,0.8843276891102736,0e6e08559dbe6eaf,11630473a039827ea1d1ee5d1fe37f174e2b87b7,False,sha256:c2914767605584b6d8f45686b82de173ecc99e781897aa3d0a66dacd72c51ae1,9aff75325ea627f4,1016.0319805145264,graph,462.3496671454268,544.5877679320638,,,,lognormal,16384,8,7,0.5843679641871266,1.8427734375,"[2000, 3774, 3146, 612, 703, 1351, 1244, 3554]",,,,,,,,,,,
a1600f3daf75,attention_ragged,flash_attn_3,flash_attn_3,ragged,ok,,,,2026-09-22T01:12:05+00:00,784,ragged,,,468.84800493717194,450.55360198020935,472.2367972135544,449.3759870529175,462.84607887268066,50,10,False,434.83200669288635,,False,468.84800493717194,34.01599824428558,188376293376.0,469762048.0,67108864.0,401.78542169811175,1001.9495509273854,0.02861621123884106,7501.568078994751,0.23428487327539022,0.5611204627876806,0e6e08559dbe6eaf,11630473a039827ea1d1ee5d1fe37f174e2b87b7,False,sha256:c2914767605584b6d8f45686b82de173ecc99e781897aa3d0a66dacd72c51ae1,9aff75325ea627f4,434.83200669288635,graph,1080.3299682853938,433.2162547294883,,,,lognormal,16384,32,7,0.9085909107849421,4.5546875,"[305, 576, 480, 93, 107, 206, 190, 542, 1035, 218, 73, 118, 636, 475, 168, 748, 202, 388, 2332, 155, 615, 757, 244, 135, 1260, 1113, 994, 560, 381, 942, 241, 95]",,,,,,,,,,,
c4124402a6b7,attention_ragged,flash_attn_3,flash_attn_3,ragged,ok,,,,2026-09-22T01:12:05+00:00,784,ragged,,,307.16800689697266,305.9520125389099,308.3264082670212,305.4400086402893,308.00512075424194,50,10,False,291.7439937591553,,False,307.16800689697266,15.424013137817383,77387218944.0,469762048.0,67108864.0,251.9377578601683,1529.3326044777934,0.018748047295957804,4914.6881103515625,0.35760233147903214,0.3518480851961001,0e6e08559dbe6eaf,11630473a039827ea1d1ee5d1fe37f174e2b87b7,False,sha256:c2914767605584b6d8f45686b82de173ecc99e781897aa3d0a66dacd72c51ae1,9aff75325ea627f4,291.7439937591553,graph,1610.1858411789783,265.2572824100222,,,,lognormal,16384,128,7,1.4125179053327934,10.6796875,"[60, 113, 95, 18, 21, 41, 37, 107, 204, 43, 14, 23, 125, 94, 33, 147, 40, 76, 459, 31, 121, 149, 48, 27, 248, 219, 196, 110, 75, 186, 47, 19, 45, 37, 20, 23, 178, 45, 11, 42, 35, 106, 20, 51, 92, 118, 63, 13, 47, 64, 29, 108, 45, 66, 77, 59, 168, 91, 93, 809, 668, 45, 110, 59, 701, 32, 66, 28, 22, 354, 293, 46, 45, 726, 263, 318, 195, 20, 327, 4, 137, 40, 49, 171, 35, 174, 47, 29, 42, 54, 382, 16, 86, 89, 76, 29, 205, 46, 133, 18, 47, 222, 133, 306, 127, 92, 72, 45, 1367, 239, 519, 169, 27, 33, 11, 118, 61, 31, 89, 40, 101, 25, 133, 34, 55, 19, 179, 129]",,,,,,,,,,,
1fe388197636,attention_ragged,flash_attn_3,flash_attn_3,ragged,ok,,,,2026-09-22T01:12:05+00:00,784,ragged,,,132.22400099039078,131.54239654541016,132.7712044119835,130.91200590133667,133.08863997459412,50,10,False,128.91200184822083,,False,132.22400099039078,3.3119991421699524,58909630464.0,117440512.0,16777216.0,445.5290266725569,888.1936041894153,0.03228125024179462,2115.5840158462524,0.20768543267365588,0.6222113599225815,0e6e08559dbe6eaf,11630473a039827ea1d1ee5d1fe37f174e2b87b7,False,sha256:c2914767605584b6d8f45686b82de173ecc99e781897aa3d0a66dacd72c51ae1,9aff75325ea627f4,128.91200184822083,graph,911.0130190846994,456.9755307450688,,,,bimodal,4096,8,7,1.1331555077411577,3.998046875,"[2047, 292, 292, 293, 293, 293, 293, 293]",,,,,,,,,,,
9136c46ff169,attention_ragged,flash_attn_3,flash_attn_3,ragged,ok,,,,2026-09-22T01:12:05+00:00,784,ragged,,,127.20000743865967,126.4928013086319,128.07360589504242,126.01600587368011,128.12736123800278,50,10,False,126.08000636100769,,False,127.20000743865967,1.1200010776519775,53301239808.0,117440512.0,16777216.0,419.0348796457716,923.2744114156909,0.03105468931607902,2035.2001190185547,0.21588834315732158,0.5852104951873629,0e6e08559dbe6eaf,11630473a039827ea1d1ee5d1fe37f174e2b87b7,False,sha256:c2914767605584b6d8f45686b82de173ecc99e781897aa3d0a66dacd72c51ae1,9aff75325ea627f4,126.08000636100769,graph,931.4760951370035,422.7572741024566,,,,bimodal,4096,32,7,2.695483039215284,16.0078125,"[2049, 67, 66, 66, 66, 66, 66, 66, 66, 66, 66, 66, 66, 66, 66, 66, 66, 66, 66, 66, 66, 66, 66, 66, 66, 66, 66, 66, 66, 66, 66, 66]",,,,,,,,,,,
ee097335d491,attention_ragged,flash_attn_3,flash_attn_3,ragged,ok,,,,2026-09-22T01:12:05+00:00,784,ragged,,,129.11999970674515,128.69759649038315,130.08959889411926,128.12800705432892,130.21823912858963,50,10,False,127.6480033993721,,False,129.11999970674515,1.4719963073730469,52045873152.0,117440512.0,16777216.0,403.08142247680905,909.5454791413308,0.03152343742840458,2065.9199953079224,0.2126781204917914,0.5629304153579912,0e6e08559dbe6eaf,11630473a039827ea1d1ee5d1fe37f174e2b87b7,False,sha256:c2914767605584b6d8f45686b82de173ecc99e781897aa3d0a66dacd72c51ae1,9aff75325ea627f4,127.6480033993721,graph,920.0340692565637,407.7296296532282,,,,bimodal,4096,128,7,5.593128020588077,64.03125,"[2049, 17, 17, 17, 17, 17, 17, 17, 17, 17, 17, 17, 17, 17, 17, 17, 16, 16, 16, 16, 16, 16, 16, 16, 16, 16, 16, 16, 16, 16, 16, 16, 16, 16, 16, 16, 16, 16, 16, 16, 16, 16, 16, 16, 16, 16, 16, 16, 16, 16, 16, 16, 16, 16, 16, 16, 16, 16, 16, 16, 16, 16, 16, 16, 16, 16, 16, 16, 16, 16, 16, 16, 16, 16, 16, 16, 16, 16, 16, 16, 16, 16, 16, 16, 16, 16, 16, 16, 16, 16, 16, 16, 16, 16, 16, 16, 16, 16, 16, 16, 16, 16, 16, 16, 16, 16, 16, 16, 16, 16, 16, 16, 16, 16, 16, 16, 16, 16, 16, 16, 16, 16, 16, 16, 16, 16, 16, 16]",,,,,,,,,,,
4b795035d5eb,attention_ragged,flash_attn_3,flash_attn_3,ragged,ok,,,,2026-09-22T01:12:05+00:00,784,ragged,,,1588.2239937782288,1386.2688064575195,1618.5408115386963,1378.7200450897217,1551.6857624053955,50,10,False,1626.2879967689514,,False,1588.2239937782288,-38.064002990722656,942812454912.0,469762048.0,67108864.0,593.6268804686307,295.77820876668807,0.09693749962025322,25411.58390045166,0.06916152624090308,0.8290400096747229,0e6e08559dbe6eaf,11630473a039827ea1d1ee5d1fe37f174e2b87b7,False,sha256:c2914767605584b6d8f45686b82de173ecc99e781897aa3d0a66dacd72c51ae1,9aff75325ea627f4,1626.2879967689514,graph,288.8553865817775,579.732775981342,,,,bimodal,16384,8,7,1.1340779832554042,4.00048828125,"[8193, 1171, 1170, 1170, 1170, 1170, 1170, 1170]",,,,,,,,,,,
1725f7e68ca2,attention_ragged,flash_attn_3,flash_attn_3,ragged,ok,,,,2026-09-22T01:12:05+00:00,784,ragged,,,1469.1519737243652,1464.0383958816528,1479.260754585266,1462.7519845962524,1471.602554321289,50,10,False,1533.0080389976501,,False,1469.1519737243652,-63.85606527328491,851631046656.0,469762048.0,67108864.0,579.6752561255305,319.750479461381,0.08966992027126253,23506.431579589844,0.07476693860585809,0.8095556245147199,0e6e08559dbe6eaf,11630473a039827ea1d1ee5d1fe37f174e2b87b7,False,sha256:c2914767605584b6d8f45686b82de173ecc99e781897aa3d0a66dacd72c51ae1,9aff75325ea627f4,1533.0080389976501,graph,306.4315620335244,555.529406886108,,,,bimodal,16384,32,7,2.6944304418910066,16.001953125,"[8193, 265, 265, 265, 265, 265, 265, 265, 264, 264, 264, 264, 264, 264, 264, 264, 264, 264, 264, 264, 264, 264, 264, 264, 264, 264, 264, 264, 264, 264, 264, 264]",,,,,,,,,,,
49cdfbc7ecdc,attention_ragged,flash_attn_3,flash_attn_3,ragged,ok,,,,2026-09-22T01:12:05+00:00,784,ragged,,,1442.9759979248047,1433.7568402290344,1448.028802871704,1433.3120584487915,1442.611198425293,50,10,False,1477.9679775238037,,False,1442.9759979248047,-34.99197959899902,831128887296.0,469762048.0,67108864.0,575.9824754474615,325.55083984458616,0.08807226549834013,23087.615966796875,0.07612323114181763,0.8043984070271019,0e6e08559dbe6eaf,11630473a039827ea1d1ee5d1fe37f174e2b87b7,False,sha256:c2914767605584b6d8f45686b82de173ecc99e781897aa3d0a66dacd72c51ae1,9aff75325ea627f4,1477.9679775238037,graph,317.8431841175897,562.3456664389158,,,,bimodal,16384,128,7,5.589654115543169,63.9921875,"[8191, 64, 64, 64, 64, 64, 64, 64, 64, 64, 64, 64, 64, 64, 64, 64, 64, 64, 64, 64, 64, 64, 64, 64, 64, 64, 64, 64, 64, 64, 64, 64, 64, 64, 64, 64, 64, 64, 64, 64, 64, 64, 64, 64, 64, 64, 64, 64, 64, 64, 64, 64, 64, 64, 64, 64, 64, 64, 64, 64, 64, 64, 64, 65, 65, 65, 65, 65, 65, 65, 65, 65, 65, 65, 65, 65, 65, 65, 65, 65, 65, 65, 65, 65, 65, 65, 65, 65, 65, 65, 65, 65, 65, 65, 65, 65, 65, 65, 65, 65, 65, 65, 65, 65, 65, 65, 65, 65, 65, 65, 65, 65, 65, 65, 65, 65, 65, 65, 65, 65, 65, 65, 65, 65, 65, 65, 65, 65]",,,,,,,,,,,
157a75332b14,attention_ragged,flash_attn_3,flash_attn_3,ragged,ok,,,,2026-09-22T01:12:05+00:00,784,ragged,,,478.2240092754364,413.67359161376953,481.1615973711014,412.54401206970215,452.68480002880096,50,10,False,413.1999909877777,,False,478.2240092754364,65.02401828765869,53099986944.0,385875968.0,285212672.0,111.03580312592942,806.8937579789142,0.11675390851451084,7651.584148406982,0.18867516998217992,0.15506899422258483,0e6e08559dbe6eaf,11630473a039827ea1d1ee5d1fe37f174e2b87b7,False,sha256:c2914767605584b6d8f45686b82de173ecc99e781897aa3d0a66dacd72c51ae1,9aff75325ea627f4,413.1999909877777,graph,933.8721597683048,128.50916772060307,,,,mixed,4096,8,7,0.998046875,1.998046875,"[1, 1, 1, 1, 1023, 1023, 1023, 1023]",,,,,,,,,,,
9cac38d5f484,attention_ragged,flash_attn_3,flash_attn_3,ragged,ok,,,,2026-09-22T01:12:05+00:00,784,ragged,,,361.7120087146759,360.3807896375656,362.85440623760223,360.1920008659363,362.58495926856995,50,10,False,352.83198952674866,,False,361.7120087146759,8.880019187927246,19277414400.0,1191182336.0,1090519040.0,53.29492506621843,3293.178847538964,0.08830859587760642,5787.392139434814,0.7700407553002416,0.07442996037785755,0e6e08559dbe6eaf,11630473a039827ea1d1ee5d1fe37f174e2b87b7,False,sha256:c2914767605584b6d8f45686b82de173ecc99e781897aa3d0a66dacd72c51ae1,9aff75325ea627f4,352.83198952674866,graph,3376.0610470658444,54.636243232527406,,,,mixed,4096,32,7,0.9921875,1.9921875,"[1, 1, 1, 1, 1, 1, 1, 1, 1, 1, 1, 1, 1, 1, 1, 1, 255, 255, 255, 255, 255, 255, 255, 255, 255, 255, 255, 255, 255, 255, 255, 255]",,,,,,,,,,,
4f66de814568,attention_ragged,flash_attn_3,flash_attn_3,ragged,ok,,,,2026-09-22T01:12:06+00:00,784,ragged,,,1054.3840527534485,1032.2208523750305,1094.8416233062744,1031.1360359191895,1062.426254749298,50,10,False,1082.8959941864014,,False,1054.3840527534485,-28.51194143295288,28942270464.0,4412407808.0,4311744512.0,27.449457707956917,4184.820319007398,0.2574179816292599,16870.144844055176,0.9785323993722534,0.03833502058701509,0e6e08559dbe6eaf,11630473a039827ea1d1ee5d1fe37f174e2b87b7,False,sha256:c2914767605584b6d8f45686b82de173ecc99e781897aa3d0a66dacd72c51ae1,9aff75325ea627f4,1082.8959941864014,graph,4074.636744145608,26.726731486106228,,,,mixed,4096,128,7,0.96875,1.96875,"[1, 1, 1, 1, 1, 1, 1, 1, 1, 1, 1, 1, 1, 1, 1, 1, 1, 1, 1, 1, 1, 1, 1, 1, 1, 1, 1, 1, 1, 1, 1, 1, 1, 1, 1, 1, 1, 1, 1, 1, 1, 1, 1, 1, 1, 1, 1, 1, 1, 1, 1, 1, 1, 1, 1, 1, 1, 1, 1, 1, 1, 1, 1, 1, 63, 63, 63, 63, 63, 63, 63, 63, 63, 63, 63, 63, 63, 63, 63, 63, 63, 63, 63, 63, 63, 63, 63, 63, 63, 63, 63, 63, 63, 63, 63, 63, 63, 63, 63, 63, 63, 63, 63, 63, 63, 63, 63, 63, 63, 63, 63, 63, 63, 63, 63, 63, 63, 63, 63, 63, 63, 63, 63, 63, 63, 63, 63, 63]",,,,,,,,,,,
1b1b12b0a75a,attention_ragged,flash_attn_3,flash_attn_3,ragged,ok,,,,2026-09-22T01:12:06+00:00,784,ragged,,,1491.5840029716492,1470.9440469741821,1518.1919693946838,1469.2800045013428,1494.3500804901123,50,10,False,1465.5359983444214,,False,1491.5840029716492,26.048004627227783,826043105280.0,738197504.0,335544320.0,553.8026042343528,494.90843460998894,0.09103906268137507,23865.344047546387,0.11572395015118506,0.7734227196886451,0e6e08559dbe6eaf,11630473a039827ea1d1ee5d1fe37f174e2b87b7,False,sha256:c2914767605584b6d8f45686b82de173ecc99e781897aa3d0a66dacd72c51ae1,9aff75325ea627f4,1465.5359983444214,graph,503.70479117123216,563.6457283977738,,,,mixed,16384,8,7,0.99951171875,1.99951171875,"[1, 1, 1, 1, 4095, 4095, 4095, 4095]",,,,,,,,,,,
2dd61ac940b7,attention_ragged,flash_attn_3,flash_attn_3,ragged,ok,,,,2026-09-22T01:12:06+00:00,784,ragged,,,707.6639831066132,704.8735737800598,715.61598777771,702.9439806938171,711.2499237060547,50,10,False,718.4160053730011,,False,707.6639831066132,-10.75202226638794,212399947776.0,1543503872.0,1140850688.0,300.1423738475056,2181.125377080924,0.043192381781409495,11322.62372970581,0.5100103913357372,0.4191690853384113,0e6e08559dbe6eaf,11630473a039827ea1d1ee5d1fe37f174e2b87b7,False,sha256:c2914767605584b6d8f45686b82de173ecc99e781897aa3d0a66dacd72c51ae1,9aff75325ea627f4,718.4160053730011,graph,2148.4820221935533,295.65035604367154,,,,mixed,16384,32,7,0.998046875,1.998046875,"[1, 1, 1, 1, 1, 1, 1, 1, 1, 1, 1, 1, 1, 1, 1, 1, 1023, 1023, 1023, 1023, 1023, 1023, 1023, 1023, 1023, 1023, 1023, 1023, 1023, 1023, 1023, 1023]",,,,,,,,,,,
882c9b1def89,attention_ragged,flash_attn_3,flash_attn_3,ragged,ok,,,,2026-09-22T01:12:06+00:00,784,ragged,,,1398.1599807739258,1367.2447800636292,1412.995195388794,1364.8960590362549,1392.4236750602722,50,10,False,1384.7839832305908,,False,1398.1599807739258,13.375997543334961,77109657600.0,4764729344.0,4362076160.0,55.150811538259994,3407.857047490783,0.08533691288903356,22370.559692382812,0.7968558454595154,0.07702183111242046,0e6e08559dbe6eaf,11630473a039827ea1d1ee5d1fe37f174e2b87b7,False,sha256:c2914767605584b6d8f45686b82de173ecc99e781897aa3d0a66dacd72c51ae1,9aff75325ea627f4,1384.7839832305908,graph,3440.7744469171757,55.68352792477373,,,,mixed,16384,128,7,0.9921875,1.9921875,"[1, 1, 1, 1, 1, 1, 1, 1, 1, 1, 1, 1, 1, 1, 1, 1, 1, 1, 1, 1, 1, 1, 1, 1, 1, 1, 1, 1, 1, 1, 1, 1, 1, 1, 1, 1, 1, 1, 1, 1, 1, 1, 1, 1, 1, 1, 1, 1, 1, 1, 1, 1, 1, 1, 1, 1, 1, 1, 1, 1, 1, 1, 1, 1, 255, 255, 255, 255, 255, 255, 255, 255, 255, 255, 255, 255, 255, 255, 255, 255, 255, 255, 255, 255, 255, 255, 255, 255, 255, 255, 255, 255, 255, 255, 255, 255, 255, 255, 255, 255, 255, 255, 255, 255, 255, 255, 255, 255, 255, 255, 255, 255, 255, 255, 255, 255, 255, 255, 255, 255, 255, 255, 255, 255, 255, 255, 255, 255]",,,,,,,,,,,
8ee458f16822,attention_ragged,flash_attn_3,flash_attn_3,ragged,ok,,,,2026-09-22T01:12:06+00:00,784,ragged_decode,,,277.45600044727325,248.37760627269745,287.8496080636978,247.13599681854248,270.1715210080147,50,10,False,248.1760010123253,,False,277.45600044727325,29.279999434947968,6442450944.0,1074135040.0,1073741824.0,23.219721085917914,3871.3707336242123,17.34100002795458,4439.296007156372,0.9052387926015814,0.032427907877953646,0e6e08559dbe6eaf,11630473a039827ea1d1ee5d1fe37f174e2b87b7,False,sha256:c2914767605584b6d8f45686b82de173ecc99e781897aa3d0a66dacd72c51ae1,9aff75325ea627f4,248.1760010123253,graph,4328.118092073918,25.959202008739137,,,,uniform,,16,7,0.0,1.0,"[16384, 16384, 16384, 16384, 16384, 16384, 16384, 16384, 16384, 16384, 16384, 16384, 16384, 16384, 16384, 16384]",16384,,,,,,,,,,
291cc47d6c53,attention_ragged,flash_attn_3,flash_attn_3,ragged,ok,,,,2026-09-22T01:12:06+00:00,784,ragged_decode,,,998.6400008201599,939.3631756305695,1004.0127992630005,938.1440281867981,980.2937626838684,50,10,False,1145.5519795417786,,False,998.6400008201599,-146.91197872161865,25769803776.0,4296540160.0,4294967296.0,25.804898416682548,4302.391408787303,15.603750012814999,15978.240013122559,1.0060239311010108,0.036038282525436005,0e6e08559dbe6eaf,11630473a039827ea1d1ee5d1fe37f174e2b87b7,False,sha256:c2914767605584b6d8f45686b82de173ecc99e781897aa3d0a66dacd72c51ae1,9aff75325ea627f4,1145.5519795417786,graph,3750.6287246071706,22.495534236960545,,,,uniform,,64,7,0.0,1.0,"[16384, 16384, 16384, 16384, 16384, 16384, 16384, 16384, 16384, 16384, 16384, 16384, 16384, 16384, 16384, 16384, 16384, 16384, 16384, 16384, 16384, 16384, 16384, 16384, 16384, 16384, 16384, 16384, 16384, 16384, 16384, 16384, 16384, 16384, 16384, 16384, 16384, 16384, 16384, 16384, 16384, 16384, 16384, 16384, 16384, 16384, 16384, 16384, 16384, 16384, 16384, 16384, 16384, 16384, 16384, 16384, 16384, 16384, 16384, 16384, 16384, 16384, 16384, 16384]",16384,,,,,,,,,,
ebfc2979d396,attention_ragged,flash_attn_3,flash_attn_3,ragged,ok,,,,2026-09-22T01:12:07+00:00,784,ragged_decode,,,4212.208032608032,4172.739028930664,4277.068758010864,4066.5597915649414,4221.944341659546,50,10,False,4221.63200378418,,False,4212.208032608032,-9.423971176147461,103079215104.0,17186160640.0,17179869184.0,24.471539464820175,4080.083535038276,16.453937627375126,67395.32852172852,0.9540419006871993,0.034176156744542774,0e6e08559dbe6eaf,11630473a039827ea1d1ee5d1fe37f174e2b87b7,False,sha256:c2914767605584b6d8f45686b82de173ecc99e781897aa3d0a66dacd72c51ae1,9aff75325ea627f4,4221.63200378418,graph,4070.9755432483685,24.416911519431824,,,,uniform,,256,7,0.0,1.0,"[16384, 16384, 16384, 16384, 16384, 16384, 16384, 16384, 16384, 16384, 16384, 16384, 16384, 16384, 16384, 16384, 16384, 16384, 16384, 16384, 16384, 16384, 16384, 16384, 16384, 16384, 16384, 16384, 16384, 16384, 16384, 16384, 16384, 16384, 16384, 16384, 16384, 16384, 16384, 16384, 16384, 16384, 16384, 16384, 16384, 16384, 16384, 16384, 16384, 16384, 16384, 16384, 16384, 16384, 16384, 16384, 16384, 16384, 16384, 16384, 16384, 16384, 16384, 16384, 16384, 16384, 16384, 16384, 16384, 16384, 16384, 16384, 16384, 16384, 16384, 16384, 16384, 16384, 16384, 16384, 16384, 16384, 16384, 16384, 16384, 16384, 16384, 16384, 16384, 16384, 16384, 16384, 16384, 16384, 16384, 16384, 16384, 16384, 16384, 16384, 16384, 16384, 16384, 16384, 16384, 16384, 16384, 16384, 16384, 16384, 16384, 16384, 16384, 16384, 16384, 16384, 16384, 16384, 16384, 16384, 16384, 16384, 16384, 16384, 16384, 16384, 16384, 16384, 16384, 16384, 16384, 16384, 16384, 16384, 16384, 16384, 16384, 16384, 16384, 16384, 16384, 16384, 16384, 16384, 16384, 16384, 16384, 16384, 16384, 16384, 16384, 16384, 16384, 16384, 16384, 16384, 16384, 16384, 16384, 16384, 16384, 16384, 16384, 16384, 16384, 16384, 16384, 16384, 16384, 16384, 16384, 16384, 16384, 16384, 16384, 16384, 16384, 16384, 16384, 16384, 16384, 16384, 16384, 16384, 16384, 16384, 16384, 16384, 16384, 16384, 16384, 16384, 16384, 16384, 16384, 16384, 16384, 16384, 16384, 16384, 16384, 16384, 16384, 16384, 16384, 16384, 16384, 16384, 16384, 16384, 16384, 16384, 16384, 16384, 16384, 16384, 16384, 16384, 16384, 16384, 16384, 16384, 16384, 16384, 16384, 16384, 16384, 16384, 16384, 16384, 16384, 16384, 16384, 16384, 16384, 16384, 16384, 16384, 16384, 16384, 16384, 16384, 16384, 16384, 16384, 16384, 16384, 16384, 16384, 16384, 16384, 16384, 16384, 16384, 16384, 16384]",16384,,,,,,,,,,
dd823f088a60,attention_ragged,flash_attn_3,flash_attn_3,ragged,ok,,,,2026-09-22T01:12:07+00:00,784,ragged_decode,,,435.7279986143112,414.425590634346,440.26239812374115,412.4799966812134,432.11583852767944,50,10,False,390.160009264946,,False,435.7279986143112,45.567989349365234,6442450944.0,1074135040.0,1073741824.0,14.785487653967806,2465.15037687716,27.23299991339445,6971.6479778289795,0.5764236763386729,0.020648931561209363,0e6e08559dbe6eaf,11630473a039827ea1d1ee5d1fe37f174e2b87b7,False,sha256:c2914767605584b6d8f45686b82de173ecc99e781897aa3d0a66dacd72c51ae1,9aff75325ea627f4,390.160009264946,graph,2753.0628831582458,16.512330302988907,,,,jitter,,16,7,0.054216485237290404,1.12091064453125,"[16452, 15794, 17697, 15495, 17259, 16611, 15441, 17151, 15363, 16870, 15486, 15565, 16835, 18365, 15691, 16069]",16384,,,,,,,,,,
e202ad873219,attention_ragged,flash_attn_3,flash_attn_3,ragged,ok,,,,2026-09-22T01:12:07+00:00,784,ragged_decode,,,1025.8399844169617,982.4544131755829,1076.9280552864075,981.2160134315491,1021.377284526825,50,10,False,1077.1679878234863,,False,1025.8399844169617,-51.32800340652466,25769803776.0,4296540160.0,4294967296.0,25.120685650254046,4188.314186682778,16.028749756515026,16413.439750671387,0.9793493669978288,0.0350827332112748,0e6e08559dbe6eaf,11630473a039827ea1d1ee5d1fe37f174e2b87b7,False,sha256:c2914767605584b6d8f45686b82de173ecc99e781897aa3d0a66dacd72c51ae1,9aff75325ea627f4,1077.1679878234863,graph,3988.7373265534393,23.923662852319055,,,,jitter,,64,7,0.06175162652194724,1.1199951171875,"[15932, 15294, 17137, 15005, 16713, 16086, 14952, 16608, 14877, 16336, 14996, 15073, 16303, 17785, 15195, 15561, 17050, 18231, 16865, 16200, 18336, 14910, 17902, 15806, 15270, 15173, 15875, 17746, 15404, 16882, 17093, 16111, 16757, 14970, 14958, 15497, 17246, 16314, 15896, 16896, 16408, 15843, 17666, 17314, 15638, 16855, 16674, 17963, 17426, 15800, 18350, 15174, 16279, 17528, 15299, 16540, 14883, 17201, 17556, 16850, 17964, 15895, 17300, 16929]",16384,,,,,,,,,,
12ce5bed7f98,attention_ragged,flash_attn_3,flash_attn_3,ragged,ok,,,,2026-09-22T01:12:08+00:00,784,ragged_decode,,,4343.519926071167,4088.8994216918945,4536.700773239136,3866.719961166382,4326.064648628235,50,10,False,4283.760070800781,,False,4343.519926071167,59.75985527038574,103079215104.0,17186160640.0,17179869184.0,23.73172377667391,3956.7357655811093,16.966874711215496,69496.31881713867,0.9251996136585496,0.03314295419688506,0e6e08559dbe6eaf,11630473a039827ea1d1ee5d1fe37f174e2b87b7,False,sha256:c2914767605584b6d8f45686b82de173ecc99e781897aa3d0a66dacd72c51ae1,9aff75325ea627f4,4283.760070800781,graph,4011.9335247427425,24.062789091904246,,,,jitter,,256,7,0.06612818629531855,1.1146240234375,"[15813, 15180, 17009, 14894, 16588, 15966, 14841, 16484, 14766, 16215, 14884, 14960, 16181, 17653, 15081, 15445, 16923, 18095, 16739, 16079, 18199, 14799, 17768, 15688, 15156, 15059, 15757, 17613, 15290, 16756, 16965, 15991, 16632, 14858, 14847, 15382, 17117, 16192, 15778, 16770, 16286, 15725, 17534, 17185, 15521, 16729, 16549, 17829, 17296, 15682, 18214, 15060, 16158, 17398, 15184, 16417, 14772, 17072, 17425, 16724, 17830, 15776, 17171, 16802, 16749, 16297, 17701, 18083, 16362, 17058, 14851, 17194, 16995, 18262, 17635, 15669, 16040, 17074, 14711, 16317, 15243, 15057, 14844, 17438, 15102, 15534, 16058, 17816, 14923, 16271, 16638, 17859, 17625, 17788, 15647, 16147, 15941, 17862, 18131, 15181, 15273, 15477, 15482, 16402, 16783, 15590, 14644, 16161, 15979, 16700, 18114, 17154, 16514, 16887, 17102, 14826, 17918, 17481, 17827, 17547, 16064, 16088, 15007, 16948, 14856, 14875, 15392, 15222, 15872, 14821, 14629, 15182, 15000, 15958, 14722, 17826, 16874, 15172, 15551, 15899, 15960, 15078, 17733, 18262, 16333, 16398, 14943, 15002, 15882, 15597, 17660, 15219, 14713, 18107, 16561, 15165, 16615, 14728, 16560, 18207, 17786, 17175, 15584, 15970, 15240, 17452, 16576, 17478, 15834, 15444, 17596, 18232, 17747, 17577, 17621, 17334, 15458, 16522, 15929, 14735, 14731, 15651, 15576, 17161, 18127, 16264, 18055, 18243, 18121, 15962, 15435, 15458, 15348, 15376, 16911, 17921, 17702, 16382, 17017, 17553, 14939, 17044, 17956, 17490, 17372, 16377, 15282, 17515, 15845, 17557, 18182, 16076, 16097, 18091, 17279, 15250, 15093, 15181, 17938, 17578, 15163, 17651, 18215, 17032, 15910, 16635, 15108, 14681, 18179, 17005, 16554, 18043, 16215, 17817, 17650, 15400, 15550, 15700, 15508, 16773, 15577, 16161, 15108, 17957, 15922, 16304, 16762, 17936, 16167, 17985, 16463, 16574, 16543, 14697, 16238, 15298]",16384,,,,,,,,,,
4e103d4d9275,attention_ragged,flash_attn_3,flash_attn_3,ragged,ok,,,,2026-09-22T01:12:08+00:00,784,ragged_decode,,,394.27199959754944,392.28479862213135,452.95039117336273,391.3919925689697,402.5574392080307,50,10,False,355.6160032749176,,False,394.27199959754944,38.655996322631836,6442450944.0,1074135040.0,1073741824.0,16.340117864256378,2724.3502990230513,24.64199997484684,6308.351993560791,0.6370321379690351,0.022820077590784013,0e6e08559dbe6eaf,11630473a039827ea1d1ee5d1fe37f174e2b87b7,False,sha256:c2914767605584b6d8f45686b82de173ecc99e781897aa3d0a66dacd72c51ae1,9aff75325ea627f4,355.6160032749176,graph,3020.491288660072,18.116313339868192,,,,lognormal,,16,7,0.7264284056955416,2.77337646484375,"[13394, 25276, 21068, 4101, 4710, 9051, 8330, 23806, 45439, 9573, 3202, 5164, 27950, 20866, 7383, 32831]",16384,,,,,,,,,,
c921bbf99702,attention_ragged,flash_attn_3,flash_attn_3,ragged,ok,,,,2026-09-22T01:12:08+00:00,784,ragged_decode,,,1391.6639685630798,1347.2192168235779,1413.2223963737488,1339.4880294799805,1382.0588779449463,50,10,False,1412.8159880638123,,False,1391.6639685630798,-21.152019500732422,25769803776.0,4296540160.0,4294967296.0,18.517260170648683,3087.3402323092846,21.744749508798122,22266.623497009277,0.7219097153295851,0.025860603783482435,0e6e08559dbe6eaf,11630473a039827ea1d1ee5d1fe37f174e2b87b7,False,sha256:c2914767605584b6d8f45686b82de173ecc99e781897aa3d0a66dacd72c51ae1,9aff75325ea627f4,1412.8159880638123,graph,3041.118019826613,18.240028421051576,,,,lognormal,,64,7,1.3034100880570043,7.76348876953125,"[9457, 17847, 14876, 2896, 3326, 6391, 5882, 16809, 32084, 6759, 2261, 3646, 19735, 14733, 5213, 23182, 6255, 12037, 72273, 4812, 19084, 23464, 7571, 4197, 39084, 34513, 30835, 17370, 11827, 29214, 7474, 2948, 7083, 5798, 3151, 3656, 27938, 7047, 1666, 6550, 5554, 16611, 3122, 8048, 14472, 18583, 9929, 2102, 7436, 10105, 4611, 16988, 7039, 10350, 12057, 9351, 26456, 14289, 14568, 127197, 105040, 7068, 17388, 9268]",16384,,,,,,,,,,
d5ef4be22908,attention_ragged,flash_attn_3,flash_attn_3,ragged,ok,,,,2026-09-22T01:12:09+00:00,784,ragged_decode,,,5123.104095458984,5043.420886993408,5179.161500930786,5033.376216888428,5116.458892822266,50,10,False,5151.71217918396,,False,5123.104095458984,-28.608083724975586,103079215104.0,17186160640.0,17179869184.0,20.12046079551015,3354.6381880535014,20.012125372886658,81969.66552734375,0.7844117321530283,0.02809958167561633,0e6e08559dbe6eaf,11630473a039827ea1d1ee5d1fe37f174e2b87b7,False,sha256:c2914767605584b6d8f45686b82de173ecc99e781897aa3d0a66dacd72c51ae1,9aff75325ea627f4,5151.71217918396,graph,3336.0094745670203,20.008729431838702,,,,lognormal,,256,7,1.278657841292468,10.278564453125,"[7406, 13977, 11650, 2268, 2605, 5005, 4606, 13164, 25127, 5294, 1771, 2855, 15456, 11538, 4083, 18155, 4899, 9427, 56601, 3769, 14946, 18376, 5929, 3287, 30608, 27029, 24148, 13603, 9262, 22879, 5853, 2309, 5547, 4541, 2468, 2863, 21880, 5519, 1305, 5130, 4349, 13009, 2445, 6303, 11333, 14553, 7776, 1646, 5823, 7914, 3611, 13304, 5512, 8106, 9443, 7323, 20719, 11190, 11409, 99613, 82261, 5535, 13617, 7258, 86285, 4000, 8191, 3436, 2758, 43600, 36118, 5686, 5498, 89410, 32468, 39178, 24056, 2499, 40348, 440, 16826, 4975, 5987, 21016, 4362, 21487, 5790, 3604, 5195, 6655, 47103, 2021, 10637, 11016, 9323, 3635, 25262, 5689, 16431, 2274, 5821, 27304, 16436, 37685, 15622, 11315, 8874, 5552, 168404, 29453, 63936, 20785, 3303, 4025, 1310, 14571, 7522, 3806, 11010, 4915, 12478, 3070, 16349, 4200, 6725, 2346, 22117, 15840, 18543, 33815, 9377, 36586, 6692, 11233, 4755, 6647, 19791, 10574, 8092, 25762, 3834, 27710, 10038, 7290, 2116, 28008, 8229, 6406, 72799, 6453, 5482, 3662, 6363, 2649, 9687, 3753, 3275, 6825, 14441, 37090, 7980, 31065, 64233, 89540, 2883, 11064, 40604, 29411, 3950, 13846, 20829, 10379, 80400, 10689, 14166, 18201, 3913, 17344, 10396, 9435, 34952, 13787, 4700, 19262, 11893, 3772, 27574, 16173, 11148, 9902, 24573, 2289, 9390, 3230, 2906, 32346, 10318, 9368, 4132, 1467, 20478, 27891, 7368, 6962, 7050, 5886, 10821, 141456, 56569, 15714, 21849, 35785, 7189, 9831, 2798, 15503, 12436, 5352, 10505, 9569, 5918, 7846, 5782, 30494, 21925, 7751, 7683, 3737, 10740, 23388, 6269, 7752, 38360, 831, 4783, 11929, 30970, 8980, 15132, 4505, 22965, 11690, 8256, 12597, 5623, 37078, 5777, 10479, 8789, 6546, 15624, 74575, 10684, 34102, 21584, 1438]",16384,,,,,,,,,,
bcc018d23e7e,attention_ragged,flash_attn_3,flash_attn_3,ragged,ok,,,,2026-09-22T01:12:09+00:00,784,ragged_decode,,,286.3519936800003,283.91999304294586,290.18559753894806,283.26401114463806,287.3695981502533,50,10,False,288.38400542736053,,False,286.3519936800003,-2.0320117473602295,6442450944.0,1074135040.0,1073741824.0,22.498362456660487,3751.1002671779934,17.89699960500002,4581.631898880005,0.87711606829471,0.031420481858925646,0e6e08559dbe6eaf,11630473a039827ea1d1ee5d1fe37f174e2b87b7,False,sha256:c2914767605584b6d8f45686b82de173ecc99e781897aa3d0a66dacd72c51ae1,9aff75325ea627f4,288.38400542736053,graph,3724.6692596845774,22.339834466383934,,,,bimodal,,16,7,1.8074079874998232,8.00006103515625,"[131073, 8739, 8738, 8738, 8738, 8738, 8738, 8738, 8738, 8738, 8738, 8738, 8738, 8738, 8738, 8738]",16384,,,,,,,,,,
241c582281aa,attention_ragged,flash_attn_3,flash_attn_3,ragged,ok,,,,2026-09-22T01:12:09+00:00,784,ragged_decode,,,1046.7520356178284,985.0495874881744,1127.4720072746277,981.98401927948,1068.3974516391754,50,10,False,1138.4479999542236,,False,1046.7520356178284,-91.69596433639526,25769803776.0,4296540160.0,4294967296.0,24.618823655585054,4104.639889679352,16.35550055652857,16748.032569885254,0.9597838888240919,0.03438184905894784,0e6e08559dbe6eaf,11630473a039827ea1d1ee5d1fe37f174e2b87b7,False,sha256:c2914767605584b6d8f45686b82de173ecc99e781897aa3d0a66dacd72c51ae1,9aff75325ea627f4,1138.4479999542236,graph,3774.032858920884,22.63590763656855,,,,bimodal,,64,7,3.905640577476237,32.00006103515625,"[524289, 8323, 8322, 8322, 8322, 8322, 8322, 8322, 8322, 8322, 8322, 8322, 8322, 8322, 8322, 8322, 8322, 8322, 8322, 8322, 8322, 8322, 8322, 8322, 8322, 8322, 8322, 8322, 8322, 8322, 8322, 8322, 8322, 8322, 8322, 8322, 8322, 8322, 8322, 8322, 8322, 8322, 8322, 8322, 8322, 8322, 8322, 8322, 8322, 8322, 8322, 8322, 8322, 8322, 8322, 8322, 8322, 8322, 8322, 8322, 8322, 8322, 8322, 8322]",16384,,,,,,,,,,
fd66b64b80a1,attention_ragged,flash_attn_3,flash_attn_3,ragged,ok,,,,2026-09-22T01:12:09+00:00,784,ragged_decode,,,4389.19997215271,4298.140859603882,4699.177551269531,4054.2402267456055,4451.344032287598,50,10,False,4301.471948623657,,False,4389.19997215271,87.72802352905273,103079215104.0,17186160640.0,17179869184.0,23.484738849445534,3915.556536279422,17.145312391221523,70227.19955444336,0.9155707151680075,0.03279802307399306,0e6e08559dbe6eaf,11630473a039827ea1d1ee5d1fe37f174e2b87b7,False,sha256:c2914767605584b6d8f45686b82de173ecc99e781897aa3d0a66dacd72c51ae1,9aff75325ea627f4,4301.471948623657,graph,3995.4138595508125,23.963707385557235,,,,bimodal,,256,7,7.953052318976057,128.00006103515625,"[2097153, 8225, 8225, 8225, 8225, 8225, 8225, 8225, 8225, 8225, 8225, 8225, 8225, 8225, 8225, 8225, 8225, 8225, 8225, 8225, 8225, 8225, 8225, 8225, 8225, 8225, 8225, 8225, 8225, 8225, 8225, 8225, 8224, 8224, 8224, 8224, 8224, 8224, 8224, 8224, 8224, 8224, 8224, 8224, 8224, 8224, 8224, 8224, 8224, 8224, 8224, 8224, 8224, 8224, 8224, 8224, 8224, 8224, 8224, 8224, 8224, 8224, 8224, 8224, 8224, 8224, 8224, 8224, 8224, 8224, 8224, 8224, 8224, 8224, 8224, 8224, 8224, 8224, 8224, 8224, 8224, 8224, 8224, 8224, 8224, 8224, 8224, 8224, 8224, 8224, 8224, 8224, 8224, 8224, 8224, 8224, 8224, 8224, 8224, 8224, 8224, 8224, 8224, 8224, 8224, 8224, 8224, 8224, 8224, 8224, 8224, 8224, 8224, 8224, 8224, 8224, 8224, 8224, 8224, 8224, 8224, 8224, 8224, 8224, 8224, 8224, 8224, 8224, 8224, 8224, 8224, 8224, 8224, 8224, 8224, 8224, 8224, 8224, 8224, 8224, 8224, 8224, 8224, 8224, 8224, 8224, 8224, 8224, 8224, 8224, 8224, 8224, 8224, 8224, 8224, 8224, 8224, 8224, 8224, 8224, 8224, 8224, 8224, 8224, 8224, 8224, 8224, 8224, 8224, 8224, 8224, 8224, 8224, 8224, 8224, 8224, 8224, 8224, 8224, 8224, 8224, 8224, 8224, 8224, 8224, 8224, 8224, 8224, 8224, 8224, 8224, 8224, 8224, 8224, 8224, 8224, 8224, 8224, 8224, 8224, 8224, 8224, 8224, 8224, 8224, 8224, 8224, 8224, 8224, 8224, 8224, 8224, 8224, 8224, 8224, 8224, 8224, 8224, 8224, 8224, 8224, 8224, 8224, 8224, 8224, 8224, 8224, 8224, 8224, 8224, 8224, 8224, 8224, 8224, 8224, 8224, 8224, 8224, 8224, 8224, 8224, 8224, 8224, 8224, 8224, 8224, 8224, 8224, 8224, 8224, 8224, 8224, 8224, 8224, 8224, 8224]",16384,,,,,,,,,,
203520bcd371,attention_warm,flash_attn_3,flash_attn_3,warm,ok,,,,2026-09-22T00:23:51+00:00,784,warm,,1,1154.3200016021729,1060.9055876731873,1215.1424407958984,1059.5519542694092,1134.9459171295166,50,10,False,1201.5680074691772,,False,1154.3200016021729,-47.248005867004395,755385630720.0,224788480.0,32112640.0,654.3988059390291,194.736710520478,0.1472346940819098,18469.120025634766,0.04553509256441899,0.9139121058307409,0e6e08559dbe6eaf,11630473a039827ea1d1ee5d1fe37f174e2b87b7,False,sha256:c2914767605584b6d8f45686b82de173ecc99e781897aa3d0a66dacd72c51ae1,d3ca5a1da86930eb,1201.5680074691772,graph,187.079281907201,628.6665640432984,,7840,0,,,,,,,,,7840,0.0,0.0,,,,,,,
91d46cfa7411,attention_warm,flash_attn_3,flash_attn_3,warm,ok,,,,2026-09-22T00:23:52+00:00,784,warm,,8,9786.511898040771,9700.105285644531,9840.895652770996,9698.016166687012,9778.261775970459,50,10,False,9944.25630569458,,False,9786.511898040771,-157.7444076538086,6043085045760.0,1798307840.0,256901120.0,617.4912071552079,183.7537070138356,0.1560349473539664,156584.19036865234,0.042966947708866915,0.8623681527862715,0e6e08559dbe6eaf,11630473a039827ea1d1ee5d1fe37f174e2b87b7,False,sha256:c2914767605584b6d8f45686b82de173ecc99e781897aa3d0a66dacd72c51ae1,d3ca5a1da86930eb,9944.25630569458,graph,180.8388465379959,607.6960267304682,,7840,0,,,,,,,,,7840,0.0,0.0,,,,,,,
4b1450874080,attention_warm,flash_attn_3,flash_attn_3,warm,ok,,,,2026-09-22T00:23:57+00:00,784,warm,,32,40077.03971862793,39520.34378051758,40531.12449645996,39488.63983154297,40101.88117980957,50,10,False,40163.02490234375,,False,40077.03971862793,-85.98518371582031,24172340183040.0,7193231360.0,1027604480.0,603.1468479894892,179.4850969657962,0.15974585347029627,641232.6354980469,0.04196882283996376,0.8423352869360305,0e6e08559dbe6eaf,11630473a039827ea1d1ee5d1fe37f174e2b87b7,False,sha256:c2914767605584b6d8f45686b82de173ecc99e781897aa3d0a66dacd72c51ae1,d3ca5a1da86930eb,40163.02490234375,graph,179.10083659013029,601.8555684442335,,7840,0,,,,,,,,,7840,0.0,0.0,,,,,,,
82cb5a04e6e6,attention_warm,flash_attn_3,flash_attn_3,warm,ok,,,,2026-09-22T00:23:57+00:00,784,warm,,1,913.7279987335205,909.913581609726,936.8927776813507,908.128023147583,922.4057590961456,50,10,False,933.9839816093445,,False,913.7279987335205,-20.255982875823975,566515138560.0,128450560.0,32112640.0,620.0041361819082,140.5785531121295,0.2330938772279389,14619.647979736328,0.0328713441416572,0.865877627800211,0e6e08559dbe6eaf,11630473a039827ea1d1ee5d1fe37f174e2b87b7,False,sha256:c2914767605584b6d8f45686b82de173ecc99e781897aa3d0a66dacd72c51ae1,d3ca5a1da86930eb,933.9839816093445,graph,137.52972484460312,606.5576602115165,,3920,3920,,,,,,,,,7840,0.5,0.5,,,,,,,
2ecab1b9f8c6,attention_warm,flash_attn_3,flash_attn_3,warm,ok,,,,2026-09-22T00:23:58+00:00,784,warm,,8,7421.919822692871,7304.940986633301,7431.379175186157,7295.904159545898,7396.117124557495,50,10,False,7423.360109329224,,False,7421.919822692871,-1.440286636352539,4532121108480.0,1027604480.0,256901120.0,610.6399983765422,138.45534639946536,0.23666836169301247,118750.71716308594,0.03237487681438153,0.852799977255432,0e6e08559dbe6eaf,11630473a039827ea1d1ee5d1fe37f174e2b87b7,False,sha256:c2914767605584b6d8f45686b82de173ecc99e781897aa3d0a66dacd72c51ae1,d3ca5a1da86930eb,7423.360109329224,graph,138.42848317550562,610.5215214851706,,3920,3920,,,,,,,,,7840,0.5,0.5,,,,,,,
95d42709440e,attention_warm,flash_attn_3,flash_attn_3,warm,ok,,,,2026-09-22T00:24:02+00:00,784,warm,,32,29477.75936126709,29334.172821044922,29734.79633331299,28993.98422241211,29503.27495574951,50,10,False,29471.424102783203,,False,29477.75936126709,6.335258483886719,18128484433920.0,4110417920.0,1027604480.0,614.9885482049324,139.4413282781923,0.234994892867244,471644.14978027344,0.032605427982647,0.8588730206273117,0e6e08559dbe6eaf,11630473a039827ea1d1ee5d1fe37f174e2b87b7,False,sha256:c2914767605584b6d8f45686b82de173ecc99e781897aa3d0a66dacd72c51ae1,d3ca5a1da86930eb,29471.424102783203,graph,139.47130297011412,615.1207478368171,,3920,3920,,,,,,,,,7840,0.5,0.5,,,,,,,
73da3ae71d7a,attention_warm,flash_attn_3,flash_attn_3,warm,ok,,,,2026-09-22T00:24:02+00:00,784,warm,,1,407.72800147533417,401.9999951124192,431.276798248291,375.67999958992004,413.2095980644226,50,10,False,373.29599261283875,,False,407.72800147533417,34.43200886249542,143514599424.0,51380224.0,32112640.0,351.9861253205638,126.01593173410801,0.5200612263715997,6523.648023605347,0.02946618077694552,0.4915723838360597,0e6e08559dbe6eaf,11630473a039827ea1d1ee5d1fe37f174e2b87b7,False,sha256:c2914767605584b6d8f45686b82de173ecc99e781897aa3d0a66dacd72c51ae1,d3ca5a1da86930eb,373.29599261283875,graph,137.63936666014155,384.4525584630241,,784,7056,,,,,,,,,7840,0.9,0.9,,,,,,,
88b1afa60bc4,attention_warm,flash_attn_3,flash_attn_3,warm,ok,,,,2026-09-22T00:24:02+00:00,784,warm,,8,1869.488000869751,1619.5775628089905,1902.4415731430054,1617.3440217971802,1833.8534355163574,50,10,False,1899.8719453811646,,False,1869.488000869751,-30.383944511413574,1148116795392.0,411041792.0,256901120.0,614.1343484728739,219.86864414683004,0.2980688776896924,29911.808013916016,0.05141166776659914,0.8576800730411598,0e6e08559dbe6eaf,11630473a039827ea1d1ee5d1fe37f174e2b87b7,False,sha256:c2914767605584b6d8f45686b82de173ecc99e781897aa3d0a66dacd72c51ae1,d3ca5a1da86930eb,1899.8719453811646,graph,216.3523667999288,604.3127265409761,,784,7056,,,,,,,,,7840,0.9,0.9,,,,,,,
cc281458181c,attention_warm,flash_attn_3,flash_attn_3,warm,ok,,,,2026-09-22T00:24:03+00:00,784,warm,,32,7502.239942550659,7460.524797439575,7599.702262878418,7451.231956481934,7530.6342124938965,50,10,False,7532.495975494385,,False,7502.239942550659,-30.256032943725586,4592467181568.0,1644167168.0,1027604480.0,612.146134585856,219.15683590373217,0.2990369875060052,120035.83908081055,0.05124522634858941,0.8549033981391952,0e6e08559dbe6eaf,11630473a039827ea1d1ee5d1fe37f174e2b87b7,False,sha256:c2914767605584b6d8f45686b82de173ecc99e781897aa3d0a66dacd72c51ae1,d3ca5a1da86930eb,7532.495975494385,graph,218.27654118223242,609.6873063734469,,784,7056,,,,,,,,,7840,0.9,0.9,,,,,,,
2fe15022a642,attention_warm,flash_attn_3,flash_attn_3,warm,ok,,,,2026-09-22T00:24:03+00:00,784,warm,,1,410.14400124549866,385.2191925048828,411.65760457515717,365.6960129737854,406.503683924675,50,10,False,364.6080046892166,,False,410.14400124549866,45.53599655628204,143514599424.0,51380224.0,32112640.0,349.9127111165449,125.27362059172358,0.5231428587315033,6562.3040199279785,0.029292606896141365,0.4886767209401974,0e6e08559dbe6eaf,11630473a039827ea1d1ee5d1fe37f174e2b87b7,False,sha256:c2914767605584b6d8f45686b82de173ecc99e781897aa3d0a66dacd72c51ae1,d3ca5a1da86930eb,364.6080046892166,graph,140.9190784053008,393.61340831320615,,784,7056,,,,,,,,,7840,0.99,0.9,,,,,,,
fb15a14e18a5,attention_warm,flash_attn_3,flash_attn_3,warm,ok,,,,2026-09-22T00:24:03+00:00,784,warm,,8,1772.383987903595,1619.20645236969,1889.0207886695862,1617.408037185669,1754.605438709259,50,10,False,1888.4159922599792,,False,1772.383987903595,-116.03200435638428,1148116795392.0,411041792.0,256901120.0,647.781069580758,231.91463859148664,0.28258673276524154,28358.14380645752,0.054228370742642446,0.9046699902948765,0e6e08559dbe6eaf,11630473a039827ea1d1ee5d1fe37f174e2b87b7,False,sha256:c2914767605584b6d8f45686b82de173ecc99e781897aa3d0a66dacd72c51ae1,d3ca5a1da86930eb,1888.4159922599792,graph,217.66485439899392,607.9787504965899,,784,7056,,,,,,,,,7840,0.99,0.9,,,,,,,
9198fdaa9140,attention_warm,flash_attn_3,flash_attn_3,warm,ok,,,,2026-09-22T00:24:04+00:00,784,warm,,32,7572.351932525635,7497.913599014282,7698.307323455811,7494.431972503662,7585.921306610107,50,10,False,7571.167945861816,,False,7572.351932525635,1.1839866638183594,4592467181568.0,1644167168.0,1027604480.0,606.4783072009513,217.1276748162991,0.30183162996355367,121157.63092041016,0.050770749616917056,0.8469878946055505,0e6e08559dbe6eaf,11630473a039827ea1d1ee5d1fe37f174e2b87b7,False,sha256:c2914767605584b6d8f45686b82de173ecc99e781897aa3d0a66dacd72c51ae1,d3ca5a1da86930eb,7571.167945861816,graph,217.16162945489205,606.5731488730364,,784,7056,,,,,,,,,7840,0.99,0.9,,,,,,,
bc08daaa8e8f,attention_warm,flash_attn_3,flash_attn_3,warm,ok,,,,2026-09-22T00:24:05+00:00,784,warm,,1,4791.440010070801,4727.558279037476,4906.428670883179,4725.40807723999,4805.902061462402,50,10,False,4859.232187271118,,False,4791.440010070801,-67.79217720031738,3021349847040.0,449576960.0,64225280.0,630.5724042646118,93.82919520124742,0.30557653125451534,76663.04016113281,0.021939987983336365,0.880636927558694,0e6e08559dbe6eaf,11630473a039827ea1d1ee5d1fe37f174e2b87b7,False,sha256:c2914767605584b6d8f45686b82de173ecc99e781897aa3d0a66dacd72c51ae1,d3ca5a1da86930eb,4859.232187271118,graph,92.52016423040625,621.7751551272859,,15680,0,,,,,,,,,15680,0.0,0.0,,,,,,,
56e158f9850f,attention_warm,flash_attn_3,flash_attn_3,warm,ok,,,,2026-09-22T00:24:09+00:00,784,warm,,8,38715.904235839844,38560.18524169922,39048.73123168945,38238.46435546875,38759.19418334961,50,10,False,38712.25547790527,,False,38715.904235839844,3.6487579345703125,24170798776320.0,3596615680.0,513802240.0,624.3118752717846,92.89762827418515,0.3086408182066314,619454.4677734375,0.021722160609440825,0.871893676220943,0e6e08559dbe6eaf,11630473a039827ea1d1ee5d1fe37f174e2b87b7,False,sha256:c2914767605584b6d8f45686b82de173ecc99e781897aa3d0a66dacd72c51ae1,d3ca5a1da86930eb,38712.25547790527,graph,92.90638418246493,624.3707187279568,,15680,0,,,,,,,,,15680,0.0,0.0,,,,,,,
659d6c3064ca,attention_warm,flash_attn_3,flash_attn_3,warm,ok,,,,2026-09-22T00:24:29+00:00,784,warm,,32,154766.31927490234,154087.29553222656,155686.14349365234,154067.71850585938,154763.9434814453,50,10,False,154792.12951660156,,False,154766.31927490234,-25.81024169921875,96683195105280.0,14386462720.0,2055208960.0,624.7043643491146,92.95603066224098,0.3084469054426466,2476261.1083984375,0.021735816782121352,0.8724418137112973,0e6e08559dbe6eaf,11630473a039827ea1d1ee5d1fe37f174e2b87b7,False,sha256:c2914767605584b6d8f45686b82de173ecc99e781897aa3d0a66dacd72c51ae1,d3ca5a1da86930eb,154792.12951660156,graph,92.94053105236878,624.6002003280836,,15680,0,,,,,,,,,15680,0.0,0.0,,,,,,,
a82a0911341f,attention_warm,flash_attn_3,flash_attn_3,warm,ok,,,,2026-09-22T00:24:29+00:00,784,warm,,1,3678.431987762451,3554.1568756103516,3681.0911655426025,3464.479923248291,3651.1078453063965,50,10,False,3645.2159881591797,,False,3678.431987762451,33.215999603271484,2265964216320.0,256901120.0,64225280.0,616.0136231575021,69.83984503578388,0.46918775354112896,58854.91180419922,0.016330581942610556,0.8603046069933551,0e6e08559dbe6eaf,11630473a039827ea1d1ee5d1fe37f174e2b87b7,False,sha256:c2914767605584b6d8f45686b82de173ecc99e781897aa3d0a66dacd72c51ae1,d3ca5a1da86930eb,3645.2159881591797,graph,70.47624086871575,621.6268730523987,,7840,7840,,,,,,,,,15680,0.5,0.5,,,,,,,
ee403c94ef3a,attention_warm,flash_attn_3,flash_attn_3,warm,ok,,,,2026-09-22T00:24:33+00:00,784,warm,,8,28818.896293640137,28688.67473602295,29051.282501220703,28686.847686767578,28850.19634246826,50,10,False,28805.200576782227,,False,28818.896293640137,13.695716857910156,18127713730560.0,2055208960.0,513802240.0,629.021789934422,71.31463117321225,0.4594849536613542,461102.3406982422,0.016675429727607216,0.878471389976758,0e6e08559dbe6eaf,11630473a039827ea1d1ee5d1fe37f174e2b87b7,False,sha256:c2914767605584b6d8f45686b82de173ecc99e781897aa3d0a66dacd72c51ae1,d3ca5a1da86930eb,28805.200576782227,graph,71.34853841832138,629.3208645515015,,7840,7840,,,,,,,,,15680,0.5,0.5,,,,,,,
f6ddb19b5467,attention_warm,flash_attn_3,flash_attn_3,warm,ok,,,,2026-09-22T00:24:47+00:00,784,warm,,32,115421.10443115234,114805.98678588867,116333.9469909668,114494.46105957031,115547.70111083984,50,10,False,115543.69735717773,,False,115421.10443115234,-122.59292602539062,72510854922240.0,8220835840.0,2055208960.0,628.2287392726525,71.22471995495118,0.460064988963458,1846737.6708984375,0.0166544058762997,0.8773638411949594,0e6e08559dbe6eaf,11630473a039827ea1d1ee5d1fe37f174e2b87b7,False,sha256:c2914767605584b6d8f45686b82de173ecc99e781897aa3d0a66dacd72c51ae1,d3ca5a1da86930eb,115543.69735717773,graph,71.14914987173302,627.5621827998871,,7840,7840,,,,,,,,,15680,0.5,0.5,,,,,,,
2965c21d95ea,attention_warm,flash_attn_3,flash_attn_3,warm,ok,,,,2026-09-22T00:24:47+00:00,784,warm,,1,1089.0719890594482,1061.89124584198,1131.5263748168945,1058.4319829940796,1100.9222435951233,50,10,False,1046.239972114563,,False,1089.0719890594482,42.832016944885254,574039130112.0,102760448.0,64225280.0,527.0901610533163,94.35597373939136,0.6945612175124032,17425.151824951172,0.02206316408829995,0.7361169896385513,0e6e08559dbe6eaf,11630473a039827ea1d1ee5d1fe37f174e2b87b7,False,sha256:c2914767605584b6d8f45686b82de173ecc99e781897aa3d0a66dacd72c51ae1,d3ca5a1da86930eb,1046.239972114563,graph,98.21881283345553,548.668704515089,,1568,14112,,,,,,,,,15680,0.9,0.9,,,,,,,
0665658db337,attention_warm,flash_attn_3,flash_attn_3,warm,ok,,,,2026-09-22T00:24:48+00:00,784,warm,,8,7390.960216522217,7368.732643127441,7587.852954864502,7350.719928741455,7453.4137535095215,50,10,False,7593.37592124939,,False,7390.960216522217,-202.41570472717285,4592313040896.0,822083584.0,513802240.0,621.3418698466345,111.22825179903727,0.5892028233834675,118255.36346435547,0.026008392192262413,0.8677458631629213,0e6e08559dbe6eaf,11630473a039827ea1d1ee5d1fe37f174e2b87b7,False,sha256:c2914767605584b6d8f45686b82de173ecc99e781897aa3d0a66dacd72c51ae1,d3ca5a1da86930eb,7593.37592124939,graph,108.26325372611568,604.7788346741557,,1568,14112,,,,,,,,,15680,0.9,0.9,,,,,,,
32082fc0f22d,attention_warm,flash_attn_3,flash_attn_3,warm,ok,,,,2026-09-22T00:24:52+00:00,784,warm,,32,29407.24754333496,29157.41424560547,30204.214096069336,29148.639678955078,29682.022399902344,50,10,False,29598.095893859863,,False,29407.24754333496,-190.84835052490234,18369252163584.0,3288334336.0,2055208960.0,624.6505095900184,111.8205412170677,0.586081942429348,470515.9606933594,0.026146886641526024,0.8723666019049064,0e6e08559dbe6eaf,11630473a039827ea1d1ee5d1fe37f174e2b87b7,False,sha256:c2914767605584b6d8f45686b82de173ecc99e781897aa3d0a66dacd72c51ae1,d3ca5a1da86930eb,29598.095893859863,graph,111.09952301634938,620.6227667298932,,1568,14112,,,,,,,,,15680,0.9,0.9,,,,,,,
9cb4321fc5d0,attention_warm,flash_attn_3,flash_attn_3,warm,ok,,,,2026-09-22T00:24:52+00:00,784,warm,,1,793.3599948883057,752.1152198314667,875.164806842804,747.5519776344299,804.9766397476196,50,10,False,702.1439969539642,,False,793.3599948883057,91.21599793434143,294572457984.0,83492864.0,64225280.0,371.2973427976688,105.23956909593691,1.0119387689901858,12693.75991821289,0.024608064434359086,0.5185418025918463,0e6e08559dbe6eaf,11630473a039827ea1d1ee5d1fe37f174e2b87b7,False,sha256:c2914767605584b6d8f45686b82de173ecc99e781897aa3d0a66dacd72c51ae1,d3ca5a1da86930eb,702.1439969539642,graph,118.91131215563776,419.53282982110795,,784,14896,,,,,,,,,15680,0.99,0.95,,,,,,,
867655e20798,attention_warm,flash_attn_3,flash_attn_3,warm,ok,,,,2026-09-22T00:24:52+00:00,784,warm,,8,3769.0879106521606,3717.459225654602,3783.95836353302,3454.848051071167,3751.2102365493774,50,10,False,3782.2399139404297,,False,3769.0879106521606,-13.152003288269043,2356579663872.0,667942912.0,513802240.0,625.2387101961345,177.21606071120445,0.600938761264694,60305.40657043457,0.04143825633502122,0.8731880637561626,0e6e08559dbe6eaf,11630473a039827ea1d1ee5d1fe37f174e2b87b7,False,sha256:c2914767605584b6d8f45686b82de173ecc99e781897aa3d0a66dacd72c51ae1,d3ca5a1da86930eb,3782.2399139404297,graph,176.59982634579117,623.0645642509911,,784,14896,,,,,,,,,15680,0.99,0.95,,,,,,,
ea9d68376f05,attention_warm,flash_attn_3,flash_attn_3,warm,ok,,,,2026-09-22T00:24:54+00:00,784,warm,,32,15084.112167358398,14997.135829925537,15875.48189163208,14965.0239944458,15320.611839294434,50,10,False,15236.400127410889,,False,15084.112167358398,-152.28796005249023,9426318655488.0,2671771648.0,2055208960.0,624.9170352820827,177.12488599638232,0.6012480934055484,241345.79467773438,0.04141693704156153,0.8727388230249358,0e6e08559dbe6eaf,11630473a039827ea1d1ee5d1fe37f174e2b87b7,False,sha256:c2914767605584b6d8f45686b82de173ecc99e781897aa3d0a66dacd72c51ae1,d3ca5a1da86930eb,15236.400127410889,graph,175.3545211242764,618.670983740423,,784,14896,,,,,,,,,15680,0.99,0.95,,,,,,,
41684bb0b731,attention_warm,flash_attn_3,flash_attn_3,warm,ok,,,,2026-09-22T00:24:56+00:00,784,warm,,1,19052.47974395752,18961.26003265381,19794.984817504883,18956.67266845703,19180.76229095459,50,10,False,19050.832748413086,,False,19052.47974395752,1.6469955444335938,12085014036480.0,899153920.0,128450560.0,634.3013717315592,47.19353764357976,0.6075408081619107,304839.6759033203,0.011035218266238595,0.8858446823396674,0e6e08559dbe6eaf,11630473a039827ea1d1ee5d1fe37f174e2b87b7,False,sha256:c2914767605584b6d8f45686b82de173ecc99e781897aa3d0a66dacd72c51ae1,d3ca5a1da86930eb,19050.832748413086,graph,47.19761765138055,634.3562087849766,,31360,0,,,,,,,,,31360,0.0,0.0,,,,,,,
126d5879516a,attention_warm,flash_attn_3,flash_attn_3,warm,ok,,,,2026-09-22T00:25:15+00:00,784,warm,,8,153194.97680664062,151835.5987548828,154532.61108398438,151561.5997314453,153231.70013427734,50,10,False,153844.30694580078,,False,153194.97680664062,-649.3301391601562,96680112291840.0,7193231360.0,1027604480.0,631.0919215965387,46.95474688493958,0.6106304879091224,2451119.62890625,0.010979382059140577,0.8813624685812751,0e6e08559dbe6eaf,11630473a039827ea1d1ee5d1fe37f174e2b87b7,False,sha256:c2914767605584b6d8f45686b82de173ecc99e781897aa3d0a66dacd72c51ae1,d3ca5a1da86930eb,153844.30694580078,graph,46.75656514565839,628.4282740855683,,31360,0,,,,,,,,,31360,0.0,0.0,,,,,,,
d4632c785e57,attention_warm,flash_attn_3,flash_attn_3,warm,ok,,,,2026-09-22T00:26:32+00:00,784,warm,,32,619694.7326660156,612058.3557128906,635121.6003417969,610152.4658203125,621690.5285644531,50,10,False,621532.8674316406,,False,619694.7326660156,-1838.134765625,386720449167360.0,28772925440.0,4110417920.0,624.0499213276079,46.43080523891941,0.617521058539955,9915115.72265625,0.010856869301858618,0.8715278398554416,0e6e08559dbe6eaf,11630473a039827ea1d1ee5d1fe37f174e2b87b7,False,sha256:c2914767605584b6d8f45686b82de173ecc99e781897aa3d0a66dacd72c51ae1,d3ca5a1da86930eb,621532.8674316406,graph,46.293489769733846,622.2043425722671,,31360,0,,,,,,,,,31360,0.0,0.0,,,,,,,
535614c2534d,attention_warm,flash_attn_3,flash_attn_3,warm,ok,,,,2026-09-22T00:26:34+00:00,784,warm,,1,14266.848087310791,14071.926498413086,15930.34887313843,14047.679901123047,14646.661777496338,50,10,False,14460.432052612305,,False,14266.848087310791,-193.58396530151367,9063664189440.0,513802240.0,128450560.0,635.2954860086719,36.01371773608395,0.9098755157723719,228269.56939697266,0.008421052026186888,0.8872330300325223,0e6e08559dbe6eaf,11630473a039827ea1d1ee5d1fe37f174e2b87b7,False,sha256:c2914767605584b6d8f45686b82de173ecc99e781897aa3d0a66dacd72c51ae1,d3ca5a1da86930eb,14460.432052612305,graph,35.531596713749686,626.7906903793121,,15680,15680,,,,,,,,,31360,0.5,0.5,,,,,,,
c2bef478e19a,attention_warm,flash_attn_3,flash_attn_3,warm,ok,,,,2026-09-22T00:26:48+00:00,784,warm,,8,115215.02685546875,114047.32894897461,118446.05407714844,113284.31701660156,115822.05047607422,50,10,False,117139.26696777344,,False,115215.02685546875,-1924.2401123046875,72509313515520.0,4110417920.0,1027604480.0,629.3390323684006,35.6760574743111,0.9184871401105609,1843440.4296875,0.00834209726088322,0.8789144404503605,0e6e08559dbe6eaf,11630473a039827ea1d1ee5d1fe37f174e2b87b7,False,sha256:c2914767605584b6d8f45686b82de173ecc99e781897aa3d0a66dacd72c51ae1,d3ca5a1da86930eb,117139.26696777344,graph,35.09000889625535,619.0009156832804,,15680,15680,,,,,,,,,31360,0.5,0.5,,,,,,,
9281248c7c23,attention_warm,flash_attn_3,flash_attn_3,warm,ok,,,,2026-09-22T00:27:45+00:00,784,warm,,32,466359.06982421875,459243.7194824219,472873.8250732422,456165.0695800781,466386.55029296875,50,10,False,465515.56396484375,,False,466359.06982421875,843.505859375,290037254062080.0,16441671680.0,4110417920.0,621.9183303787821,35.255391701071105,0.92944648801064,7461745.1171875,0.008243733398866809,0.8685509292084,0e6e08559dbe6eaf,11630473a039827ea1d1ee5d1fe37f174e2b87b7,False,sha256:c2914767605584b6d8f45686b82de173ecc99e781897aa3d0a66dacd72c51ae1,d3ca5a1da86930eb,465515.56396484375,graph,35.31927383901969,623.0452352479969,,15680,15680,,,,,,,,,31360,0.5,0.5,,,,,,,
4a5484e98fe2,attention_warm,flash_attn_3,flash_attn_3,warm,ok,,,,2026-09-22T00:27:46+00:00,784,warm,,1,3946.287989616394,3861.6127014160156,3950.054430961609,3628.9279460906982,3914.540796279907,50,10,False,3876.4480352401733,,False,3946.287989616394,69.8399543762207,2296117985280.0,205520896.0,128450560.0,581.8424786334964,52.0795483098987,1.2583826497501256,63140.607833862305,0.01217770931154243,0.812582297039308,0e6e08559dbe6eaf,11630473a039827ea1d1ee5d1fe37f174e2b87b7,False,sha256:c2914767605584b6d8f45686b82de173ecc99e781897aa3d0a66dacd72c51ae1,d3ca5a1da86930eb,3876.4480352401733,graph,53.017838529406866,592.3252328952577,,3136,28224,,,,,,,,,31360,0.9,0.9,,,,,,,
8a991a2ef8c7,attention_warm,flash_attn_3,flash_attn_3,warm,ok,,,,2026-09-22T00:27:49+00:00,784,warm,,8,29071.855545043945,28888.98811340332,30156.016159057617,28875.96893310547,29357.338829040527,50,10,False,30211.856842041016,,False,29071.855545043945,-1140.0012969970703,18368943882240.0,1644167168.0,1027604480.0,631.8462835569319,56.55528817046187,1.158795262477836,465149.6887207031,0.01322426713980344,0.8824159859800306,0e6e08559dbe6eaf,11630473a039827ea1d1ee5d1fe37f174e2b87b7,False,sha256:c2914767605584b6d8f45686b82de173ecc99e781897aa3d0a66dacd72c51ae1,d3ca5a1da86930eb,30211.856842041016,graph,54.42125509187754,608.0044658717857,,3136,28224,,,,,,,,,31360,0.9,0.9,,,,,,,
b74d37735104,attention_warm,flash_attn_3,flash_attn_3,warm,ok,,,,2026-09-22T00:28:04+00:00,784,warm,,32,118362.4496459961,116391.21932983398,120221.43325805664,115421.98181152344,118262.58544921875,50,10,False,117230.76629638672,,False,118362.4496459961,1131.683349609375,73475775528960.0,6576668672.0,4110417920.0,620.7693043588972,55.56381007380133,1.1794727523716129,1893799.1943359375,0.012992430796330418,0.8669462368098856,0e6e08559dbe6eaf,11630473a039827ea1d1ee5d1fe37f174e2b87b7,False,sha256:c2914767605584b6d8f45686b82de173ecc99e781897aa3d0a66dacd72c51ae1,d3ca5a1da86930eb,117230.76629638672,graph,56.10019348822347,626.7618804367115,,3136,28224,,,,,,,,,31360,0.9,0.9,,,,,,,
fe5441b3dee4,attention_warm,flash_attn_3,flash_attn_3,warm,ok,,,,2026-09-22T00:28:04+00:00,784,warm,,1,1442.5920248031616,1376.1023879051208,1642.2272443771365,1371.8080520629883,1464.0748810768127,50,10,False,1351.5200018882751,,False,1442.5920248031616,91.07202291488647,596688175104.0,147718144.0,128450560.0,413.6222610723338,102.3977267725127,1.8400408479632164,23081.472396850586,0.023943559252440665,0.5776514079860791,0e6e08559dbe6eaf,11630473a039827ea1d1ee5d1fe37f174e2b87b7,False,sha256:c2914767605584b6d8f45686b82de173ecc99e781897aa3d0a66dacd72c51ae1,d3ca5a1da86930eb,1351.5200018882751,graph,109.29778604357739,441.4941504900687,,784,30576,,,,,,,,,31360,0.99,0.975,,,,,,,
c75b9d22df35,attention_warm,flash_attn_3,flash_attn_3,warm,ok,,,,2026-09-22T00:28:05+00:00,784,warm,,8,7745.63193321228,7504.012966156006,7783.89778137207,7423.711776733398,7666.839065551758,50,10,False,7832.639932632446,,False,7745.63193321228,-87.00799942016602,4773505400832.0,1181745152.0,1027604480.0,616.2835314138565,152.56923672461477,1.2349540709841007,123930.11093139648,0.0356751138404771,0.8606815520927459,0e6e08559dbe6eaf,11630473a039827ea1d1ee5d1fe37f174e2b87b7,False,sha256:c2914767605584b6d8f45686b82de173ecc99e781897aa3d0a66dacd72c51ae1,d3ca5a1da86930eb,7832.639932632446,graph,150.87443852443647,609.4376151448708,,784,30576,,,,,,,,,31360,0.99,0.975,,,,,,,
20399c5821fc,attention_warm,flash_attn_3,flash_attn_3,warm,ok,,,,2026-09-22T00:28:09+00:00,784,warm,,32,31359.16805267334,30137.807846069336,31801.98097229004,29981.24885559082,31121.284523010254,50,10,False,31019.824028015137,,False,31359.16805267334,339.3440246582031,19094021603328.0,4726980608.0,4110417920.0,608.8816377799363,150.73679888637957,1.249966838834237,501746.68884277344,0.03524663671174482,0.850344307989123,0e6e08559dbe6eaf,11630473a039827ea1d1ee5d1fe37f174e2b87b7,False,sha256:c2914767605584b6d8f45686b82de173ecc99e781897aa3d0a66dacd72c51ae1,d3ca5a1da86930eb,31019.824028015137,graph,152.38579702228134,615.5425506631982,,784,30576,,,,,,,,,31360,0.99,0.975,,,,,,,
2748bdcae792,attention_warm,flash_attn_3,flash_attn_3,warm,ok,,,,2026-09-22T00:28:18+00:00,784,warm,,1,77512.86315917969,76101.88674926758,79376.8814086914,74180.9310913086,77443.52005004883,50,10,False,77617.23327636719,,False,77512.86315917969,-104.3701171875,48339285442560.0,1798307840.0,256901120.0,623.6292077521495,23.200121459931264,1.235855598838962,1240205.810546875,0.005424861472499009,0.8709402849482362,0e6e08559dbe6eaf,11630473a039827ea1d1ee5d1fe37f174e2b87b7,False,sha256:c2914767605584b6d8f45686b82de173ecc99e781897aa3d0a66dacd72c51ae1,d3ca5a1da86930eb,77617.23327636719,graph,23.168924787577385,622.7906278292747,,62720,0,,,,,,,,,62720,0.0,0.0,,,,,,,
42bd866c0166,attention_warm,flash_attn_3,flash_attn_3,warm,ok,,,,2026-09-22T00:29:35+00:00,784,warm,,8,619296.5393066406,612326.904296875,628883.8928222656,607164.2456054688,619935.7263183594,50,10,False,619332.1838378906,,False,619296.5393066406,-35.64453125,386714283540480.0,14386462720.0,2055208960.0,624.4412151462079,23.2303295867065,1.2342485238094718,9908744.62890625,0.005431925008928436,0.8720743080862968,0e6e08559dbe6eaf,11630473a039827ea1d1ee5d1fe37f174e2b87b7,False,sha256:c2914767605584b6d8f45686b82de173ecc99e781897aa3d0a66dacd72c51ae1,d3ca5a1da86930eb,619332.1838378906,graph,23.228992607569122,624.4052765740041,,62720,0,,,,,,,,,62720,0.0,0.0,,,,,,,
3066bdfdade4,attention_warm,flash_attn_3,flash_attn_3,warm,ok,,,,2026-09-22T00:32:36+00:00,784,warm,,32,2479546.0205078125,2470146.435546875,2492708.6669921875,2460303.22265625,2479775.029296875,50,10,False,,PointTimeout: point exceeded 180 s,False,2479546.0205078125,,1546857134161920.0,57545850880.0,8220835840.0,623.8469144626414,23.20822053878015,1.2354243166592656,39672736.328125,0.005426755272101996,0.8712443270651127,0e6e08559dbe6eaf,11630473a039827ea1d1ee5d1fe37f174e2b87b7,False,sha256:c2914767605584b6d8f45686b82de173ecc99e781897aa3d0a66dacd72c51ae1,d3ca5a1da86930eb,2479546.0205078125,eager,23.20822053878015,623.8469144626414,,62720,0,,,,,,,,,62720,0.0,0.0,,,,,,,
70d0401a30ad,attention_warm,flash_attn_3,flash_attn_3,warm,ok,,,,2026-09-22T00:32:43+00:00,784,warm,,1,58941.12014770508,57447.66273498535,59924.57618713379,56763.87023925781,58693.88259887695,50,10,False,57890.625,,False,58941.12014770508,1050.4951477050781,36254271406080.0,1027604480.0,256901120.0,615.0930168145369,17.434424005258926,1.8795000047099835,943057.9223632812,0.004076674134861242,0.8590189180924819,0e6e08559dbe6eaf,11630473a039827ea1d1ee5d1fe37f174e2b87b7,False,sha256:c2914767605584b6d8f45686b82de173ecc99e781897aa3d0a66dacd72c51ae1,d3ca5a1da86930eb,57890.625,graph,17.75079263697706,626.2546207797895,,31360,31360,,,,,,,,,62720,0.5,0.5,,,,,,,
76c4a114d017,attention_warm,flash_attn_3,flash_attn_3,warm,ok,,,,2026-09-22T00:33:40+00:00,784,warm,,8,463021.22497558594,461594.52209472656,470217.4346923828,458749.45068359375,464241.5020751953,50,10,False,463530.28869628906,,False,463021.22497558594,-509.063720703125,290034171248640.0,8220835840.0,2055208960.0,626.394980627363,17.75477104841893,1.8455884286335535,7408339.599609375,0.00415158056736717,0.8748028734641319,0e6e08559dbe6eaf,11630473a039827ea1d1ee5d1fe37f174e2b87b7,False,sha256:c2914767605584b6d8f45686b82de173ecc99e781897aa3d0a66dacd72c51ae1,d3ca5a1da86930eb,463530.28869628906,graph,17.735272193585597,625.7070537167725,,31360,31360,,,,,,,,,62720,0.5,0.5,,,,,,,
92eb36cea186,attention_warm,flash_attn_3,flash_attn_3,warm,ok,,,,2026-09-22T00:37:29+00:00,784,warm,,32,1855818.115234375,1853263.3178710938,1857059.6313476562,1848096.3134765625,1856802.0556640625,50,10,False,,PointTimeout: point exceeded 180 s,False,1855818.115234375,,1160136684994560.0,32883343360.0,8220835840.0,625.1349070639092,17.719055057206994,1.8493085491413972,29693089.84375,0.004143229132439885,0.8730430956750737,0e6e08559dbe6eaf,11630473a039827ea1d1ee5d1fe37f174e2b87b7,False,sha256:c2914767605584b6d8f45686b82de173ecc99e781897aa3d0a66dacd72c51ae1,d3ca5a1da86930eb,1855818.115234375,eager,17.719055057206994,625.1349070639092,,31360,31360,,,,,,,,,62720,0.5,0.5,,,,,,,
e6107827be76,attention_warm,flash_attn_3,flash_attn_3,warm,ok,,,,2026-09-22T00:37:30+00:00,784,warm,,1,14570.799827575684,14560.09578704834,15289.379119873047,14558.303833007812,14737.240943908691,50,10,False,15127.69603729248,,False,14570.799827575684,-556.8962097167969,9184394870784.0,411041792.0,256901120.0,630.328806892416,28.209967665748238,2.32315048271296,233132.79724121094,0.006596308859618092,0.8802967273850723,0e6e08559dbe6eaf,11630473a039827ea1d1ee5d1fe37f174e2b87b7,False,sha256:c2914767605584b6d8f45686b82de173ecc99e781897aa3d0a66dacd72c51ae1,d3ca5a1da86930eb,15127.69603729248,graph,27.171473500439745,607.1244985451071,,6272,56448,,,,,,,,,62720,0.9,0.9,,,,,,,
035e0274fb53,attention_warm,flash_attn_3,flash_attn_3,warm,ok,,,,2026-09-22T00:37:45+00:00,784,warm,,8,117788.07830810547,116850.32653808594,119874.70779418945,116531.42547607422,118056.923828125,50,10,False,117778.09524536133,,False,117788.07830810547,9.983062744140625,73475158966272.0,3288334336.0,2055208960.0,623.7911342273412,27.91737825451658,2.347498371893046,1884609.2529296875,0.006527892966753345,0.8711664262012293,0e6e08559dbe6eaf,11630473a039827ea1d1ee5d1fe37f174e2b87b7,False,sha256:c2914767605584b6d8f45686b82de173ecc99e781897aa3d0a66dacd72c51ae1,d3ca5a1da86930eb,117778.09524536133,graph,27.919744576863586,623.8440077775481,,6272,56448,,,,,,,,,62720,0.9,0.9,,,,,,,
61fd6b895ee2,attention_warm,flash_attn_3,flash_attn_3,warm,ok,,,,2026-09-22T00:38:43+00:00,784,warm,,32,474241.43981933594,472833.6975097656,475867.3278808594,471033.7219238281,474265.4895019531,50,10,False,474183.59375,,False,474241.43981933594,57.8460693359375,293900635865088.0,13153337344.0,8220835840.0,619.7278668373025,27.735529288648443,2.362889826905971,7587863.037109375,0.006485371402784138,0.86549179901169,0e6e08559dbe6eaf,11630473a039827ea1d1ee5d1fe37f174e2b87b7,False,sha256:c2914767605584b6d8f45686b82de173ecc99e781897aa3d0a66dacd72c51ae1,d3ca5a1da86930eb,474183.59375,graph,27.738912770007662,619.8034679791956,,6272,56448,,,,,,,,,62720,0.9,0.9,,,,,,,
321e4c6b0baa,attention_warm,flash_attn_3,flash_attn_3,warm,ok,,,,2026-09-22T00:38:44+00:00,784,warm,,1,2739.840030670166,2701.907229423523,2844.7712421417236,2699.1360187530518,2790.7596826553345,50,10,False,2687.4719858169556,,False,2739.840030670166,52.36804485321045,1200919609344.0,276168704.0,256901120.0,438.3174184991576,100.79738266049388,3.49469391667113,43837.440490722656,0.023569352370333366,0.6121398623092568,0e6e08559dbe6eaf,11630473a039827ea1d1ee5d1fe37f174e2b87b7,False,sha256:c2914767605584b6d8f45686b82de173ecc99e781897aa3d0a66dacd72c51ae1,d3ca5a1da86930eb,2687.4719858169556,graph,102.7615191739565,446.85846612794984,,784,61936,,,,,,,,,62720,0.99,0.9875,,,,,,,
dbf062765560,attention_warm,flash_attn_3,flash_attn_3,warm,ok,,,,2026-09-22T00:38:46+00:00,784,warm,,8,15733.61587524414,15567.302513122559,15802.109050750732,15170.33576965332,15680.141372680664,50,10,False,15614.320278167725,,False,15733.61587524414,119.29559707641602,9607356874752.0,2209349632.0,2055208960.0,610.6261237678095,140.4222430189282,2.5085484494968338,251737.85400390625,0.032834794307043835,0.8527806004277707,0e6e08559dbe6eaf,11630473a039827ea1d1ee5d1fe37f174e2b87b7,False,sha256:c2914767605584b6d8f45686b82de173ecc99e781897aa3d0a66dacd72c51ae1,d3ca5a1da86930eb,15614.320278167725,graph,141.49508865199593,615.2913930032043,,784,61936,,,,,,,,,62720,0.99,0.9875,,,,,,,
a4a025411ae5,attention_warm,flash_attn_3,flash_attn_3,warm,ok,,,,2026-09-22T00:38:53+00:00,784,warm,,32,62175.567626953125,62118.09997558594,62423.48747253418,61337.18490600586,62206.2873840332,50,10,False,62665.58265686035,,False,62175.567626953125,-490.01502990722656,38429427499008.0,8837398528.0,8220835840.0,618.0792386099396,142.13619377025174,2.478299092273323,994809.08203125,0.03323556571734331,0.8631893784062012,0e6e08559dbe6eaf,11630473a039827ea1d1ee5d1fe37f174e2b87b7,False,sha256:c2914767605584b6d8f45686b82de173ecc99e781897aa3d0a66dacd72c51ae1,d3ca5a1da86930eb,62665.58265686035,graph,141.0247563864711,613.2461531465697,,784,61936,,,,,,,,,62720,0.99,0.9875,,,,,,,
2be3f4e605e0,attention_warm,flash_attn_3,flash_attn_3,warm,ok,,,,2026-09-22T00:39:31+00:00,784,warm,,1,308394.1192626953,307790.05126953125,309754.541015625,306932.0373535156,308896.57653808594,50,10,False,308979.4006347656,,False,308394.1192626953,-585.2813720703125,193355600363520.0,3596615680.0,513802240.0,626.9756402158125,11.662400335644346,2.458499037489599,4934305.908203125,0.0027270075446356725,0.8756138037751816,0e6e08559dbe6eaf,11630473a039827ea1d1ee5d1fe37f174e2b87b7,False,sha256:c2914767605584b6d8f45686b82de173ecc99e781897aa3d0a66dacd72c51ae1,d3ca5a1da86930eb,308979.4006347656,graph,11.640308941667739,625.7879974078897,,125440,0,,,,,,,,,125440,0.0,0.0,,,,,,,
e7e5a4520f76,attention_warm,flash_attn_3,flash_attn_3,warm,ok,,,,2026-09-22T00:42:32+00:00,784,warm,,8,2467285.5224609375,2461148.681640625,2487665.6005859375,2451090.33203125,2471220.3125,50,10,False,,PointTimeout: point exceeded 180 s,False,2467285.5224609375,,1546844802908160.0,28772925440.0,4110417920.0,626.9419525330393,11.661773709635803,2.4586311408451627,39476568.359375,0.0027268610212953836,0.8755667566521973,0e6e08559dbe6eaf,11630473a039827ea1d1ee5d1fe37f174e2b87b7,False,sha256:c2914767605584b6d8f45686b82de173ecc99e781897aa3d0a66dacd72c51ae1,d3ca5a1da86930eb,2467285.5224609375,eager,11.661773709635803,626.9419525330393,,125440,0,,,,,,,,,125440,0.0,0.0,,,,,,,
4b5201aa2441,attention_warm,flash_attn_3,flash_attn_3,warm,ok,,,,2026-09-22T00:52:53+00:00,784,warm,,1,230662.5747680664,228647.8775024414,234215.41137695312,225973.78540039062,230998.51928710938,50,10,False,231015.57159423828,,False,230662.5747680664,-352.996826171875,145016314920960.0,2055208960.0,513802240.0,628.6945988822652,8.910023492395911,3.6776558477051404,3690601.1962890625,0.0020834219875288038,0.8780144455863161,0e6e08559dbe6eaf,11630473a039827ea1d1ee5d1fe37f174e2b87b7,False,sha256:c2914767605584b6d8f45686b82de173ecc99e781897aa3d0a66dacd72c51ae1,d3ca5a1da86930eb,231015.57159423828,graph,8.896408782390749,627.7339398387846,,62720,62720,,,,,,,,,125440,0.5,0.5,,,,,,,
eaae4ec292c4,attention_warm,flash_attn_3,flash_attn_3,warm,ok,,,,2026-09-22T00:56:41+00:00,784,warm,,8,1852728.6376953125,1836928.515625,1869285.8642578125,1830924.8046875,1852177.9931640625,50,10,False,,PointTimeout: point exceeded 180 s,False,1852728.6376953125,,1160130519367680.0,16441671680.0,4110417920.0,626.1740093847825,8.874301041976924,3.6924598168353646,29643658.203125,0.0020750690422515167,0.8744942722078307,0e6e08559dbe6eaf,11630473a039827ea1d1ee5d1fe37f174e2b87b7,False,sha256:c2914767605584b6d8f45686b82de173ecc99e781897aa3d0a66dacd72c51ae1,d3ca5a1da86930eb,1852728.6376953125,eager,8.874301041976924,626.1740093847825,,62720,62720,,,,,,,,,125440,0.5,0.5,,,,,,,
a650b611dd47,attention_warm,flash_attn_3,flash_attn_3,warm,ok,,,,2026-09-22T01:04:12+00:00,784,warm,,1,59247.98393249512,57563.50784301758,60558.81118774414,56742.91229248047,59024.64782714844,50,10,False,57930.240631103516,,False,59247.98393249512,1317.7433013916016,36737425342464.0,822083584.0,513802240.0,620.0620325633564,13.875300549241484,4.723213004822633,947967.7429199219,0.003244447814591203,0.8659584840050346,0e6e08559dbe6eaf,11630473a039827ea1d1ee5d1fe37f174e2b87b7,False,sha256:c2914767605584b6d8f45686b82de173ecc99e781897aa3d0a66dacd72c51ae1,d3ca5a1da86930eb,57930.240631103516,graph,14.190922997109258,634.1666276928805,,12544,112896,,,,,,,,,125440,0.9,0.9,,,,,,,
42290a6aeacb,attention_warm,flash_attn_3,flash_attn_3,warm,ok,,,,2026-09-22T01:05:10+00:00,784,warm,,8,473103.515625,470886.8621826172,475259.92126464844,468482.666015625,472991.7224121094,50,10,False,472837.0056152344,,False,473103.515625,266.510009765625,293899402739712.0,6576668672.0,4110417920.0,621.2158503017085,13.901119849662924,4.714440326301419,7569656.25,0.0032504851160917603,0.86756986836184,0e6e08559dbe6eaf,11630473a039827ea1d1ee5d1fe37f174e2b87b7,False,sha256:c2914767605584b6d8f45686b82de173ecc99e781897aa3d0a66dacd72c51ae1,d3ca5a1da86930eb,472837.0056152344,graph,13.908955081556556,621.5659926136773,,12544,112896,,,,,,,,,125440,0.9,0.9,,,,,,,
21f74cdd7542,attention_warm,flash_attn_3,flash_attn_3,warm,ok,,,,2026-09-22T01:09:06+00:00,784,warm,,32,1913605.5297851562,1909306.0302734375,1917799.951171875,1903937.744140625,1913235.6127929688,50,10,False,,PointTimeout: point exceeded 180 s,False,1913605.5297851562,,1175597610958848.0,26306674688.0,16441671680.0,614.336441163417,13.747177398130479,4.767233163726573,30617688.4765625,0.0032144889047899046,0.8579623091251977,0e6e08559dbe6eaf,11630473a039827ea1d1ee5d1fe37f174e2b87b7,False,sha256:c2914767605584b6d8f45686b82de173ecc99e781897aa3d0a66dacd72c51ae1,d3ca5a1da86930eb,1913605.5297851562,eager,13.747177398130479,614.336441163417,,12544,112896,,,,,,,,,125440,0.9,0.9,,,,,,,
0a6bab5528aa,attention_warm,flash_attn_3,flash_attn_3,warm,ok,,,,2026-09-22T01:09:07+00:00,784,warm,,1,9179.215908050537,9041.516971588135,9556.713962554932,8638.079643249512,9222.099132537842,50,10,False,9243.168354034424,,False,9179.215908050537,-63.95244598388672,4803659169792.0,552337408.0,513802240.0,523.3191176578601,60.17261316574743,5.854091778093455,146867.4545288086,0.014070102668480468,0.7308504729831993,0e6e08559dbe6eaf,11630473a039827ea1d1ee5d1fe37f174e2b87b7,False,sha256:c2914767605584b6d8f45686b82de173ecc99e781897aa3d0a66dacd72c51ae1,d3ca5a1da86930eb,9243.168354034424,graph,59.756285598640844,519.6983313297889,,1568,123872,,,,,,,,,125440,0.99,0.9875,,,,,,,
ec45a8f8fa16,attention_warm,flash_attn_3,flash_attn_3,warm,ok,,,,2026-09-22T01:09:15+00:00,784,warm,,8,62790.20881652832,62089.59197998047,64297.30682373047,59590.721130371094,62885.6819152832,50,10,False,62869.58312988281,,False,62790.20881652832,-79.37431335449219,38429273358336.0,4418699264.0,4110417920.0,612.026525833439,70.3724250529465,5.005597003868648,1004643.3410644531,0.01645511460167953,0.854736356442595,0e6e08559dbe6eaf,11630473a039827ea1d1ee5d1fe37f174e2b87b7,False,sha256:c2914767605584b6d8f45686b82de173ecc99e781897aa3d0a66dacd72c51ae1,d3ca5a1da86930eb,62869.58312988281,graph,70.28357822687279,611.2538280863838,,1568,123872,,,,,,,,,125440,0.99,0.9875,,,,,,,
ec2ea8530aeb,attention_warm,flash_attn_3,flash_attn_3,warm,ok,,,,2026-09-22T01:09:46+00:00,784,warm,,32,250658.19549560547,249562.18719482422,253321.96807861328,248534.7137451172,251080.45837402344,50,10,False,251193.51959228516,,False,250658.19549560547,-535.3240966796875,153717093433344.0,17674797056.0,16441671680.0,613.2538101513579,70.51354144257323,4.995579470177086,4010531.1279296875,0.016488111707601855,0.8564503418369187,0e6e08559dbe6eaf,11630473a039827ea1d1ee5d1fe37f174e2b87b7,False,sha256:c2914767605584b6d8f45686b82de173ecc99e781897aa3d0a66dacd72c51ae1,d3ca5a1da86930eb,251193.51959228516,graph,70.36326846603427,611.9468913164791,,1568,123872,,,,,,,,,125440,0.99,0.9875,,,,,,,
e148994da84f,attention_warm,flash_attn_3,flash_attn_3,warm,ok,,,,2026-09-22T01:09:46+00:00,784,warm,,1,43.15200075507164,42.208001017570496,52.54720076918607,41.88799858093262,45.77407997101545,100,10,False,15.647999942302704,,False,43.15200075507164,27.504000812768936,51118080.0,1835008.0,262144.0,1.1846050960682768,42.524285499886865,0.6742500117979944,690.4320120811462,0.00994341165205986,0.0016543809800692929,0e6e08559dbe6eaf,11630473a039827ea1d1ee5d1fe37f174e2b87b7,False,sha256:c2914767605584b6d8f45686b82de173ecc99e781897aa3d0a66dacd72c51ae1,d3ca5a1da86930eb,15.647999942302704,graph,117.2678940929218,3.2667484783028216,,64,0,,,,,,,,,,,,,,,,,,
e76a02d0d803,attention_warm,flash_attn_3,flash_attn_3,warm,ok,,,,2026-09-22T01:09:46+00:00,784,warm,,8,42.62400045990944,41.85599833726883,54.297598823905005,41.53599962592125,44.85760010778904,100,10,True,16.063999384641647,,False,42.62400045990944,26.56000107526779,408944640.0,14680064.0,2097152.0,9.59423413071324,344.4084046922702,0.08325000089826062,681.984007358551,0.0805326768933855,0.013398995595126825,0e6e08559dbe6eaf,11630473a039827ea1d1ee5d1fe37f174e2b87b7,False,sha256:c2914767605584b6d8f45686b82de173ecc99e781897aa3d0a66dacd72c51ae1,d3ca5a1da86930eb,16.063999384641647,graph,913.8486405841878,25.45721213055952,,64,0,,,,,,,,,,,,,,,,,,
a3a73ed883f6,attention_warm,flash_attn_3,flash_attn_3,warm,ok,,,,2026-09-22T01:09:46+00:00,784,warm,,32,47.71199822425842,46.140801161527634,59.40800122916699,44.73600164055824,49.545600078999996,100,10,True,35.071998834609985,,False,47.71199822425842,12.639999389648438,1635778560.0,58720256.0,8388608.0,34.28442783535136,1230.7230504997924,0.023296874132938683,763.3919715881348,0.28777875458556146,0.047880517745210176,0e6e08559dbe6eaf,11630473a039827ea1d1ee5d1fe37f174e2b87b7,False,sha256:c2914767605584b6d8f45686b82de173ecc99e781897aa3d0a66dacd72c51ae1,d3ca5a1da86930eb,35.071998834609985,graph,1674.2774278965044,46.640585491402625,,64,0,,,,,,,,,,,,,,,,,,
1359aaae4edf,attention_warm,flash_attn_3,flash_attn_3,warm,ok,,,,2026-09-22T01:09:46+00:00,784,warm,,1,45.53600028157234,41.36959873139858,52.57280059158803,40.16000032424927,46.115200370550156,50,10,False,24.49600026011467,,False,45.53600028157234,21.040000021457672,2517368832.0,8257536.0,6684672.0,55.28304674178283,181.34082811268974,0.7115000043995678,728.5760045051575,0.042402746620039046,0.07720650650030278,0e6e08559dbe6eaf,11630473a039827ea1d1ee5d1fe37f174e2b87b7,False,sha256:c2914767605584b6d8f45686b82de173ecc99e781897aa3d0a66dacd72c51ae1,d3ca5a1da86930eb,24.49600026011467,graph,337.09731843223557,102.76652536205583,,64,1568,,,,,,,,,,,,,,,,,,
a4375fd839c8,attention_warm,flash_attn_3,flash_attn_3,warm,ok,,,,2026-09-22T01:09:46+00:00,784,warm,,8,81.90399780869484,81.59680292010307,82.69119635224342,80.99199831485748,82.82623931765556,50,10,False,80.99199831485748,,False,81.90399780869484,0.9119994938373566,20138950656.0,66060288.0,53477376.0,245.8848309583012,806.5575523468174,0.1599687457201071,1310.4639649391174,0.1885965553514958,0.3433947641919657,0e6e08559dbe6eaf,11630473a039827ea1d1ee5d1fe37f174e2b87b7,False,sha256:c2914767605584b6d8f45686b82de173ecc99e781897aa3d0a66dacd72c51ae1,d3ca5a1da86930eb,80.99199831485748,graph,815.6396850857999,248.65358399615675,,64,1568,,,,,,,,,,,,,,,,,,
b1537c29dc8e,attention_warm,flash_attn_3,flash_attn_3,warm,ok,,,,2026-09-22T01:09:46+00:00,784,warm,,32,157.71199762821198,154.62080091238022,158.75839442014694,153.72799336910248,158.1075194478035,50,10,False,153.29600125551224,,False,157.71199762821198,4.4159963726997375,80555802624.0,264241152.0,213909504.0,510.77789791174354,1675.4663942746977,0.07700781134190038,2523.3919620513916,0.3917726511244985,0.7133358130482491,0e6e08559dbe6eaf,11630473a039827ea1d1ee5d1fe37f174e2b87b7,False,sha256:c2914767605584b6d8f45686b82de173ecc99e781897aa3d0a66dacd72c51ae1,d3ca5a1da86930eb,153.29600125551224,graph,1723.7315379124962,525.4918717007524,,64,1568,,,,,,,,,,,,,,,,,,
c0341e5e2ea7,attention_warm,flash_attn_3,flash_attn_3,warm,ok,,,,2026-09-22T01:09:46+00:00,784,warm,,1,42.367998510599136,41.334398463368416,54.416000470519066,40.800001472234726,44.94303975254297,100,10,True,38.44799846410751,,False,42.367998510599136,3.920000046491623,12382371840.0,33947648.0,32374784.0,292.257653778531,801.256825750392,0.6619999767281115,677.8879761695862,0.1873570916901153,0.4081575415264046,0e6e08559dbe6eaf,11630473a039827ea1d1ee5d1fe37f174e2b87b7,False,sha256:c2914767605584b6d8f45686b82de173ecc99e781897aa3d0a66dacd72c51ae1,d3ca5a1da86930eb,38.44799846410751,graph,882.9496815469149,322.05504407620487,,64,7840,,,,,,,,,,,,,,,,,,
ead1519915b5,attention_warm,flash_attn_3,flash_attn_3,warm,ok,,,,2026-09-22T01:09:46+00:00,784,warm,,8,215.2160033583641,214.48000073432922,215.97119867801666,213.8880044221878,216.16255968809128,50,10,False,214.38399702310562,,False,215.2160033583641,0.8320063352584839,99058974720.0,271581184.0,258998272.0,460.2769922971446,1261.9005081503171,0.4203437565593049,3443.4560537338257,0.2950689486955755,0.6428078894369433,0e6e08559dbe6eaf,11630473a039827ea1d1ee5d1fe37f174e2b87b7,False,sha256:c2914767605584b6d8f45686b82de173ecc99e781897aa3d0a66dacd72c51ae1,d3ca5a1da86930eb,214.38399702310562,graph,1266.797838323398,462.06328875062326,,64,7840,,,,,,,,,,,,,,,,,,
7578f193dcf9,attention_warm,flash_attn_3,flash_attn_3,warm,ok,,,,2026-09-22T01:09:46+00:00,784,warm,,32,603.7279963493347,601.5103876590729,696.691220998764,595.6479907035828,625.9398436546326,50,10,False,691.6639804840088,,False,603.7279963493347,-87.93598413467407,396235898880.0,1086324736.0,1035993088.0,656.3152632907324,1799.3612066507856,0.2947890607174486,9659.647941589355,0.42074285265824185,0.916588567887417,0e6e08559dbe6eaf,11630473a039827ea1d1ee5d1fe37f174e2b87b7,False,sha256:c2914767605584b6d8f45686b82de173ecc99e781897aa3d0a66dacd72c51ae1,d3ca5a1da86930eb,691.6639804840088,graph,1570.5960793849893,572.8734039362932,,64,7840,,,,,,,,,,,,,,,,,,
545b57e675ad,attention_warm,flash_attn_3,flash_attn_3,warm,ok,,,,2026-09-22T01:09:46+00:00,784,warm,,1,70.39999961853027,69.98079717159271,70.7872025668621,69.43999975919724,71.20128005743027,50,10,False,70.17599791288376,,False,70.39999961853027,0.2240017056465149,24713625600.0,66060288.0,64487424.0,351.0458200839965,938.3563687209453,1.0999999940395355,1126.3999938964844,0.21941494232864298,0.4902591841005532,0e6e08559dbe6eaf,11630473a039827ea1d1ee5d1fe37f174e2b87b7,False,sha256:c2914767605584b6d8f45686b82de173ecc99e781897aa3d0a66dacd72c51ae1,d3ca5a1da86930eb,70.17599791288376,graph,941.3516011843111,352.16635794305927,,64,15680,,,,,,,,,,,,,,,,,,
4301602c2ba8,attention_warm,flash_attn_3,flash_attn_3,warm,ok,,,,2026-09-22T01:09:46+00:00,784,warm,,8,489.1360104084015,487.6959949731827,491.58400297164917,486.7199957370758,490.3968018293381,50,10,False,429.9519956111908,,False,489.1360104084015,59.18401479721069,197709004800.0,528482304.0,515899392.0,404.20046897574343,1080.4403943981686,0.9553437703289092,7826.176166534424,0.25263830963235073,0.5644932393318156,0e6e08559dbe6eaf,11630473a039827ea1d1ee5d1fe37f174e2b87b7,False,sha256:c2914767605584b6d8f45686b82de173ecc99e781897aa3d0a66dacd72c51ae1,d3ca5a1da86930eb,429.9519956111908,graph,1229.1658357085776,459.8397188945482,,64,15680,,,,,,,,,,,,,,,,,,
62861f265136,attention_warm,flash_attn_3,flash_attn_3,warm,ok,,,,2026-09-22T01:09:46+00:00,784,warm,,32,1309.168040752411,1170.1951742172241,1379.8719644546509,1168.9599752426147,1300.3052830696106,50,10,False,1355.8399677276611,,False,1309.168040752411,-46.671926975250244,790836019200.0,2113929216.0,2063597568.0,604.075255874324,1614.7119011437776,0.6392422073986381,20946.688652038574,0.3775664880388286,0.8436318712167455,0e6e08559dbe6eaf,11630473a039827ea1d1ee5d1fe37f174e2b87b7,False,sha256:c2914767605584b6d8f45686b82de173ecc99e781897aa3d0a66dacd72c51ae1,d3ca5a1da86930eb,1355.8399677276611,graph,1559.1288546707096,583.2812411669887,,64,15680,,,,,,,,,,,,,,,,,,
b08c6ccaf9af,attention_warm,flash_attn_3,flash_attn_3,warm,ok,,,,2026-09-22T01:09:46+00:00,784,warm,,1,116.01599678397179,115.26079848408699,116.89600348472595,115.00799655914307,116.85440003871918,50,10,False,114.62400108575821,,False,116.01599678397179,1.3919956982135773,49376133120.0,130285568.0,128712704.0,425.59762867823395,1122.996583329788,1.8127499497495592,1856.2559485435486,0.2625891812323227,0.5943758172109718,0e6e08559dbe6eaf,11630473a039827ea1d1ee5d1fe37f174e2b87b7,False,sha256:c2914767605584b6d8f45686b82de173ecc99e781897aa3d0a66dacd72c51ae1,d3ca5a1da86930eb,114.62400108575821,graph,1136.6342717571365,430.7660930720633,,64,31360,,,,,,,,,,,,,,,,,,
e55c40dd3b91,attention_warm,flash_attn_3,flash_attn_3,warm,ok,,,,2026-09-22T01:09:46+00:00,784,warm,,8,837.1200263500214,793.4367835521698,880.8928191661835,792.3200130462646,829.2460834980011,50,10,False,781.4560234546661,,False,837.1200263500214,55.664002895355225,395009064960.0,1042284544.0,1029701632.0,471.86670074338485,1245.0837528574355,1.6350000514648855,13393.920421600342,0.2911367034252928,0.6589936996125423,0e6e08559dbe6eaf,11630473a039827ea1d1ee5d1fe37f174e2b87b7,False,sha256:c2914767605584b6d8f45686b82de173ecc99e781897aa3d0a66dacd72c51ae1,d3ca5a1da86930eb,781.4560234546661,graph,1333.7724871481078,505.4783034542894,,64,31360,,,,,,,,,,,,,,,,,,
8eeaeeaec377,attention_warm,flash_attn_3,flash_attn_3,warm,ok,,,,2026-09-22T01:09:46+00:00,784,warm,,32,2684.224009513855,2403.756880760193,2705.4272651672363,2392.6401138305664,2639.2159938812256,50,10,False,2711.375951766968,,False,2684.224009513855,-27.151942253112793,1580036259840.0,4169138176.0,4118806528.0,588.6380027299449,1553.2005381156996,1.310656254645437,42947.58415222168,0.36318334681311415,0.8220727051525945,0e6e08559dbe6eaf,11630473a039827ea1d1ee5d1fe37f174e2b87b7,False,sha256:c2914767605584b6d8f45686b82de173ecc99e781897aa3d0a66dacd72c51ae1,d3ca5a1da86930eb,2711.375951766968,graph,1537.646659911927,582.7433332549517,,64,31360,,,,,,,,,,,,,,,,,,
985cad5ca8cc,attention_warm,flash_attn_3,flash_attn_3,warm,ok,,,,2026-09-22T01:09:46+00:00,784,warm,,1,191.103994846344,190.08000195026398,206.41280561685562,189.69599902629852,196.21504098176956,50,10,False,189.69599902629852,,False,191.103994846344,1.4079958200454712,98701148160.0,258736128.0,257163264.0,516.4787279269597,1353.9022468265787,2.985999919474125,3057.663917541504,0.31658162432573367,0.721297406982873,0e6e08559dbe6eaf,11630473a039827ea1d1ee5d1fe37f174e2b87b7,False,sha256:c2914767605584b6d8f45686b82de173ecc99e781897aa3d0a66dacd72c51ae1,d3ca5a1da86930eb,189.69599902629852,graph,1363.951424005153,520.3122293913882,,64,62720,,,,,,,,,,,,,,,,,,
41de5e379106,attention_warm,flash_attn_3,flash_attn_3,warm,ok,,,,2026-09-22T01:09:47+00:00,784,warm,,8,1639.1680240631104,1582.1280479431152,1668.1695461273193,1572.6399421691895,1631.4060831069946,50,10,False,1592.8639769554138,,False,1639.1680240631104,46.30404710769653,789609185280.0,2069889024.0,2057306112.0,481.71338977363973,1262.7680589261581,3.2015000469982624,26226.688385009766,0.2952718072360975,0.6727452655161316,0e6e08559dbe6eaf,11630473a039827ea1d1ee5d1fe37f174e2b87b7,False,sha256:c2914767605584b6d8f45686b82de173ecc99e781897aa3d0a66dacd72c51ae1,d3ca5a1da86930eb,1592.8639769554138,graph,1299.476323117287,495.71664417275105,,64,62720,,,,,,,,,,,,,,,,,,
2f6d0907642b,attention_warm,flash_attn_3,flash_attn_3,warm,ok,,,,2026-09-22T01:09:47+00:00,784,warm,,32,5490.015983581543,5431.408071517944,5556.25581741333,5428.5759925842285,5493.020133972168,50,10,False,5355.743885040283,,False,5490.015983581543,134.27209854125977,3158436741120.0,8279556096.0,8229224448.0,575.3055638755205,1508.111473766354,2.6806718669831753,87840.25573730469,0.3526402154574338,0.8034530543238889,0e6e08559dbe6eaf,11630473a039827ea1d1ee5d1fe37f174e2b87b7,False,sha256:c2914767605584b6d8f45686b82de173ecc99e781897aa3d0a66dacd72c51ae1,d3ca5a1da86930eb,5355.743885040283,graph,1545.9208419443914,589.7288609976621,,64,62720,,,,,,,,,,,,,,,,,,
256ae8bf10e5,attention_warm,flash_attn_3,flash_attn_3,warm,ok,,,,2026-09-22T01:09:47+00:00,784,warm,,1,362.36800253391266,360.2815955877304,363.62239122390747,358.3039939403534,364.14591908454895,50,10,False,351.9040048122406,,False,362.36800253391266,10.463997721672058,197351178240.0,515637248.0,514064384.0,544.6153547222499,1422.9657265385717,5.662000039592385,5797.8880405426025,0.33273066953195723,0.760592105585751,0e6e08559dbe6eaf,11630473a039827ea1d1ee5d1fe37f174e2b87b7,False,sha256:c2914767605584b6d8f45686b82de173ecc99e781897aa3d0a66dacd72c51ae1,d3ca5a1da86930eb,351.9040048122406,graph,1465.2781467352715,560.8096967958556,,64,125440,,,,,,,,,,,,,,,,,,
82e65d60424f,attention_warm,flash_attn_3,flash_attn_3,warm,ok,,,,2026-09-22T01:09:48+00:00,784,warm,,8,3236.303925514221,3126.2176275253296,3300.614380836487,3066.1439895629883,3214.778232574463,50,10,False,3171.7119216918945,,False,3236.303925514221,64.59200382232666,1578809425920.0,4125097984.0,4112515072.0,487.84337387878077,1274.6324445855491,6.320906104519963,51780.86280822754,0.2980460448093646,0.6813062021061662,0e6e08559dbe6eaf,11630473a039827ea1d1ee5d1fe37f174e2b87b7,False,sha256:c2914767605584b6d8f45686b82de173ecc99e781897aa3d0a66dacd72c51ae1,d3ca5a1da86930eb,3171.7119216918945,graph,1300.5903707041396,497.7783181133965,,64,125440,,,,,,,,,,,,,,,,,,
efac8d2f1bc1,attention_warm,flash_attn_3,flash_attn_3,warm,ok,,,,2026-09-22T01:09:49+00:00,784,warm,,32,10818.70412826538,10662.451362609863,11004.496097564697,10651.74388885498,10850.350131988525,50,10,False,10805.808067321777,,False,10818.70412826538,12.896060943603516,6315237703680.0,16500391936.0,16450060288.0,583.7332853183918,1525.1726769096506,5.2825703751295805,173099.2660522461,0.3566296197269933,0.8152229362083113,0e6e08559dbe6eaf,11630473a039827ea1d1ee5d1fe37f174e2b87b7,False,sha256:c2914767605584b6d8f45686b82de173ecc99e781897aa3d0a66dacd72c51ae1,d3ca5a1da86930eb,10805.808067321777,graph,1526.9928757942143,584.4299347476041,,64,125440,,,,,,,,,,,,,,,,,,
98d1b89c1cc9,attention_warm,flash_attn_3,flash_attn_3,warm,ok,,,,2026-09-22T01:09:49+00:00,784,warm,,1,63.10400366783142,62.006399035453796,64.29439783096313,61.59999966621399,63.79200018942356,50,10,False,61.8400014936924,,False,63.10400366783142,1.2640021741390228,3227516928.0,14680064.0,2097152.0,51.14599297041582,232.63284651911033,0.12325000716373324,1009.6640586853027,0.054396308592560096,0.07142883164849795,0e6e08559dbe6eaf,11630473a039827ea1d1ee5d1fe37f174e2b87b7,False,sha256:c2914767605584b6d8f45686b82de173ecc99e781897aa3d0a66dacd72c51ae1,d3ca5a1da86930eb,61.8400014936924,graph,237.38783385212804,52.19141089977501,,512,0,,,,,,,,,,,,,,,,,,
3380e1bac61e,attention_warm,flash_attn_3,flash_attn_3,warm,ok,,,,2026-09-22T01:09:49+00:00,784,warm,,8,119.32799965143204,118.26559901237488,120.43200060725212,117.85600334405899,120.21311983466148,50,10,False,109.8560020327568,,False,119.32799965143204,9.471997618675232,25820135424.0,117440512.0,16777216.0,216.37952114694767,984.1823573935242,0.0291328124149004,1909.2479944229126,0.2301303879705291,0.30218860736808706,0e6e08559dbe6eaf,11630473a039827ea1d1ee5d1fe37f174e2b87b7,False,sha256:c2914767605584b6d8f45686b82de173ecc99e781897aa3d0a66dacd72c51ae1,d3ca5a1da86930eb,109.8560020327568,graph,1069.0404695865561,235.03618324195855,,512,0,,,,,,,,,,,,,,,,,,
9004488308d4,attention_warm,flash_attn_3,flash_attn_3,warm,ok,,,,2026-09-22T01:09:49+00:00,784,warm,,32,382.6879858970642,381.4976066350937,384.1344028711319,380.8960020542145,383.73311936855316,50,10,False,381.55199587345123,,False,382.6879858970642,1.135990023612976,103280541696.0,469762048.0,67108864.0,269.8818502334184,1227.5327820883228,0.02335742101422511,6123.007774353027,0.2870327772758218,0.37690822146044756,0e6e08559dbe6eaf,11630473a039827ea1d1ee5d1fe37f174e2b87b7,False,sha256:c2914767605584b6d8f45686b82de173ecc99e781897aa3d0a66dacd72c51ae1,d3ca5a1da86930eb,381.55199587345123,graph,1231.1875002111253,270.68536611784594,,512,0,,,,,,,,,,,,,,,,,,
561fa3b9e09a,attention_warm,flash_attn_3,flash_attn_3,warm,ok,,,,2026-09-22T01:09:49+00:00,784,warm,,1,81.08799904584885,80.32000064849854,82.21440017223358,79.32800054550171,81.8809600174427,50,10,False,80.1439993083477,,False,81.08799904584885,0.9439997375011444,22957522944.0,21102592.0,8519680.0,283.1186268515436,260.24309698489606,0.15837499813642353,1297.4079847335815,0.06085238617200621,0.39539427351875317,0e6e08559dbe6eaf,11630473a039827ea1d1ee5d1fe37f174e2b87b7,False,sha256:c2914767605584b6d8f45686b82de173ecc99e781897aa3d0a66dacd72c51ae1,d3ca5a1da86930eb,80.1439993083477,graph,263.3084470717445,286.4534231149702,,512,1568,,,,,,,,,,,,,,,,,,
ea569c35ea26,attention_warm,flash_attn_3,flash_attn_3,warm,ok,,,,2026-09-22T01:09:49+00:00,784,warm,,8,317.6320046186447,316.6303902864456,318.19519996643066,316.0640001296997,318.4793597459793,50,10,False,316.3360059261322,,False,317.6320046186447,1.2959986925125122,183660183552.0,168820736.0,68157440.0,578.216870093132,531.4978766157067,0.07754687612759881,5082.112073898315,0.12427962321435716,0.8075188899762592,0e6e08559dbe6eaf,11630473a039827ea1d1ee5d1fe37f174e2b87b7,False,sha256:c2914767605584b6d8f45686b82de173ecc99e781897aa3d0a66dacd72c51ae1,d3ca5a1da86930eb,316.3360059261322,graph,533.6753731392228,580.5857699135476,,512,1568,,,,,,,,,,,,,,,,,,
6a7c96a30a2c,attention_warm,flash_attn_3,flash_attn_3,warm,ok,,,,2026-09-22T01:09:50+00:00,784,warm,,32,1339.9839997291565,1243.171215057373,1377.9711842536926,1239.2319440841675,1336.564474105835,50,10,False,1339.296042919159,,False,1339.9839997291565,0.6879568099975586,734640734208.0,675282944.0,272629760.0,548.2459002170839,503.94851291992387,0.08178613279596902,21439.743995666504,0.11783778272816697,0.7656624074389716,0e6e08559dbe6eaf,11630473a039827ea1d1ee5d1fe37f174e2b87b7,False,sha256:c2914767605584b6d8f45686b82de173ecc99e781897aa3d0a66dacd72c51ae1,d3ca5a1da86930eb,1339.296042919159,graph,504.2073763826992,548.5275179390219,,512,1568,,,,,,,,,,,,,,,,,,
0bd320e0c2fb,attention_warm,flash_attn_3,flash_attn_3,warm,ok,,,,2026-09-22T01:09:50+00:00,784,warm,,1,237.72799968719482,236.03200167417526,257.10080564022064,234.72000658512115,245.5366399884224,50,10,False,235.80799996852875,,False,237.72799968719482,1.9199997186660767,101877547008.0,46792704.0,34209792.0,428.5466884088186,196.8329522040751,0.4643124993890524,3803.647994995117,0.04602525468559722,0.5984943781926529,0e6e08559dbe6eaf,11630473a039827ea1d1ee5d1fe37f174e2b87b7,False,sha256:c2914767605584b6d8f45686b82de173ecc99e781897aa3d0a66dacd72c51ae1,d3ca5a1da86930eb,235.80799996852875,graph,198.43560865723396,432.0360081998776,,512,7840,,,,,,,,,,,,,,,,,,
e58a8d2664a6,attention_warm,flash_attn_3,flash_attn_3,warm,ok,,,,2026-09-22T01:09:50+00:00,784,warm,,8,1213.5199904441833,1211.6447925567627,1433.9455723762512,1204.6719789505005,1319.3599963188171,50,10,False,1347.2959995269775,,False,1213.5199904441833,-133.7760090827942,815020376064.0,374341632.0,273678336.0,671.61676979518,308.4758676805812,0.29626952891703695,19416.319847106934,0.07213060727575368,0.9379581546057115,0e6e08559dbe6eaf,11630473a039827ea1d1ee5d1fe37f174e2b87b7,False,sha256:c2914767605584b6d8f45686b82de173ecc99e781897aa3d0a66dacd72c51ae1,d3ca5a1da86930eb,1347.2959995269775,graph,277.8466143530655,604.9304505840926,,512,7840,,,,,,,,,,,,,,,,,,
57d5c66ee289,attention_warm,flash_attn_3,flash_attn_3,warm,ok,,,,2026-09-22T01:09:50+00:00,784,warm,,32,5499.2640018463135,5470.118236541748,5513.88144493103,5404.99210357666,5495.0847816467285,50,10,False,5496.496200561523,,False,5499.2640018463135,2.767801284790039,3260081504256.0,1497366528.0,1094713344.0,592.8214217687068,272.28489621470743,0.33564843761269003,87988.22402954102,0.06366810818510836,0.8279151322300723,0e6e08559dbe6eaf,11630473a039827ea1d1ee5d1fe37f174e2b87b7,False,sha256:c2914767605584b6d8f45686b82de173ecc99e781897aa3d0a66dacd72c51ae1,d3ca5a1da86930eb,5496.496200561523,graph,272.42200728657446,593.1199413770083,,512,7840,,,,,,,,,,,,,,,,,,
a6578300076f,attention_warm,flash_attn_3,flash_attn_3,warm,ok,,,,2026-09-22T01:09:51+00:00,784,warm,,1,440.3199851512909,425.8655905723572,441.8720096349716,418.5279905796051,440.00255942344666,50,10,False,410.14400124549866,,False,440.3199851512909,30.175983905792236,200527577088.0,78905344.0,66322432.0,455.41329907862377,179.2000060430795,0.859999970998615,7045.119762420654,0.04190216031125778,0.6360154135474515,0e6e08559dbe6eaf,11630473a039827ea1d1ee5d1fe37f174e2b87b7,False,sha256:c2914767605584b6d8f45686b82de173ecc99e781897aa3d0a66dacd72c51ae1,d3ca5a1da86930eb,410.14400124549866,graph,192.3844887658612,488.9199317289803,,512,15680,,,,,,,,,,,,,,,,,,
fbd6a2b2ee30,attention_warm,flash_attn_3,flash_attn_3,warm,ok,,,,2026-09-22T01:09:51+00:00,784,warm,,8,2651.808023452759,2375.0144720077515,2907.0015430450444,2269.3440914154053,2725.8470487594604,50,10,False,2762.0480060577393,,False,2651.808023452759,-110.23998260498047,1604220616704.0,631242752.0,530579456.0,604.9535269959857,238.04240217136723,0.6474140682257712,42428.92837524414,0.05566121964451089,0.8448584361233493,0e6e08559dbe6eaf,11630473a039827ea1d1ee5d1fe37f174e2b87b7,False,sha256:c2914767605584b6d8f45686b82de173ecc99e781897aa3d0a66dacd72c51ae1,d3ca5a1da86930eb,2762.0480060577393,graph,228.54155706763783,580.8083759535007,,512,15680,,,,,,,,,,,,,,,,,,
ccacf3ff7aac,attention_warm,flash_attn_3,flash_attn_3,warm,ok,,,,2026-09-22T01:09:52+00:00,784,warm,,32,10945.96815109253,10833.458995819092,10979.945468902588,10830.656051635742,10917.057285308838,50,10,False,10762.608051300049,,False,10945.96815109253,183.36009979248047,6416882466816.0,2524971008.0,2122317824.0,586.2325176028877,230.67589574047682,0.6680888764094561,175135.49041748047,0.053938716726029526,0.8187132827972026,0e6e08559dbe6eaf,11630473a039827ea1d1ee5d1fe37f174e2b87b7,False,sha256:c2914767605584b6d8f45686b82de173ecc99e781897aa3d0a66dacd72c51ae1,d3ca5a1da86930eb,10762.608051300049,graph,234.6058683884712,596.2200273604578,,512,15680,,,,,,,,,,,,,,,,,,
9cd6ad7def4d,attention_warm,flash_attn_3,flash_attn_3,warm,ok,,,,2026-09-22T01:09:52+00:00,784,warm,,1,844.3360030651093,839.3632113933563,846.9056189060211,836.0639810562134,844.8070383071899,50,10,False,765.0399804115295,,False,844.3360030651093,79.29602265357971,397827637248.0,143130624.0,130547712.0,471.17218240582633,169.51856071564768,1.6490937559865415,13509.376049041748,0.03963835751843196,0.6580237578726497,0e6e08559dbe6eaf,11630473a039827ea1d1ee5d1fe37f174e2b87b7,False,sha256:c2914767605584b6d8f45686b82de173ecc99e781897aa3d0a66dacd72c51ae1,d3ca5a1da86930eb,765.0399804115295,graph,187.0890772571223,520.0089504263567,,512,31360,,,,,,,,,,,,,,,,,,
e691d86c4075,attention_warm,flash_attn_3,flash_attn_3,warm,ok,,,,2026-09-22T01:09:53+00:00,784,warm,,8,5202.271938323975,4933.756971359253,5401.248121261597,4930.431842803955,5219.474582672119,50,10,False,5327.183961868286,,False,5202.271938323975,-124.91202354431152,3182621097984.0,1145044992.0,1044381696.0,611.7752273844707,220.10479374688381,1.2700859224423766,83236.3510131836,0.05146688639419513,0.8543854011954212,0e6e08559dbe6eaf,11630473a039827ea1d1ee5d1fe37f174e2b87b7,False,sha256:c2914767605584b6d8f45686b82de173ecc99e781897aa3d0a66dacd72c51ae1,d3ca5a1da86930eb,5327.183961868286,graph,214.94376770094186,597.4302972762048,,512,31360,,,,,,,,,,,,,,,,,,
faf4655e9ed1,attention_warm,flash_attn_3,flash_attn_3,warm,ok,,,,2026-09-22T01:09:56+00:00,784,warm,,32,21190.848350524902,20529.770278930664,21439.475631713867,20490.528106689453,21069.317779541016,50,10,False,21665.056228637695,,False,21190.848350524902,-474.20787811279297,12730484391936.0,4580179968.0,4177526784.0,600.7538811734578,216.13952835854954,1.2933867401443422,339053.57360839844,0.050539692307277964,0.8389933472469993,0e6e08559dbe6eaf,11630473a039827ea1d1ee5d1fe37f174e2b87b7,False,sha256:c2914767605584b6d8f45686b82de173ecc99e781897aa3d0a66dacd72c51ae1,d3ca5a1da86930eb,21665.056228637695,graph,211.40863516180238,587.6044935026922,,512,31360,,,,,,,,,,,,,,,,,,
43c258e77f9c,attention_warm,flash_attn_3,flash_attn_3,warm,ok,,,,2026-09-22T01:09:56+00:00,784,warm,,1,1591.8079614639282,1585.3024363517761,1650.982415676117,1581.2480449676514,1611.7791962623596,50,10,False,1561.7119669914246,,False,1591.8079614639282,30.095994472503662,792427757568.0,271581184.0,258998272.0,497.8161793079819,170.6117764043827,3.108999924734235,25468.92738342285,0.03989398306251339,0.695233898074014,0e6e08559dbe6eaf,11630473a039827ea1d1ee5d1fe37f174e2b87b7,False,sha256:c2914767605584b6d8f45686b82de173ecc99e781897aa3d0a66dacd72c51ae1,d3ca5a1da86930eb,1561.7119669914246,graph,173.8996625115131,507.4096724087863,,512,62720,,,,,,,,,,,,,,,,,,
68fca463e25a,attention_warm,flash_attn_3,flash_attn_3,warm,ok,,,,2026-09-22T01:09:57+00:00,784,warm,,8,10242.159843444824,10068.396759033203,10520.419311523438,10048.00033569336,10315.43420791626,50,10,False,10512.191772460938,,False,10242.159843444824,-270.0319290161133,6339422060544.0,2172649472.0,2071986176.0,618.9536345306454,212.1280574810143,2.5005273055285215,163874.5574951172,0.049601694036485414,0.8644105313330857,0e6e08559dbe6eaf,11630473a039827ea1d1ee5d1fe37f174e2b87b7,False,sha256:c2914767605584b6d8f45686b82de173ecc99e781897aa3d0a66dacd72c51ae1,d3ca5a1da86930eb,10512.191772460938,graph,206.67901794673745,603.0542628751836,,512,62720,,,,,,,,,,,,,,,,,,
76e8e3d23933,attention_warm,flash_attn_3,flash_attn_3,warm,ok,,,,2026-09-22T01:10:02+00:00,784,warm,,32,42409.36088562012,40397.34001159668,42877.742767333984,40099.361419677734,42051.772689819336,50,10,False,42508.03184509277,,False,42409.36088562012,-98.67095947265625,25357688242176.0,8690597888.0,8287944704.0,597.9266773334969,204.92168961090735,2.5884619681164622,678549.7741699219,0.04791663615940851,0.8350449662421107,0e6e08559dbe6eaf,11630473a039827ea1d1ee5d1fe37f174e2b87b7,False,sha256:c2914767605584b6d8f45686b82de173ecc99e781897aa3d0a66dacd72c51ae1,d3ca5a1da86930eb,42508.03184509277,graph,204.4460190410642,596.5387514195945,,512,62720,,,,,,,,,,,,,,,,,,
b15604b9ce99,attention_warm,flash_attn_3,flash_attn_3,warm,ok,,,,2026-09-22T01:10:03+00:00,784,warm,,1,3018.8000202178955,2962.0575189590454,3176.143956184387,2953.727960586548,3034.0102434158325,50,10,False,2978.16002368927,,False,3018.8000202178955,40.63999652862549,1581627998208.0,528482304.0,515899392.0,523.9260592339067,175.06370096083887,5.896093789488077,48300.80032348633,0.04093497218175152,0.7316981078640193,0e6e08559dbe6eaf,11630473a039827ea1d1ee5d1fe37f174e2b87b7,False,sha256:c2914767605584b6d8f45686b82de173ecc99e781897aa3d0a66dacd72c51ae1,d3ca5a1da86930eb,2978.16002368927,graph,177.45262168462304,531.0755586090767,,512,125440,,,,,,,,,,,,,,,,,,
88fa5b7af775,attention_warm,flash_attn_3,flash_attn_3,warm,ok,,,,2026-09-22T01:10:05+00:00,784,warm,,8,20549.583435058594,20316.94965362549,21400.62770843506,20020.03288269043,20732.832717895508,50,10,False,21115.568161010742,,False,20549.583435058594,-565.9847259521484,12653023985664.0,4227858432.0,4127195136.0,615.731410111084,205.7393740053663,5.016988143324852,328793.3349609375,0.04810783449325453,0.8599104774240401,0e6e08559dbe6eaf,11630473a039827ea1d1ee5d1fe37f174e2b87b7,False,sha256:c2914767605584b6d8f45686b82de173ecc99e781897aa3d0a66dacd72c51ae1,d3ca5a1da86930eb,21115.568161010742,graph,200.22470623388733,599.2272568363766,,512,125440,,,,,,,,,,,,,,,,,,
9977820401c0,attention_warm,flash_attn_3,flash_attn_3,warm,ok,,,,2026-09-22T01:10:16+00:00,784,warm,,32,83496.54388427734,82258.60977172852,84539.22729492188,81808.2275390625,83555.16342163086,50,10,False,83272.04895019531,,False,83496.54388427734,224.49493408203125,50612095942656.0,16911433728.0,16508780544.0,606.1579747875818,202.54052373040167,5.09622460231185,1335944.7021484375,0.04735985049485524,0.8465405287671481,0e6e08559dbe6eaf,11630473a039827ea1d1ee5d1fe37f174e2b87b7,False,sha256:c2914767605584b6d8f45686b82de173ecc99e781897aa3d0a66dacd72c51ae1,d3ca5a1da86930eb,83272.04895019531,graph,203.0865571485417,607.7921293005159,,512,125440,,,,,,,,,,,,,,,,,,
3f0d78bd2319,attention_warm,flash_attn_3,flash_attn_3,warm,ok,,,,2026-09-22T01:10:16+00:00,784,warm,,1,135.24799793958664,134.27520245313644,135.9136000275612,132.79999792575836,135.8963206410408,50,10,False,133.55199992656708,,False,135.24799793958664,1.6959980130195618,51564773376.0,58720256.0,8388608.0,381.26089969208454,434.1672845037566,0.06603906149393879,2163.9679670333862,0.10152090705179108,0.5324565823565702,0e6e08559dbe6eaf,11630473a039827ea1d1ee5d1fe37f174e2b87b7,False,sha256:c2914767605584b6d8f45686b82de173ecc99e781897aa3d0a66dacd72c51ae1,d3ca5a1da86930eb,133.55199992656708,graph,439.6808436585529,386.1025922813035,,2048,0,,,,,,,,,,,,,,,,,,
6a00096a3e5d,attention_warm,flash_attn_3,flash_attn_3,warm,ok,,,,2026-09-22T01:10:16+00:00,784,warm,,8,773.2959985733032,732.0319831371307,813.4080111980438,725.9520292282104,768.2547187805176,50,10,False,811.2799823284149,,False,773.2959985733032,-37.983983755111694,412518187008.0,469762048.0,67108864.0,533.4544440538652,607.480251891501,0.04719824210042134,12372.735977172852,0.14204650693238055,0.7450051404517061,0e6e08559dbe6eaf,11630473a039827ea1d1ee5d1fe37f174e2b87b7,False,sha256:c2914767605584b6d8f45686b82de173ecc99e781897aa3d0a66dacd72c51ae1,d3ca5a1da86930eb,811.2799823284149,graph,579.0381350859404,508.4782023390394,,2048,0,,,,,,,,,,,,,,,,,,
9cfde65b4dc9,attention_warm,flash_attn_3,flash_attn_3,warm,ok,,,,2026-09-22T01:10:16+00:00,784,warm,,32,3251.1839866638184,3238.4928226470947,3321.6063737869263,3235.7120513916016,3273.5264110565186,50,10,False,3237.488031387329,,False,3251.1839866638184,13.695955276489258,1650072748032.0,1879048192.0,268435456.0,507.5297967757314,577.9581222433902,0.04960913065588102,52018.943786621094,0.1351433765332248,0.7087996205579459,0e6e08559dbe6eaf,11630473a039827ea1d1ee5d1fe37f174e2b87b7,False,sha256:c2914767605584b6d8f45686b82de173ecc99e781897aa3d0a66dacd72c51ae1,d3ca5a1da86930eb,3237.488031387329,graph,580.4031316201622,509.6768642955911,,2048,0,,,,,,,,,,,,,,,,,,
5b9e5f335a42,attention_warm,flash_attn_3,flash_attn_3,warm,ok,,,,2026-09-22T01:10:16+00:00,784,warm,,1,244.75199729204178,243.51360648870468,268.1951940059662,242.78399348258972,251.566721200943,50,10,False,241.58400297164917,,False,244.75199729204178,3.1679943203926086,130484797440.0,65142784.0,14811136.0,533.130674657186,266.15833464382575,0.11950781117775477,3916.0319566726685,0.0622355403478162,0.744552974634108,0e6e08559dbe6eaf,11630473a039827ea1d1ee5d1fe37f174e2b87b7,False,sha256:c2914767605584b6d8f45686b82de173ecc99e781897aa3d0a66dacd72c51ae1,d3ca5a1da86930eb,241.58400297164917,graph,269.64858268220996,540.1218451343937,,2048,1568,,,,,,,,,,,,,,,,,,
05857b21d3dc,attention_warm,flash_attn_3,flash_attn_3,warm,ok,,,,2026-09-22T01:10:16+00:00,784,warm,,8,1817.5359964370728,1695.8399534225464,1842.3840045928955,1646.720051765442,1800.3257584571838,50,10,False,1824.7040510177612,,False,1817.5359964370728,-7.168054580688477,1043878379520.0,521142272.0,118489088.0,574.3371144045133,286.73009669222427,0.11093359353253618,29080.575942993164,0.06704581513670108,0.8021005492651903,0e6e08559dbe6eaf,11630473a039827ea1d1ee5d1fe37f174e2b87b7,False,sha256:c2914767605584b6d8f45686b82de173ecc99e781897aa3d0a66dacd72c51ae1,d3ca5a1da86930eb,1824.7040510177612,graph,285.60372390762416,572.080923992994,,2048,1568,,,,,,,,,,,,,,,,,,
6dbce304a8da,attention_warm,flash_attn_3,flash_attn_3,warm,ok,,,,2026-09-22T01:10:17+00:00,784,warm,,32,7249.472141265869,7159.043025970459,7255.91344833374,7156.064033508301,7224.683532714844,50,10,False,7192.67201423645,,False,7249.472141265869,56.800127029418945,4175513518080.0,2084569088.0,473956352.0,575.9748346796035,287.54770656115693,0.1106181662180461,115991.5542602539,0.06723699604431693,0.8043877361790198,0e6e08559dbe6eaf,11630473a039827ea1d1ee5d1fe37f174e2b87b7,False,sha256:c2914767605584b6d8f45686b82de173ecc99e781897aa3d0a66dacd72c51ae1,d3ca5a1da86930eb,7192.67201423645,graph,289.8184546541277,580.5232756082038,,2048,1568,,,,,,,,,,,,,,,,,,
4bf9ed2f5379,attention_warm,flash_attn_3,flash_attn_3,warm,ok,,,,2026-09-22T01:10:17+00:00,784,warm,,1,743.0879771709442,741.3024246692657,750.4832208156587,740.7360076904297,748.2860803604126,50,10,False,747.9999959468842,,False,743.0879771709442,-4.912018775939941,446164893696.0,90832896.0,40501248.0,600.4200140535468,122.2370685444481,0.3628359263530001,11889.407634735107,0.02858257293192472,0.8385270792772898,0e6e08559dbe6eaf,11630473a039827ea1d1ee5d1fe37f174e2b87b7,False,sha256:c2914767605584b6d8f45686b82de173ecc99e781897aa3d0a66dacd72c51ae1,d3ca5a1da86930eb,747.9999959468842,graph,121.43435359918115,596.4771338416991,,2048,7840,,,,,,,,,,,,,,,,,,
7d0c32cd96c0,attention_warm,flash_attn_3,flash_attn_3,warm,ok,,,,2026-09-22T01:10:18+00:00,784,warm,,8,6138.447999954224,5826.995372772217,6146.556615829468,5809.311866760254,6075.720329284668,50,10,False,6071.040153503418,,False,6138.447999954224,67.40784645080566,3569319149568.0,726663168.0,324009984.0,581.4693143274355,118.37897266628616,0.37466113280970603,98215.16799926758,0.027680438185656454,0.812061147896495,0e6e08559dbe6eaf,11630473a039827ea1d1ee5d1fe37f174e2b87b7,False,sha256:c2914767605584b6d8f45686b82de173ecc99e781897aa3d0a66dacd72c51ae1,d3ca5a1da86930eb,6071.040153503418,graph,119.69335560738536,587.9254722946037,,2048,7840,,,,,,,,,,,,,,,,,,
7982c7ec5017,attention_warm,flash_attn_3,flash_attn_3,warm,ok,,,,2026-09-22T01:10:21+00:00,784,warm,,32,23811.920166015625,23548.613739013672,23872.675704956055,23102.432250976562,23719.422607421875,50,10,False,23571.632385253906,,False,23811.920166015625,240.28778076171875,14277276598272.0,2906652672.0,1296039936.0,599.5852706850802,122.06712653725317,0.3633410669863224,380990.72265625,0.02854283556033452,0.8373613038162406,0e6e08559dbe6eaf,11630473a039827ea1d1ee5d1fe37f174e2b87b7,False,sha256:c2914767605584b6d8f45686b82de173ecc99e781897aa3d0a66dacd72c51ae1,d3ca5a1da86930eb,23571.632385253906,graph,123.31147136921933,605.6974063113114,,2048,7840,,,,,,,,,,,,,,,,,,
ef5f5a12598d,attention_warm,flash_attn_3,flash_attn_3,warm,ok,,,,2026-09-22T01:10:21+00:00,784,warm,,1,1384.9120140075684,1351.6896486282349,1415.2735471725464,1350.2399921417236,1383.8847994804382,50,10,False,1376.9919872283936,,False,1384.9120140075684,7.920026779174805,840765014016.0,122945536.0,72613888.0,607.0891186675815,88.77497975068337,0.676226569339633,22158.592224121094,0.020758165779567808,0.8478409340497965,0e6e08559dbe6eaf,11630473a039827ea1d1ee5d1fe37f174e2b87b7,False,sha256:c2914767605584b6d8f45686b82de173ecc99e781897aa3d0a66dacd72c51ae1,d3ca5a1da86930eb,1376.9919872283936,graph,89.28558563907441,610.5809052006831,,2048,15680,,,,,,,,,,,,,,,,,,
17a66541ab2d,attention_warm,flash_attn_3,flash_attn_3,warm,ok,,,,2026-09-22T01:10:23+00:00,784,warm,,8,11433.040142059326,10863.250923156738,11453.286838531494,10841.440200805664,11349.50138092041,50,10,False,11329.66423034668,,False,11433.040142059326,103.37591171264648,6726120112128.0,983564288.0,580911104.0,588.305475057703,86.02823708995041,0.6978173914831132,182928.64227294922,0.02011589765779032,0.8216083078119705,0e6e08559dbe6eaf,11630473a039827ea1d1ee5d1fe37f174e2b87b7,False,sha256:c2914767605584b6d8f45686b82de173ecc99e781897aa3d0a66dacd72c51ae1,d3ca5a1da86930eb,11329.66423034668,graph,86.81318951761237,593.6733847868134,,2048,15680,,,,,,,,,,,,,,,,,,
01bc5aa58e9c,attention_warm,flash_attn_3,flash_attn_3,warm,ok,,,,2026-09-22T01:10:28+00:00,784,warm,,32,44297.61505126953,43820.497131347656,44363.028717041016,43631.77490234375,44105.96839904785,50,10,False,43860.544204711914,,False,44297.61505126953,437.0708465576172,26904480448512.0,3934257152.0,2323644416.0,607.3573129698535,88.81419795279132,0.6759279640391469,708761.8408203125,0.020767336133007706,0.8482154854966157,0e6e08559dbe6eaf,11630473a039827ea1d1ee5d1fe37f174e2b87b7,False,sha256:c2914767605584b6d8f45686b82de173ecc99e781897aa3d0a66dacd72c51ae1,d3ca5a1da86930eb,43860.544204711914,graph,89.6992324955545,613.409635843544,,2048,15680,,,,,,,,,,,,,,,,,,
8d9788942b41,attention_warm,flash_attn_3,flash_attn_3,warm,ok,,,,2026-09-22T01:10:28+00:00,784,warm,,1,2664.3840074539185,2615.923237800598,2682.6752424240112,2589.3759727478027,2656.873617172241,50,10,False,2791.7920351028442,,False,2664.3840074539185,-127.40802764892578,1629965254656.0,187170816.0,136839168.0,611.760635890317,70.24918910951585,1.3009687536396086,42630.144119262695,0.016426298462820142,0.8543650231888781,0e6e08559dbe6eaf,11630473a039827ea1d1ee5d1fe37f174e2b87b7,False,sha256:c2914767605584b6d8f45686b82de173ecc99e781897aa3d0a66dacd72c51ae1,d3ca5a1da86930eb,2791.7920351028442,graph,67.04325166294308,583.841931691719,,2048,31360,,,,,,,,,,,,,,,,,,
fdf91c158190,attention_warm,flash_attn_3,flash_attn_3,warm,ok,,,,2026-09-22T01:10:31+00:00,784,warm,,8,21588.175773620605,20584.972763061523,22016.735458374023,20368.671417236328,21403.01124572754,50,10,False,21524.752616882324,,False,21588.175773620605,63.42315673828125,13039722037248.0,1497366528.0,1094713344.0,604.0214872245815,69.36049361936767,1.3176376814953983,345410.8123779297,0.01621849567464876,0.8435567796678799,0e6e08559dbe6eaf,11630473a039827ea1d1ee5d1fe37f174e2b87b7,False,sha256:c2914767605584b6d8f45686b82de173ecc99e781897aa3d0a66dacd72c51ae1,d3ca5a1da86930eb,21524.752616882324,graph,69.5648658384851,605.8012498141636,,2048,31360,,,,,,,,,,,,,,,,,,
5690edac02ee,attention_warm,flash_attn_3,flash_attn_3,warm,ok,,,,2026-09-22T01:10:41+00:00,784,warm,,32,84412.89901733398,83597.62649536133,86535.34088134766,80886.68823242188,84580.59432983398,50,10,False,84379.68063354492,,False,84412.89901733398,33.2183837890625,52158888148992.0,5989466112.0,4378853376.0,617.9018699296337,70.95439419477914,1.2880386202596128,1350606.3842773438,0.016591195870959252,0.862941671071384,0e6e08559dbe6eaf,11630473a039827ea1d1ee5d1fe37f174e2b87b7,False,sha256:c2914767605584b6d8f45686b82de173ecc99e781897aa3d0a66dacd72c51ae1,d3ca5a1da86930eb,84379.68063354492,graph,70.98232734503742,618.1451240081651,,2048,31360,,,,,,,,,,,,,,,,,,
d6914c2be266,attention_warm,flash_attn_3,flash_attn_3,warm,ok,,,,2026-09-22T01:10:42+00:00,784,warm,,1,5178.079843521118,5144.163417816162,5439.558410644531,5141.151905059814,5221.505908966064,50,10,False,5439.0082359313965,,False,5178.079843521118,-260.9283924102783,3208365735936.0,315621376.0,265289728.0,619.6053040685244,60.95336216086155,2.528359298594296,82849.27749633789,0.014252664434400614,0.865320631831839,0e6e08559dbe6eaf,11630473a039827ea1d1ee5d1fe37f174e2b87b7,False,sha256:c2914767605584b6d8f45686b82de173ecc99e781897aa3d0a66dacd72c51ae1,d3ca5a1da86930eb,5439.0082359313965,graph,58.02921457535756,589.8806541127783,,2048,62720,,,,,,,,,,,,,,,,,,
621ef8113f56,attention_warm,flash_attn_3,flash_attn_3,warm,ok,,,,2026-09-22T01:10:47+00:00,784,warm,,8,42093.807220458984,41018.428802490234,42706.932067871094,40035.93444824219,41960.98220825195,50,10,False,41886.27052307129,,False,42093.807220458984,207.5366973876953,25666925887488.0,2524971008.0,2122317824.0,609.7553911686331,59.98438190149692,2.5692021008580923,673500.9155273438,0.014026088737988081,0.8515645635766843,0e6e08559dbe6eaf,11630473a039827ea1d1ee5d1fe37f174e2b87b7,False,sha256:c2914767605584b6d8f45686b82de173ecc99e781897aa3d0a66dacd72c51ae1,d3ca5a1da86930eb,41886.27052307129,graph,60.28159051804878,612.7765868615697,,2048,62720,,,,,,,,,,,,,,,,,,
86d613b3099d,attention_warm,flash_attn_3,flash_attn_3,warm,ok,,,,2026-09-22T01:11:08+00:00,784,warm,,32,166787.17803955078,164729.8843383789,169251.67236328125,164131.16455078125,166840.8673095703,50,10,False,166378.0288696289,,False,166787.17803955078,409.149169921875,102667703549952.0,10099884032.0,8489271296.0,615.5611285995022,60.55551842003695,2.5449703680351377,2668594.8486328125,0.01415963702566908,0.8596726677987454,0e6e08559dbe6eaf,11630473a039827ea1d1ee5d1fe37f174e2b87b7,False,sha256:c2914767605584b6d8f45686b82de173ecc99e781897aa3d0a66dacd72c51ae1,d3ca5a1da86930eb,166378.0288696289,graph,60.70443375617885,617.0748881175934,,2048,62720,,,,,,,,,,,,,,,,,,
41b584477542,attention_warm,flash_attn_3,flash_attn_3,warm,ok,,,,2026-09-22T01:11:09+00:00,784,warm,,1,10617.648124694824,10613.328170776367,10652.582836151123,10611.519813537598,10633.2173538208,50,10,False,10497.83992767334,,False,10617.648124694824,119.80819702148438,6365166698496.0,572522496.0,522190848.0,599.4893241650866,53.92178091383638,5.184398498386145,169882.3699951172,0.012608476740658842,0.8372273080244717,0e6e08559dbe6eaf,11630473a039827ea1d1ee5d1fe37f174e2b87b7,False,sha256:c2914767605584b6d8f45686b82de173ecc99e781897aa3d0a66dacd72c51ae1,d3ca5a1da86930eb,10497.83992767334,graph,54.53717145093576,606.3310873808234,,2048,125440,,,,,,,,,,,,,,,,,,
abef30a903a8,attention_warm,flash_attn_3,flash_attn_3,warm,ok,,,,2026-09-22T01:11:19+00:00,784,warm,,8,82977.99682617188,82138.00201416016,85055.08117675781,79952.76641845703,83314.00863647461,50,10,False,82960.18981933594,,False,82977.99682617188,17.8070068359375,50921333587968.0,4580179968.0,4177526784.0,613.6727269355705,55.197523960416675,5.0645750015974045,1327647.94921875,0.01290678247643504,0.857035387403862,0e6e08559dbe6eaf,11630473a039827ea1d1ee5d1fe37f174e2b87b7,False,sha256:c2914767605584b6d8f45686b82de173ecc99e781897aa3d0a66dacd72c51ae1,d3ca5a1da86930eb,82960.18981933594,graph,55.20937184418634,613.8044488429981,,2048,125440,,,,,,,,,,,,,,,,,,
a9535ca0f2df,attention_warm,flash_attn_3,flash_attn_3,warm,ok,,,,2026-09-22T01:12:00+00:00,784,warm,,32,329655.6396484375,328126.35498046875,334293.8934326172,327041.4733886719,330463.0944824219,50,10,False,330374.6032714844,,False,329655.6396484375,-718.963623046875,203685334351872.0,18320719872.0,16710107136.0,617.8730464587017,55.5753267001232,5.0301458686590195,5274490.234375,0.01299512371768148,0.8629014171485807,0e6e08559dbe6eaf,11630473a039827ea1d1ee5d1fe37f174e2b87b7,False,sha256:c2914767605584b6d8f45686b82de173ecc99e781897aa3d0a66dacd72c51ae1,d3ca5a1da86930eb,330374.6032714844,graph,55.45438326851353,616.5284266251366,,2048,125440,,,,,,,,,,,,,,,,,,
c5a51f1746ae,gdn_cold,gdn,flashinfer,cold,ok,,,,2026-09-22T00:20:45+00:00,,prefill,128,1,403.424009680748,388.5983943939209,417.5615906715393,382.9120099544525,403.50656151771545,50,10,False,65.5359998345375,,False,403.424009680748,337.8880098462105,815792128.0,10047488,,2.022170491651159,24.905528076901376,,19364.352464675903,0.005823635016306717,0.002824097592479231,0e6e08559dbe6eaf,11630473a039827ea1d1ee5d1fe37f174e2b87b7,False,sha256:c2914767605584b6d8f45686b82de173ecc99e781897aa3d0a66dacd72c51ae1,7b484ecf5cb445a7,65.5359998345375,graph,153.31250038707688,12.44800003142818,,,,,,,,,,,,,,,3207168,3.1517500756308436,,,,,
467572c696c6,gdn_cold,gdn,flashinfer,cold,ok,,,,2026-09-22T00:20:48+00:00,,prefill,128,4,435.2000057697296,418.8223868608475,446.0640102624893,412.03200817108154,434.97792065143585,50,10,False,74.0479975938797,,False,435.2000057697296,361.1520081758499,3263168512.0,40189952,,7.498089312357657,92.34823406979702,,20889.60027694702,0.021593696305590226,0.010471587861977579,0e6e08559dbe6eaf,11630473a039827ea1d1ee5d1fe37f174e2b87b7,False,sha256:c2914767605584b6d8f45686b82de173ecc99e781897aa3d0a66dacd72c51ae1,7b484ecf5cb445a7,74.0479975938797,graph,542.7554195377976,44.06828838096374,,,,,,,,,,,,,,,12828672,0.8500000112690032,,,,,
1628f6865b20,gdn_cold,gdn,flashinfer,cold,ok,,,,2026-09-22T00:20:48+00:00,,prefill,128,16,442.3840045928955,426.78399682044983,454.7583907842636,422.9759871959686,442.2156798839569,50,10,False,222.1119999885559,,False,442.3840045928955,220.2720046043396,13052674048.0,160759808,,29.50530288727718,363.39426003419686,,21234.432220458984,0.08497212068443377,0.041206147153938576,0e6e08559dbe6eaf,11630473a039827ea1d1ee5d1fe37f174e2b87b7,False,sha256:c2914767605584b6d8f45686b82de173ecc99e781897aa3d0a66dacd72c51ae1,7b484ecf5cb445a7,222.1119999885559,graph,723.7781299897484,58.76618124492385,,,,,,,,,,,,,,,51314688,0.21600781474262476,,,,,
c2577d7e8a8c,gdn_cold,gdn,flashinfer,cold,ok,,,,2026-09-22T00:20:48+00:00,,prefill,512,1,404.1280001401901,390.204793214798,415.23198783397675,384.19198989868164,405.5846393108368,50,10,False,121.45600095391273,,False,404.1280001401901,282.6719991862774,3263168512.0,30568448,,8.07459149296268,75.64050991120622,,19398.144006729126,0.017686945677684304,0.01127671207233844,0e6e08559dbe6eaf,11630473a039827ea1d1ee5d1fe37f174e2b87b7,False,sha256:c2914767605584b6d8f45686b82de173ecc99e781897aa3d0a66dacd72c51ae1,7b484ecf5cb445a7,121.45600095391273,graph,251.68330720521084,26.867083440679316,,,,,,,,,,,,,,,3207168,0.7893125002738088,,,,,
a1d7dd09ce7f,gdn_cold,gdn,flashinfer,cold,ok,,,,2026-09-22T00:20:48+00:00,,prefill,512,4,443.90399754047394,427.53599286079407,455.9295892715454,421.4720129966736,450.1433593034744,50,10,False,156.8479984998703,,False,443.90399754047394,287.05599904060364,13052674048.0,122273792,,29.40427236591825,275.4509819183402,,21307.39188194275,0.06440843087617404,0.041065051211081796,0e6e08559dbe6eaf,11630473a039827ea1d1ee5d1fe37f174e2b87b7,False,sha256:c2914767605584b6d8f45686b82de173ecc99e781897aa3d0a66dacd72c51ae1,7b484ecf5cb445a7,156.8479984998703,graph,779.5687109140963,83.21862040216467,,,,,,,,,,,,,,,12828672,0.21674999879905954,,,,,
090ce3eb50bc,gdn_cold,gdn,flashinfer,cold,ok,,,,2026-09-22T00:20:48+00:00,,prefill,512,16,522.7039754390717,521.3152050971985,525.0527918338776,519.711971282959,524.2515206336975,50,10,False,509.71201062202454,,False,522.7039754390717,12.99196481704712,52210696192.0,489095168,,99.88578362761251,935.7020244377513,,25089.79082107544,0.21879427962816891,0.1394972393427172,0e6e08559dbe6eaf,11630473a039827ea1d1ee5d1fe37f174e2b87b7,False,sha256:c2914767605584b6d8f45686b82de173ecc99e781897aa3d0a66dacd72c51ae1,7b484ecf5cb445a7,509.71201062202454,graph,959.5519779946625,102.43175578359424,,,,,,,,,,,,,,,51314688,0.0638066376268398,,,,,
15d1f3b37248,gdn_cold,gdn,flashinfer,cold,ok,,,,2026-09-22T00:20:48+00:00,,prefill,1024,1,409.2320054769516,392.4000084400177,416.90240800380707,389.18399810791016,406.8812793493271,50,10,False,137.4559998512268,,False,409.2320054769516,271.7760056257248,6526337024.0,57929728,,15.947767859441218,141.55717838462826,,19643.136262893677,0.03310017512195881,0.022272134324584452,0e6e08559dbe6eaf,11630473a039827ea1d1ee5d1fe37f174e2b87b7,False,sha256:c2914767605584b6d8f45686b82de173ecc99e781897aa3d0a66dacd72c51ae1,7b484ecf5cb445a7,137.4559998512268,graph,421.44197461514426,47.47946274490507,,,,,,,,,,,,,,,3207168,0.39964063034858555,,,,,
305149e1573f,gdn_cold,gdn,flashinfer,cold,ok,,,,2026-09-22T00:20:48+00:00,,prefill,1024,4,442.1439915895462,427.3952066898346,455.0720125436783,419.6479916572571,443.20384085178375,50,10,False,263.7760043144226,,False,442.1439915895462,178.3679872751236,26105348096.0,231718912,,59.04263903292906,524.0802010380155,,21222.911596298218,0.1225451554648494,0.08245703091551175,0e6e08559dbe6eaf,11630473a039827ea1d1ee5d1fe37f174e2b87b7,False,sha256:c2914767605584b6d8f45686b82de173ecc99e781897aa3d0a66dacd72c51ae1,7b484ecf5cb445a7,263.7760043144226,graph,878.4685043746043,98.9678654199427,,,,,,,,,,,,,,,12828672,0.10794531044666655,,,,,
873eb81b21c8,gdn_cold,gdn,flashinfer,cold,ok,,,,2026-09-22T00:20:48+00:00,,prefill,1024,16,921.6159880161285,918.9600169658661,923.1423914432526,916.8959856033325,922.8825628757477,50,10,False,903.551995754242,,False,921.6159880161285,18.063992261886597,104421392384.0,926875648,,113.30249663829899,1005.7069973310613,,44237.56742477417,0.2351634732545104,0.15823458471933088,0e6e08559dbe6eaf,11630473a039827ea1d1ee5d1fe37f174e2b87b7,False,sha256:c2914767605584b6d8f45686b82de173ecc99e781897aa3d0a66dacd72c51ae1,7b484ecf5cb445a7,903.551995754242,graph,1025.813292821393,115.56766281815804,,,,,,,,,,,,,,,51314688,0.05625097583106253,,,,,
87646397b938,gdn_cold,gdn,flashinfer,cold,ok,,,,2026-09-22T00:20:48+00:00,,prefill,4096,1,412.992000579834,396.69439792633057,426.8607944250107,393.21601390838623,414.68480110168457,50,10,False,347.05600142478943,,False,412.992000579834,65.93599915504456,26105348096.0,222097408,,63.21029961681709,537.7765372892911,,19823.61602783203,0.1257477562345161,0.08827745024702832,0e6e08559dbe6eaf,11630473a039827ea1d1ee5d1fe37f174e2b87b7,False,sha256:c2914767605584b6d8f45686b82de173ecc99e781897aa3d0a66dacd72c51ae1,7b484ecf5cb445a7,347.05600142478943,graph,639.9468877881679,75.21941124437606,,,,,,,,,,,,,,,3207168,0.10082812514156103,,,,,
5895c48fa198,gdn_cold,gdn,flashinfer,cold,ok,,,,2026-09-22T00:20:48+00:00,,prefill,4096,4,928.4799993038177,926.5023767948151,930.4064154624939,925.1840114593506,929.9705588817596,50,10,False,915.6000018119812,,False,928.4799993038177,12.879997491836548,104421392384.0,888389632,,112.46488073226786,956.8215068349584,,44567.03996658325,0.2237326273249085,0.1570647975656704,0e6e08559dbe6eaf,11630473a039827ea1d1ee5d1fe37f174e2b87b7,False,sha256:c2914767605584b6d8f45686b82de173ecc99e781897aa3d0a66dacd72c51ae1,7b484ecf5cb445a7,915.6000018119812,graph,970.2813785953128,114.04695519588147,,,,,,,,,,,,,,,12828672,0.05666992183250841,,,,,
58dfa82f3f82,gdn_cold,gdn,flashinfer,cold,ok,,,,2026-09-22T00:20:49+00:00,,prefill,4096,16,3591.2320613861084,3587.804865837097,3594.447898864746,3585.0560665130615,3593.8220643997192,50,10,False,3578.559994697571,,False,3591.2320613861084,12.672066688537598,417685569536.0,3553558528,,116.30703958874378,989.5095797926333,,172379.1389465332,0.23137604711926557,0.1624306317627843,0e6e08559dbe6eaf,11630473a039827ea1d1ee5d1fe37f174e2b87b7,False,sha256:c2914767605584b6d8f45686b82de173ecc99e781897aa3d0a66dacd72c51ae1,7b484ecf5cb445a7,3578.559994697571,graph,993.0135398778793,116.71889535312911,,,,,,,,,,,,,,,51314688,0.05479785249917768,,,,,
447e84816c9b,gdn_cold,gdn,flashinfer,cold,ok,,,,2026-09-22T00:20:49+00:00,,prefill,16384,1,1205.0399780273438,1201.737654209137,1208.9664340019226,1200.543999671936,1206.8358421325684,50,10,False,1185.5360269546509,,False,1205.0399780273438,19.50395107269287,104421392384.0,878768128,,86.65388226782179,729.2439620455975,,57841.9189453125,0.1705183949397053,0.12101799591176621,0e6e08559dbe6eaf,11630473a039827ea1d1ee5d1fe37f174e2b87b7,False,sha256:c2914767605584b6d8f45686b82de173ecc99e781897aa3d0a66dacd72c51ae1,7b484ecf5cb445a7,1185.5360269546509,graph,741.2411837515712,88.07947629582608,,,,,,,,,,,,,,,3207168,0.07354980334639549,,,,,
e73b0824f6b6,gdn_cold,gdn,flashinfer,cold,ok,,,,2026-09-22T00:20:49+00:00,,prefill,16384,4,3878.2399892807007,3874.9215841293335,3883.776044845581,3871.648073196411,3880.932478904724,50,10,False,3869.167923927307,,False,3878.2399892807007,9.072065353393555,417685569536.0,3515072512,,107.69977378668315,906.3576575239075,,186155.51948547363,0.21193271531348548,0.1504100040611209,0e6e08559dbe6eaf,11630473a039827ea1d1ee5d1fe37f174e2b87b7,False,sha256:c2914767605584b6d8f45686b82de173ecc99e781897aa3d0a66dacd72c51ae1,7b484ecf5cb445a7,3869.167923927307,graph,908.482800723756,107.95229820680366,,,,,,,,,,,,,,,12828672,0.05917724593018647,,,,,
10994dd31fee,gdn_cold,gdn,flashinfer,cold,ok,,,,2026-09-22T00:20:50+00:00,,prefill,65536,1,4888.719797134399,4884.796762466431,4894.959831237793,4879.648208618164,4892.279634475708,50,10,False,4873.680114746094,,False,4888.719797134399,15.039682388305664,417685569536.0,3505451008,,85.43863973976032,717.0488703514519,,234658.55026245117,0.16766682870116548,0.1193208276898254,0e6e08559dbe6eaf,11630473a039827ea1d1ee5d1fe37f174e2b87b7,False,sha256:c2914767605584b6d8f45686b82de173ecc99e781897aa3d0a66dacd72c51ae1,7b484ecf5cb445a7,4873.680114746094,graph,719.2616104191371,85.70229471405518,,,,,,,,,,,,,,,3207168,0.07459594417014159,,,,,
f63e279d4d64,gdn_cold,gdn,triton,cold,ok,,,,2026-09-22T00:21:42+00:00,,prefill,128,1,545.8399951457977,525.1359760761261,565.8047795295715,519.10400390625,545.9654355049133,50,10,False,58.52799862623215,,False,545.8399951457977,487.3119965195656,815792128.0,10047488,,1.4945627569524218,18.407386943707277,,26200.31976699829,0.004304181097187874,0.002087257776307507,0e6e08559dbe6eaf,11630473a039827ea1d1ee5d1fe37f174e2b87b7,False,sha256:c2914767605584b6d8f45686b82de173ecc99e781897aa3d0a66dacd72c51ae1,7b484ecf5cb445a7,58.52799862623215,graph,171.66976892828063,13.938493492828293,,,,,,,,,,,,,,,3207168,4.264374962076545,,,,,
63fb807f19d3,gdn_cold,gdn,triton,cold,ok,,,,2026-09-22T00:21:42+00:00,,prefill,128,4,542.6400005817413,528.4575939178467,563.9935851097107,520.3520059585571,544.9907195568085,50,10,False,130.5599957704544,,False,542.6400005817413,412.0800048112869,3263168512.0,40189952,,6.0135052861965494,74.06374752490429,,26046.720027923584,0.017318252887195767,0.008398266056806086,0e6e08559dbe6eaf,11630473a039827ea1d1ee5d1fe37f174e2b87b7,False,sha256:c2914767605584b6d8f45686b82de173ecc99e781897aa3d0a66dacd72c51ae1,7b484ecf5cb445a7,130.5599957704544,graph,307.827460952591,24.993632182228144,,,,,,,,,,,,,,,12828672,1.0598437511362135,,,,,
dd22b28aa852,gdn_cold,gdn,triton,cold,ok,,,,2026-09-22T00:21:43+00:00,,prefill,128,16,562.6240074634552,546.0383892059326,577.1007895469666,536.9920134544373,563.1110405921936,50,10,False,414.3359959125519,,False,562.6240074634552,148.28801155090332,13052674048.0,160759808,,23.199639323687812,285.7322223500071,,27005.95235824585,0.0668124831654509,0.03239986234143686,0e6e08559dbe6eaf,11630473a039827ea1d1ee5d1fe37f174e2b87b7,False,sha256:c2914767605584b6d8f45686b82de173ecc99e781897aa3d0a66dacd72c51ae1,7b484ecf5cb445a7,414.3359959125519,graph,387.9938252671857,31.502631141791618,,,,,,,,,,,,,,,51314688,0.27471875364426523,,,,,
21bf8930fd84,gdn_cold,gdn,triton,cold,ok,,,,2026-09-22T00:21:43+00:00,,prefill,512,1,552.2880256175995,536.2911880016327,573.5455811023712,530.0480127334595,554.2182409763336,50,10,False,118.25599893927574,,False,552.2880256175995,434.03202667832375,3263168512.0,30568448,,5.908454213453101,55.348743014691735,,26509.825229644775,0.012942141878447711,0.0082515551425449,0e6e08559dbe6eaf,11630473a039827ea1d1ee5d1fe37f174e2b87b7,False,sha256:c2914767605584b6d8f45686b82de173ecc99e781897aa3d0a66dacd72c51ae1,7b484ecf5cb445a7,118.25599893927574,graph,258.49384618277884,27.59410551066954,,,,,,,,,,,,,,,3207168,1.078687550034374,,,,,
e29b993d4628,gdn_cold,gdn,triton,cold,ok,,,,2026-09-22T00:21:43+00:00,,prefill,512,4,565.3759837150574,550.7040202617645,577.8495907783508,538.8479828834534,564.8704028129578,50,10,False,353.32798957824707,,False,565.3759837150574,212.0479941368103,13052674048.0,122273792,,23.08671472429998,216.2698726545564,,27138.047218322754,0.05057017058519512,0.032242155515736684,0e6e08559dbe6eaf,11630473a039827ea1d1ee5d1fe37f174e2b87b7,False,sha256:c2914767605584b6d8f45686b82de173ecc99e781897aa3d0a66dacd72c51ae1,7b484ecf5cb445a7,353.32798957824707,graph,346.06313568860804,36.94208903059289,,,,,,,,,,,,,,,12828672,0.27606249204836786,,,,,
c91f8de559be,gdn_cold,gdn,triton,cold,ok,,,,2026-09-22T00:21:43+00:00,,prefill,512,16,1300.159990787506,1297.4687576293945,1303.9488554000854,1295.7439422607422,1302.2118306159973,50,10,False,1276.1120200157166,,False,1300.159990787506,24.04797077178955,52210696192.0,489095168,,40.15713186219184,376.18075580356486,,62407.67955780029,0.08796197435340337,0.05608214533893551,0e6e08559dbe6eaf,11630473a039827ea1d1ee5d1fe37f174e2b87b7,False,sha256:c2914767605584b6d8f45686b82de173ecc99e781897aa3d0a66dacd72c51ae1,7b484ecf5cb445a7,1276.1120200157166,graph,383.2697759511554,40.9138816758085,,,,,,,,,,,,,,,51314688,0.158710936375428,,,,,
42ab7e4af131,gdn_cold,gdn,triton,cold,ok,,,,2026-09-22T00:21:43+00:00,,prefill,1024,1,564.5920038223267,552.8031885623932,583.5264146327972,539.5519733428955,565.8239948749542,50,10,False,196.49600237607956,,False,564.5920038223267,368.0960014462471,6526337024.0,57929728,,11.559386211310558,102.60458456338695,,27100.41618347168,0.02399192860524505,0.016143463127703116,0e6e08559dbe6eaf,11630473a039827ea1d1ee5d1fe37f174e2b87b7,False,sha256:c2914767605584b6d8f45686b82de173ecc99e781897aa3d0a66dacd72c51ae1,7b484ecf5cb445a7,196.49600237607956,graph,294.81377381472913,33.21358676554167,,,,,,,,,,,,,,,3207168,0.5513593787327409,,,,,
56c9829cf9ae,gdn_cold,gdn,triton,cold,ok,,,,2026-09-22T00:21:43+00:00,,prefill,1024,4,668.4640049934387,665.1808202266693,670.358407497406,661.3439917564392,671.7081618309021,50,10,False,649.9039828777313,,False,668.4640049934387,18.560022115707397,26105348096.0,231718912,,39.05273567610605,346.6438136818967,,32086.27223968506,0.08105538036819475,0.05453978151593193,0e6e08559dbe6eaf,11630473a039827ea1d1ee5d1fe37f174e2b87b7,False,sha256:c2914767605584b6d8f45686b82de173ecc99e781897aa3d0a66dacd72c51ae1,7b484ecf5cb445a7,649.9039828777313,graph,356.5433019412563,40.16800755768147,,,,,,,,,,,,,,,12828672,0.16319921996910125,,,,,
5d1946c953da,gdn_cold,gdn,triton,cold,ok,,,,2026-09-22T00:21:43+00:00,,prefill,1024,16,2451.6159296035767,2449.564838409424,2454.246473312378,2448.7359523773193,2454.030065536499,50,10,False,2437.2000694274902,,False,2451.6159296035767,14.415860176086426,104421392384.0,926875648,,42.592883788646624,378.06723182365465,,117677.56462097168,0.08840308717679325,0.05948383732276071,0e6e08559dbe6eaf,11630473a039827ea1d1ee5d1fe37f174e2b87b7,False,sha256:c2914767605584b6d8f45686b82de173ecc99e781897aa3d0a66dacd72c51ae1,7b484ecf5cb445a7,2437.2000694274902,graph,380.30347185150356,42.84481758140155,,,,,,,,,,,,,,,51314688,0.1496347613283433,,,,,
a46c5423fe31,gdn_cold,gdn,triton,cold,ok,,,,2026-09-22T00:21:43+00:00,,prefill,4096,1,716.3200080394745,712.089592218399,720.0671851634979,708.6719870567322,719.3945562839508,50,10,False,697.376012802124,,False,716.3200080394745,18.943995237350464,26105348096.0,222097408,,36.44369528005897,310.0533358098812,,34383.360385894775,0.07249946508942998,0.050896080486974034,0e6e08559dbe6eaf,11630473a039827ea1d1ee5d1fe37f174e2b87b7,False,sha256:c2914767605584b6d8f45686b82de173ecc99e781897aa3d0a66dacd72c51ae1,7b484ecf5cb445a7,697.376012802124,graph,318.47583501989294,37.43367654861858,,,,,,,,,,,,,,,3207168,0.17488281446276233,,,,,
1a27b58b0651,gdn_cold,gdn,triton,cold,ok,,,,2026-09-22T00:21:44+00:00,,prefill,4096,4,2445.263981819153,2442.0480728149414,2449.2254972457886,2440.3839111328125,2447.5103759765625,50,10,False,2431.040048599243,,False,2445.263981819153,14.223933219909668,104421392384.0,888389632,,42.703525329120396,363.31031684320766,,117372.67112731934,0.08495249233104508,0.059638355702575974,0e6e08559dbe6eaf,11630473a039827ea1d1ee5d1fe37f174e2b87b7,False,sha256:c2914767605584b6d8f45686b82de173ecc99e781897aa3d0a66dacd72c51ae1,7b484ecf5cb445a7,2431.040048599243,graph,365.4360332368392,42.95338221357861,,,,,,,,,,,,,,,12828672,0.14924706920282915,,,,,
0e15d1440e8f,gdn_cold,gdn,triton,cold,ok,,,,2026-09-22T00:21:45+00:00,,prefill,4096,16,10147.119998931885,10136.141109466553,10155.340576171875,10130.559921264648,10150.03396987915,50,10,False,10135.471820831299,,False,10147.119998931885,11.648178100585938,417685569536.0,3553558528,,41.16296738187454,350.2036566409048,,487061.75994873047,0.08188777492913801,0.05748686253824871,0e6e08559dbe6eaf,11630473a039827ea1d1ee5d1fe37f174e2b87b7,False,sha256:c2914767605584b6d8f45686b82de173ecc99e781897aa3d0a66dacd72c51ae1,7b484ecf5cb445a7,10135.471820831299,graph,350.60612774793765,41.210273869790306,,,,,,,,,,,,,,,51314688,0.15483276365557685,,,,,
489233b3d305,gdn_cold,gdn,triton,cold,ok,,,,2026-09-22T00:21:45+00:00,,prefill,16384,1,2676.33593082428,2671.228790283203,2686.5631341934204,2662.911891937256,2680.088324546814,50,10,False,2659.327983856201,,False,2676.33593082428,17.007946968078613,104421392384.0,878768128,,39.01654914891026,328.34746859649636,,128464.12467956543,0.0767771640789931,0.05448924458803404,0e6e08559dbe6eaf,11630473a039827ea1d1ee5d1fe37f174e2b87b7,False,sha256:c2914767605584b6d8f45686b82de173ecc99e781897aa3d0a66dacd72c51ae1,7b484ecf5cb445a7,2659.327983856201,graph,330.4474413591242,39.266082641142326,,,,,,,,,,,,,,,3207168,0.1633505817153491,,,,,
2eede73964d8,gdn_cold,gdn,triton,cold,ok,,,,2026-09-22T00:21:47+00:00,,prefill,16384,4,10355.43966293335,10349.055671691895,10367.145347595215,10345.791816711426,10361.607685089111,50,10,False,10340.911865234375,,False,10355.43966293335,14.52779769897461,417685569536.0,3515072512,,40.334894811958534,339.4421315187595,,497061.1038208008,0.07937141814534775,0.05633040329766886,0e6e08559dbe6eaf,11630473a039827ea1d1ee5d1fe37f174e2b87b7,False,sha256:c2914767605584b6d8f45686b82de173ecc99e781897aa3d0a66dacd72c51ae1,7b484ecf5cb445a7,10340.911865234375,graph,339.91900886589093,40.39156072301881,,,,,,,,,,,,,,,12828672,0.15801146946614608,,,,,
8a27de894520,gdn_cold,gdn,triton,cold,ok,,,,2026-09-22T00:21:48+00:00,,prefill,65536,1,11270.080089569092,11251.263618469238,11292.256355285645,11219.96784210205,11276.232376098633,50,10,False,11251.215934753418,,False,11270.080089569092,18.864154815673828,417685569536.0,3505451008,,37.06145530612375,311.04047000024735,,540963.8442993164,0.07273028570158722,0.05175882406351338,0e6e08559dbe6eaf,11630473a039827ea1d1ee5d1fe37f174e2b87b7,False,sha256:c2914767605584b6d8f45686b82de173ecc99e781897aa3d0a66dacd72c51ae1,7b484ecf5cb445a7,11251.215934753418,graph,311.56197057530085,37.12359374828353,,,,,,,,,,,,,,,3207168,0.17196777480421588,,,,,
1931325f2f1e,gdn_decode,gdn,packed,decode,ok,,,,2026-09-22T00:20:20+00:00,,decode,,1,70.19199803471565,68.95360350608826,82.93439820408821,68.12799721956253,72.94272013008595,100,10,False,9.79200005531311,,False,70.19199803471565,60.39999797940254,6373376.0,6467776,,0.09079918193592162,92.14406458128117,,3369.2159056663513,0.02154595555586948,0.0001268071867149743,0e6e08559dbe6eaf,11630473a039827ea1d1ee5d1fe37f174e2b87b7,False,sha256:c2914767605584b6d8f45686b82de173ecc99e781897aa3d0a66dacd72c51ae1,2d15a1157607af9f,9.79200005531311,graph,660.5163361381523,0.6508758133167927,,,,,,,,,,,,,,,6414336,70.19199803471565,,,,,
0b4456e838c5,gdn_decode,gdn,packed,decode,ok,,,,2026-09-22T00:20:20+00:00,,decode,,16,76.688002794981,74.4256004691124,91.35680198669434,72.80000299215317,80.38080006837845,50,10,False,34.063998609781265,,False,76.688002794981,42.62400418519974,101974016.0,103484416,,1.3297258017348432,1349.42119012614,,3681.024134159088,0.3155338232660591,0.0018570518414946298,0e6e08559dbe6eaf,11630473a039827ea1d1ee5d1fe37f174e2b87b7,False,sha256:c2914767605584b6d8f45686b82de173ecc99e781897aa3d0a66dacd72c51ae1,2d15a1157607af9f,34.063998609781265,graph,3037.9409412694463,2.993600873701269,,,,,,,,,,,,,,,102629376,4.793000174686313,,,,,
753513bb2abd,gdn_decode,gdn,packed,decode,ok,,,,2026-09-22T00:20:20+00:00,,decode,,64,114.04799669981003,113.16799744963646,115.77600240707397,112.03200370073318,115.89952006936073,50,10,False,113.23199793696404,,False,114.04799669981003,0.815998762845993,407896064.0,413937664,,3.5765298453565864,3629.504033197012,,5474.303841590881,0.8486833410754295,0.004994865352552115,0e6e08559dbe6eaf,11630473a039827ea1d1ee5d1fe37f174e2b87b7,False,sha256:c2914767605584b6d8f45686b82de173ecc99e781897aa3d0a66dacd72c51ae1,2d15a1157607af9f,113.23199793696404,graph,3655.659809433355,3.602303866677992,,,,,,,,,,,,,,,410517504,1.7819999484345317,,,,,
f759b9c5d2c0,gdn_decode,gdn,packed,decode,ok,,,,2026-09-22T00:20:20+00:00,,decode,,256,422.8159934282303,421.7503935098648,424.7487932443619,420.5760061740875,424.4518393278122,50,10,False,421.80800437927246,,False,422.8159934282303,1.0079890489578247,1631584256.0,1655750656,,3.858851796903347,3916.0076291698997,,20295.167684555054,0.9156761937727768,0.00538914701523043,0e6e08559dbe6eaf,11630473a039827ea1d1ee5d1fe37f174e2b87b7,False,sha256:c2914767605584b6d8f45686b82de173ecc99e781897aa3d0a66dacd72c51ae1,2d15a1157607af9f,421.80800437927246,graph,3925.3656611770148,3.8680732443686545,,,,,,,,,,,,,,,1642070016,1.6516249743290246,,,,,
80e828bd711a,gdn_decode,gdn,packed,decode,ok,,,,2026-09-22T00:20:20+00:00,,decode,,1024,1657.9520106315613,1655.8719873428345,1659.7119569778442,1654.7839641571045,1659.3113613128662,50,10,False,1656.7040085792542,,False,1657.9520106315613,1.248002052307129,6526337024.0,6623002624,,3.936384757912222,3994.6889786496954,,79581.69651031494,0.9340741759615493,0.005497427028922136,0e6e08559dbe6eaf,11630473a039827ea1d1ee5d1fe37f174e2b87b7,False,sha256:c2914767605584b6d8f45686b82de173ecc99e781897aa3d0a66dacd72c51ae1,2d15a1157607af9f,1656.7040085792542,graph,3997.6981945493776,3.939350052998795,,,,,,,,,,,,,,,6568280064,1.619093760382384,,,,,
e92caaa2f560,gdn_decode,gdn,packed,decode,ok,,,,2026-09-22T00:20:27+00:00,,decode,,64,114.15999755263329,113.36959898471832,115.68320170044899,112.15999722480774,115.97696006298065,50,10,False,123.44000115990639,,False,114.15999755263329,-9.280003607273102,407896064.0,413937664,,3.573020959569837,3625.9431751402644,,5479.679882526398,0.847850709155185,0.004989964956693529,0e6e08559dbe6eaf,11630473a039827ea1d1ee5d1fe37f174e2b87b7,False,sha256:c2914767605584b6d8f45686b82de173ecc99e781897aa3d0a66dacd72c51ae1,2d15a1157607af9f,123.44000115990639,graph,3353.351102644416,3.3044074867724946,,,,,,,,,,,,,,,410517504,1.783749961759895,1024,,,,
5d79a7a1f4bf,gdn_decode,gdn,packed,decode,ok,,,,2026-09-22T00:20:27+00:00,,decode,,64,114.57600072026253,113.36639896035194,115.93600362539291,112.2559979557991,116.08767971396446,50,10,False,113.39199915528297,,False,114.57600072026253,1.1840015649795532,407896064.0,413937664,,3.560048015603886,3612.7780809056985,,5499.648034572601,0.8447723281812637,0.00497184736474326,0e6e08559dbe6eaf,11630473a039827ea1d1ee5d1fe37f174e2b87b7,False,sha256:c2914767605584b6d8f45686b82de173ecc99e781897aa3d0a66dacd72c51ae1,2d15a1157607af9f,113.39199915528297,graph,3650.501508780521,3.5972208536636954,,,,,,,,,,,,,,,410517504,1.790250011254102,65536,,,,
7cf4f643bad7,gdn_decode,gdn,sigmoid_gating,decode,ok,,,,2026-09-22T00:20:28+00:00,,decode,,1,107.45599865913391,101.73119977116585,121.24160230159761,99.74399954080582,111.17119953036308,50,10,False,9.600000455975533,,False,107.45599865913391,97.85599820315838,6373376.0,6467776,,0.05931149567756824,60.18999479514148,,5157.887935638428,0.014074166997703568,8.283250736815625e-05,0e6e08559dbe6eaf,11630473a039827ea1d1ee5d1fe37f174e2b87b7,False,sha256:c2914767605584b6d8f45686b82de173ecc99e781897aa3d0a66dacd72c51ae1,2d15a1157607af9f,9.600000455975533,graph,673.7266346663688,0.6638933018000936,,,,,,,,,,,,,,,6414336,107.45599865913391,,,,,
78457082dbd1,gdn_decode,gdn,sigmoid_gating,decode,ok,,,,2026-09-22T00:20:28+00:00,,decode,,16,148.8640010356903,139.96480107307434,162.233604490757,135.68000495433807,150.41791945695877,50,10,False,44.99199986457825,,False,148.8640010356903,103.87200117111206,101974016.0,103484416,,0.685014612603027,695.1607862211731,,7145.472049713135,0.16254875962078413,0.0009566691464702803,0e6e08559dbe6eaf,11630473a039827ea1d1ee5d1fe37f174e2b87b7,False,sha256:c2914767605584b6d8f45686b82de173ecc99e781897aa3d0a66dacd72c51ae1,2d15a1157607af9f,44.99199986457825,graph,2300.0625958276696,2.266492183208845,,,,,,,,,,,,,,,102629376,9.304000064730644,,,,,
aefec5b75db8,gdn_decode,gdn,sigmoid_gating,decode,ok,,,,2026-09-22T00:20:28+00:00,,decode,,64,146.7999964952469,139.8047998547554,165.379199385643,136.9599997997284,151.45728051662445,50,10,False,125.15199929475784,,False,146.7999964952469,21.647997200489044,407896064.0,413937664,,2.778583608571182,2819.738922905237,,7046.399831771851,0.6593367656196656,0.003880479569781893,0e6e08559dbe6eaf,11630473a039827ea1d1ee5d1fe37f174e2b87b7,False,sha256:c2914767605584b6d8f45686b82de173ecc99e781897aa3d0a66dacd72c51ae1,2d15a1157607af9f,125.15199929475784,graph,3307.479435666821,3.2592053366988067,,,,,,,,,,,,,,,410517504,2.2937499452382326,,,,,
09c1d41b97ec,gdn_decode,gdn,sigmoid_gating,decode,ok,,,,2026-09-22T00:20:28+00:00,,decode,,256,444.88000869750977,441.9360041618347,447.72799015045166,439.2000138759613,447.2505593299866,50,10,False,440.0320053100586,,False,444.88000869750977,4.848003387451172,1631584256.0,1655750656,,3.6674703832542273,3721.791547450283,,21354.24041748047,0.8702628393263303,0.005121869952409464,0e6e08559dbe6eaf,11630473a039827ea1d1ee5d1fe37f174e2b87b7,False,sha256:c2914767605584b6d8f45686b82de173ecc99e781897aa3d0a66dacd72c51ae1,2d15a1157607af9f,440.0320053100586,graph,3762.79596942798,3.7078763278828797,,,,,,,,,,,,,,,1642070016,1.7378125339746475,,,,,
3a71740c1338,gdn_decode,gdn,sigmoid_gating,decode,ok,,,,2026-09-22T00:20:28+00:00,,decode,,1024,1714.576005935669,1710.6112480163574,1720.038378238678,1706.4640522003174,1716.9075179100037,50,10,False,1707.855999469757,,False,1714.576005935669,6.720006465911865,6526337024.0,6623002624,,3.8063853695645786,3862.764089239504,,82299.64828491211,0.9032263094509762,0.005315874107854348,0e6e08559dbe6eaf,11630473a039827ea1d1ee5d1fe37f174e2b87b7,False,sha256:c2914767605584b6d8f45686b82de173ecc99e781897aa3d0a66dacd72c51ae1,2d15a1157607af9f,1707.855999469757,graph,3877.963145637725,3.821362589132954,,,,,,,,,,,,,,,6568280064,1.6743906307965517,,,,,
1dc1ef0ea0a8,gdn_decode,gdn,sigmoid_gating,decode,ok,,,,2026-09-22T00:20:28+00:00,,decode,,64,149.21599626541138,140.87680131196976,162.61760592460632,135.80800592899323,153.14176112413406,50,10,False,125.20000338554382,,False,149.21599626541138,24.015992879867554,407896064.0,413937664,,2.733594749952095,2774.0837065734336,,7162.367820739746,0.6486612515054502,0.0038176495918749317,0e6e08559dbe6eaf,11630473a039827ea1d1ee5d1fe37f174e2b87b7,False,sha256:c2914767605584b6d8f45686b82de173ecc99e781897aa3d0a66dacd72c51ae1,2d15a1157607af9f,125.20000338554382,graph,3306.2112843983773,3.2579556946489476,,,,,,,,,,,,,,,410517504,2.3314999416470528,1024,,,,
e97e9111911a,gdn_decode,gdn,sigmoid_gating,decode,ok,,,,2026-09-22T00:20:28+00:00,,decode,,64,148.9279940724373,140.77759981155396,166.26239866018295,139.3599957227707,153.44063997268677,50,10,False,125.04000216722488,,False,148.9279940724373,23.887991905212402,407896064.0,413937664,,2.738881071624472,2779.448327214186,,7148.54371547699,0.6499156554480698,0.003825032296928569,0e6e08559dbe6eaf,11630473a039827ea1d1ee5d1fe37f174e2b87b7,False,sha256:c2914767605584b6d8f45686b82de173ecc99e781897aa3d0a66dacd72c51ae1,2d15a1157607af9f,125.04000216722488,graph,3310.441913192002,3.262124575577755,,,,,,,,,,,,,,,410517504,2.3269999073818326,65536,,,,
5877c6406101,gdn_ragged,gdn,flashinfer,ragged,ok,,,,2026-09-22T00:22:56+00:00,,ragged,,,439.66399133205414,420.3167915344238,458.4640085697174,413.6959910392761,441.1315196752548,50,10,False,265.29599726200104,,False,439.66399133205414,174.3679940700531,26105348096.0,244547584,,59.37567917924864,556.2147203801974,,21103.8715839386,0.13005913836436794,0.08292214396077832,0e6e08559dbe6eaf,11630473a039827ea1d1ee5d1fe37f174e2b87b7,False,sha256:c2914767605584b6d8f45686b82de173ecc99e781897aa3d0a66dacd72c51ae1,5749939aa3b86ab9,265.29599726200104,graph,921.7914575563298,98.40083667081822,,,,uniform,4096,8,7,0.0,1.0,"[512, 512, 512, 512, 512, 512, 512, 512]",,,,,25657344,0.10733984163380228,,,,,
68cad1948ab2,gdn_ragged,gdn,flashinfer,ragged,ok,,,,2026-09-22T00:22:56+00:00,,ragged,,,436.95999681949615,419.4144129753113,467.9616004228592,415.96800088882446,450.7686388492584,50,10,False,410.0320041179657,,False,436.95999681949615,26.927992701530457,26105348096.0,321519616,,59.74310757509425,735.8101847772041,,20974.079847335815,0.1720537683116965,0.08343528251778931,0e6e08559dbe6eaf,11630473a039827ea1d1ee5d1fe37f174e2b87b7,False,sha256:c2914767605584b6d8f45686b82de173ecc99e781897aa3d0a66dacd72c51ae1,5749939aa3b86ab9,410.0320041179657,graph,784.1329768675794,63.66661098115045,,,,uniform,4096,32,7,0.0,1.0,"[128, 128, 128, 128, 128, 128, 128, 128, 128, 128, 128, 128, 128, 128, 128, 128, 128, 128, 128, 128, 128, 128, 128, 128, 128, 128, 128, 128, 128, 128, 128, 128]",,,,,102629376,0.1066796867235098,,,,,
f3432826bb16,gdn_ragged,gdn,flashinfer,ragged,ok,,,,2026-09-22T00:22:56+00:00,,ragged,,,1024.463951587677,1022.3520159721375,1026.9984364509583,1021.3760137557983,1026.0313630104065,50,10,False,1013.8240456581116,,False,1024.463951587677,10.63990592956543,26105348096.0,629407744,,25.48195869219496,614.3776391785839,,49174.269676208496,0.14365931618509173,0.035587275401058174,0e6e08559dbe6eaf,11630473a039827ea1d1ee5d1fe37f174e2b87b7,False,sha256:c2914767605584b6d8f45686b82de173ecc99e781897aa3d0a66dacd72c51ae1,5749939aa3b86ab9,1013.8240456581116,graph,620.8254249793687,25.74938738906516,,,,uniform,4096,128,7,0.0,1.0,"[32, 32, 32, 32, 32, 32, 32, 32, 32, 32, 32, 32, 32, 32, 32, 32, 32, 32, 32, 32, 32, 32, 32, 32, 32, 32, 32, 32, 32, 32, 32, 32, 32, 32, 32, 32, 32, 32, 32, 32, 32, 32, 32, 32, 32, 32, 32, 32, 32, 32, 32, 32, 32, 32, 32, 32, 32, 32, 32, 32, 32, 32, 32, 32, 32, 32, 32, 32, 32, 32, 32, 32, 32, 32, 32, 32, 32, 32, 32, 32, 32, 32, 32, 32, 32, 32, 32, 32, 32, 32, 32, 32, 32, 32, 32, 32, 32, 32, 32, 32, 32, 32, 32, 32, 32, 32, 32, 32, 32, 32, 32, 32, 32, 32, 32, 32, 32, 32, 32, 32, 32, 32, 32, 32, 32, 32, 32, 32]",,,,,410517504,0.2501132694305852,,,,,
49a32ab969e1,gdn_ragged,gdn,flashinfer,ragged,ok,,,,2026-09-22T00:22:56+00:00,,ragged,,,863.8239800930023,861.8495881557465,866.3071811199188,859.7760200500488,865.480318069458,50,10,False,852.048009634018,,False,863.8239800930023,11.775970458984375,104421392384.0,901218304,,120.88272008003023,1043.2892866703835,,41463.55104446411,0.2439513028284769,0.1688208784372103,0e6e08559dbe6eaf,11630473a039827ea1d1ee5d1fe37f174e2b87b7,False,sha256:c2914767605584b6d8f45686b82de173ecc99e781897aa3d0a66dacd72c51ae1,5749939aa3b86ab9,852.048009634018,graph,1057.7083612777903,122.5534138960695,,,,uniform,16384,8,7,0.0,1.0,"[2048, 2048, 2048, 2048, 2048, 2048, 2048, 2048]",,,,,25657344,0.052723631597473286,,,,,
e76e169fd977,gdn_ragged,gdn,flashinfer,ragged,ok,,,,2026-09-22T00:22:56+00:00,,ragged,,,1010.6879472732544,1009.1135859489441,1013.2863759994507,1007.0400238037109,1012.8627157211304,50,10,False,993.8080012798309,,False,1010.6879472732544,16.879945993423462,104421392384.0,978190336,,103.31714419442675,967.8460484653746,,48513.02146911621,0.22631048499889084,0.14428936599854417,0e6e08559dbe6eaf,11630473a039827ea1d1ee5d1fe37f174e2b87b7,False,sha256:c2914767605584b6d8f45686b82de173ecc99e781897aa3d0a66dacd72c51ae1,5749939aa3b86ab9,993.8080012798309,graph,984.285027631375,105.07199806152255,,,,uniform,16384,32,7,0.0,1.0,"[512, 512, 512, 512, 512, 512, 512, 512, 512, 512, 512, 512, 512, 512, 512, 512, 512, 512, 512, 512, 512, 512, 512, 512, 512, 512, 512, 512, 512, 512, 512, 512]",,,,,102629376,0.06168749678181484,,,,,
f151e41a189d,gdn_ragged,gdn,flashinfer,ragged,ok,,,,2026-09-22T00:22:57+00:00,,ragged,,,1546.1919903755188,1543.8624024391174,1549.5360374450684,1542.5599813461304,1548.4665656089783,50,10,False,1534.0160131454468,,False,1546.1919903755188,12.175977230072021,104421392384.0,1286078464,,67.5345578259266,831.7715212634456,,74217.2155380249,0.19449231278452647,0.0943165687328456,0e6e08559dbe6eaf,11630473a039827ea1d1ee5d1fe37f174e2b87b7,False,sha256:c2914767605584b6d8f45686b82de173ecc99e781897aa3d0a66dacd72c51ae1,5749939aa3b86ab9,1534.0160131454468,graph,838.3735586716207,68.07060127741923,,,,uniform,16384,128,7,0.0,1.0,"[128, 128, 128, 128, 128, 128, 128, 128, 128, 128, 128, 128, 128, 128, 128, 128, 128, 128, 128, 128, 128, 128, 128, 128, 128, 128, 128, 128, 128, 128, 128, 128, 128, 128, 128, 128, 128, 128, 128, 128, 128, 128, 128, 128, 128, 128, 128, 128, 128, 128, 128, 128, 128, 128, 128, 128, 128, 128, 128, 128, 128, 128, 128, 128, 128, 128, 128, 128, 128, 128, 128, 128, 128, 128, 128, 128, 128, 128, 128, 128, 128, 128, 128, 128, 128, 128, 128, 128, 128, 128, 128, 128, 128, 128, 128, 128, 128, 128, 128, 128, 128, 128, 128, 128, 128, 128, 128, 128, 128, 128, 128, 128, 128, 128, 128, 128, 128, 128, 128, 128, 128, 128, 128, 128, 128, 128, 128, 128]",,,,,410517504,0.09437206972506829,,,,,
0cb6ee968e11,gdn_ragged,gdn,flashinfer,ragged,ok,,,,2026-09-22T00:22:57+00:00,,ragged,,,436.44799292087555,419.70241367816925,457.6383948326111,417.63201355934143,441.26912117004395,50,10,False,270.239993929863,,False,436.44799292087555,166.20799899101257,26105348096.0,244547584,,59.81319313967538,560.3132285324416,,20949.503660202026,0.1310174884750875,0.08353316173965428,0e6e08559dbe6eaf,11630473a039827ea1d1ee5d1fe37f174e2b87b7,False,sha256:c2914767605584b6d8f45686b82de173ecc99e781897aa3d0a66dacd72c51ae1,5749939aa3b86ab9,270.239993929863,graph,904.9274329967196,96.60060939305407,,,,jitter,4096,8,7,0.048886683635874326,1.07421875,"[511, 490, 550, 481, 536, 516, 479, 533]",,,,,25657344,0.10655468577169813,,,,,
3462966493f2,gdn_ragged,gdn,flashinfer,ragged,ok,,,,2026-09-22T00:22:57+00:00,,ragged,,,432.3680102825165,428.905588388443,455.6512027978897,427.839994430542,439.9916809797287,50,10,False,422.5119948387146,,False,432.3680102825165,9.85601544380188,26105348096.0,321519616,,60.37761230055464,743.6248944271196,,20753.66449356079,0.17388107414592716,0.0843214111973381,0e6e08559dbe6eaf,11630473a039827ea1d1ee5d1fe37f174e2b87b7,False,sha256:c2914767605584b6d8f45686b82de173ecc99e781897aa3d0a66dacd72c51ae1,5749939aa3b86ab9,422.5119948387146,graph,760.971569866871,61.78605202904402,,,,jitter,4096,32,7,0.06439391219466616,1.140625,"[126, 121, 135, 118, 132, 127, 118, 131, 117, 129, 118, 119, 129, 140, 120, 123, 135, 144, 133, 128, 146, 118, 141, 125, 121, 120, 125, 140, 122, 133, 135, 127]",,,,,102629376,0.10555859626038,,,,,
2024a46ec011,gdn_ragged,gdn,flashinfer,ragged,ok,,,,2026-09-22T00:22:57+00:00,,ragged,,,1024.992048740387,1023.0592012405396,1026.4095783233643,1020.3839540481567,1026.2278413772583,50,10,False,1013.7119889259338,,False,1024.992048740387,11.280059814453125,26105348096.0,629407744,,25.468829858808046,614.0610990821631,,49199.618339538574,0.14358529992717947,0.035568940099008656,0e6e08559dbe6eaf,11630473a039827ea1d1ee5d1fe37f174e2b87b7,False,sha256:c2914767605584b6d8f45686b82de173ecc99e781897aa3d0a66dacd72c51ae1,5749939aa3b86ab9,1013.7119889259338,graph,620.8940516397378,25.752233751974863,,,,jitter,4096,128,7,0.06346905003621844,1.125,"[31, 30, 33, 29, 33, 31, 29, 32, 29, 32, 29, 29, 32, 35, 30, 30, 33, 35, 33, 32, 35, 29, 35, 31, 30, 30, 31, 35, 30, 33, 33, 31, 33, 29, 29, 30, 34, 32, 31, 33, 32, 31, 34, 34, 30, 33, 32, 35, 34, 31, 35, 30, 32, 34, 30, 32, 29, 33, 34, 33, 35, 31, 34, 33, 33, 32, 35, 35, 32, 33, 29, 34, 33, 35, 35, 31, 31, 33, 29, 32, 30, 30, 29, 34, 30, 30, 31, 35, 29, 32, 33, 35, 35, 35, 31, 32, 31, 35, 35, 30, 30, 30, 30, 32, 33, 31, 29, 32, 31, 33, 36, 34, 32, 33, 34, 29, 35, 34, 35, 34, 31, 32, 29, 33, 29, 29, 30, 30]",,,,,410517504,0.25024219939950854,,,,,
6b033272e4e6,gdn_ragged,gdn,flashinfer,ragged,ok,,,,2026-09-22T00:22:57+00:00,,ragged,,,873.3119964599609,871.2479829788208,875.9616196155548,869.7599768638611,875.0527942180634,50,10,False,862.5919818878174,,False,873.3119964599609,10.720014572143555,104421392384.0,901218304,,119.56940109294314,1031.954567958713,,41918.975830078125,0.24130091675413015,0.1669867398198668,0e6e08559dbe6eaf,11630473a039827ea1d1ee5d1fe37f174e2b87b7,False,sha256:c2914767605584b6d8f45686b82de173ecc99e781897aa3d0a66dacd72c51ae1,5749939aa3b86ab9,862.5919818878174,graph,1044.77936605398,121.05537099413974,,,,jitter,16384,8,7,0.04824665990940026,1.0732421875,"[2044, 1962, 2198, 1925, 2144, 2063, 1918, 2130]",,,,,25657344,0.05330273415893316,,,,,
a048bd4a84ca,gdn_ragged,gdn,flashinfer,ragged,ok,,,,2026-09-22T00:22:57+00:00,,ragged,,,1025.4720449447632,1023.9551782608032,1027.5232434272766,1022.1439599990845,1027.4387097358704,50,10,False,1008.9280009269714,,False,1025.4720449447632,16.544044017791748,104421392384.0,978190336,,101.82763430633025,953.8927373224396,,49222.65815734863,0.22304779604427347,0.14220916489467356,0e6e08559dbe6eaf,11630473a039827ea1d1ee5d1fe37f174e2b87b7,False,sha256:c2914767605584b6d8f45686b82de173ecc99e781897aa3d0a66dacd72c51ae1,5749939aa3b86ab9,1008.9280009269714,graph,969.5343325799951,103.49736778844566,,,,jitter,16384,32,7,0.0639927926773667,1.12890625,"[503, 483, 541, 474, 528, 508, 472, 525, 470, 516, 474, 476, 515, 562, 480, 492, 539, 576, 533, 512, 578, 471, 565, 499, 482, 479, 501, 561, 487, 533, 540, 509]",,,,,102629376,0.06258984649321064,,,,,
bef12340cb2c,gdn_ragged,gdn,flashinfer,ragged,ok,,,,2026-09-22T00:22:57+00:00,,ragged,,,1620.032012462616,1617.529559135437,1622.59202003479,1615.488052368164,1621.882884502411,50,10,False,1604.52800989151,,False,1620.032012462616,15.504002571105957,104421392384.0,1286078464,,64.45637591152826,793.8599077712223,,77761.53659820557,0.18562747766935528,0.09001767990544146,0e6e08559dbe6eaf,11630473a039827ea1d1ee5d1fe37f174e2b87b7,False,sha256:c2914767605584b6d8f45686b82de173ecc99e781897aa3d0a66dacd72c51ae1,5749939aa3b86ab9,1604.52800989151,graph,801.5307031548537,65.07919571379776,,,,jitter,16384,128,7,0.06382117991208791,1.109375,"[124, 119, 133, 117, 130, 125, 116, 129, 116, 127, 117, 117, 127, 138, 118, 121, 133, 142, 131, 126, 142, 116, 139, 123, 119, 118, 124, 138, 120, 131, 133, 125, 130, 117, 116, 121, 134, 127, 124, 132, 128, 123, 138, 135, 122, 131, 130, 140, 136, 123, 142, 118, 127, 136, 119, 129, 116, 134, 137, 131, 140, 124, 135, 132, 131, 128, 139, 142, 128, 134, 116, 135, 133, 142, 138, 123, 126, 134, 115, 128, 120, 118, 116, 137, 118, 122, 126, 140, 117, 128, 130, 140, 138, 140, 123, 127, 125, 140, 142, 119, 120, 121, 121, 129, 132, 122, 115, 127, 125, 131, 142, 135, 130, 132, 134, 116, 141, 137, 140, 138, 126, 126, 118, 133, 117, 117, 121, 119]",,,,,410517504,0.09887890701065771,,,,,
dcac8310c6c0,gdn_ragged,gdn,flashinfer,ragged,ok,,,,2026-09-22T00:22:57+00:00,,ragged,,,440.080001950264,420.4416036605835,460.8479917049408,413.9519929885864,442.92352080345154,50,10,False,288.4960025548935,,False,440.080001950264,151.58399939537048,26105348096.0,244547584,,59.31955094598986,555.6889268229864,,21123.84009361267,0.12993619257652247,0.08284375709425511,0e6e08559dbe6eaf,11630473a039827ea1d1ee5d1fe37f174e2b87b7,False,sha256:c2914767605584b6d8f45686b82de173ecc99e781897aa3d0a66dacd72c51ae1,5749939aa3b86ab9,288.4960025548935,graph,847.663682804301,90.48772899732921,,,,lognormal,4096,8,7,0.5841296981599728,1.841796875,"[500, 943, 786, 153, 176, 338, 311, 889]",,,,,25657344,0.10744140672613867,,,,,
0ade246ab51d,gdn_ragged,gdn,flashinfer,ragged,ok,,,,2026-09-22T00:22:57+00:00,,ragged,,,432.9279959201813,431.123211979866,448.06720316410065,429.6320080757141,439.35360074043274,50,10,False,424.47999119758606,,False,432.9279959201813,8.448004722595215,26105348096.0,321519616,,60.29951479694334,742.6630271775689,,20780.5438041687,0.1736561616775697,0.08421234276179428,0e6e08559dbe6eaf,11630473a039827ea1d1ee5d1fe37f174e2b87b7,False,sha256:c2914767605584b6d8f45686b82de173ecc99e781897aa3d0a66dacd72c51ae1,5749939aa3b86ab9,424.47999119758606,graph,757.4435136339317,61.49959629981367,,,,lognormal,4096,32,7,0.9090616741681536,4.5546875,"[76, 144, 120, 23, 27, 52, 47, 136, 259, 54, 18, 29, 159, 119, 42, 187, 50, 97, 583, 39, 154, 189, 61, 34, 315, 278, 249, 140, 95, 236, 60, 24]",,,,,102629376,0.1056953115039505,,,,,
82b4f0a30a1d,gdn_ragged,gdn,flashinfer,ragged,ok,,,,2026-09-22T00:22:58+00:00,,ragged,,,1053.056001663208,1051.0560035705566,1055.9199690818787,1049.2479801177979,1054.6918368339539,50,10,False,1042.735993862152,,False,1053.056001663208,10.320007801055908,26105348096.0,629407744,,24.790085289641702,597.6963646813718,,50546.688079833984,0.13975875025536605,0.034621027491439214,0e6e08559dbe6eaf,11630473a039827ea1d1ee5d1fe37f174e2b87b7,False,sha256:c2914767605584b6d8f45686b82de173ecc99e781897aa3d0a66dacd72c51ae1,5749939aa3b86ab9,1042.735993862152,graph,603.6117940733584,25.035433944606964,,,,lognormal,4096,128,7,1.4090683563306998,10.65625,"[15, 28, 24, 5, 5, 10, 9, 27, 51, 11, 4, 6, 31, 23, 8, 37, 10, 19, 115, 8, 30, 37, 12, 7, 62, 55, 49, 28, 19, 46, 12, 5, 11, 9, 5, 6, 44, 11, 3, 10, 9, 26, 5, 13, 23, 30, 16, 3, 12, 16, 7, 27, 11, 16, 19, 15, 42, 23, 23, 201, 167, 11, 28, 15, 175, 8, 17, 7, 6, 88, 73, 12, 11, 181, 66, 79, 49, 5, 82, 1, 34, 10, 12, 43, 9, 44, 12, 7, 11, 13, 96, 4, 22, 22, 19, 7, 51, 12, 33, 5, 12, 55, 33, 76, 32, 23, 18, 11, 341, 60, 130, 42, 7, 8, 3, 30, 15, 8, 22, 10, 25, 6, 33, 9, 14, 5, 45, 32]",,,,,410517504,0.25709375040605664,,,,,
c437a87ad3bd,gdn_ragged,gdn,flashinfer,ragged,ok,,,,2026-09-22T00:22:58+00:00,,ragged,,,963.4400010108948,961.0463917255402,965.5456006526947,960.096001625061,964.8806393146515,50,10,False,952.4320065975189,,False,963.4400010108948,11.007994413375854,104421392384.0,901218304,,108.38390794905264,935.417154212397,,46245.12004852295,0.21872766870490906,0.15136544359940773,0e6e08559dbe6eaf,11630473a039827ea1d1ee5d1fe37f174e2b87b7,False,sha256:c2914767605584b6d8f45686b82de173ecc99e781897aa3d0a66dacd72c51ae1,5749939aa3b86ab9,952.4320065975189,graph,946.2284947977805,109.63658472276295,,,,lognormal,16384,8,7,0.5843679641871266,1.8427734375,"[2000, 3774, 3146, 612, 703, 1351, 1244, 3554]",,,,,25657344,0.05880371099920012,,,,,
b430942bc99b,gdn_ragged,gdn,flashinfer,ragged,ok,,,,2026-09-22T00:22:58+00:00,,ragged,,,1027.8239846229553,1025.491189956665,1029.4975996017456,1024.5440006256104,1046.0985589027405,50,10,False,1009.5360279083252,,False,1027.8239846229553,18.287956714630127,104421392384.0,978190336,,101.59462509751194,951.7099723634464,,49335.551261901855,0.22253740227111954,0.1418837518059325,0e6e08559dbe6eaf,11630473a039827ea1d1ee5d1fe37f174e2b87b7,False,sha256:c2914767605584b6d8f45686b82de173ecc99e781897aa3d0a66dacd72c51ae1,5749939aa3b86ab9,1009.5360279083252,graph,968.9503979632399,103.43503302239988,,,,lognormal,16384,32,7,0.9085909107849421,4.5546875,"[305, 576, 480, 93, 107, 206, 190, 542, 1035, 218, 73, 118, 636, 475, 168, 748, 202, 388, 2332, 155, 615, 757, 244, 135, 1260, 1113, 994, 560, 381, 942, 241, 95]",,,,,102629376,0.06273339749895968,,,,,
241a085c7c66,gdn_ragged,gdn,flashinfer,ragged,ok,,,,2026-09-22T00:22:58+00:00,,ragged,,,1623.792052268982,1621.9967603683472,1625.648045539856,1620.3199625015259,1625.7395243644714,50,10,False,1608.8320016860962,,False,1623.792052268982,14.960050582885742,104421392384.0,1286078464,,64.30712124627554,792.0216521585489,,77942.01850891113,0.18519764017617577,0.08980923569040285,0e6e08559dbe6eaf,11630473a039827ea1d1ee5d1fe37f174e2b87b7,False,sha256:c2914767605584b6d8f45686b82de173ecc99e781897aa3d0a66dacd72c51ae1,5749939aa3b86ab9,1608.8320016860962,graph,799.386426085606,64.90509405243293,,,,lognormal,16384,128,7,1.4125179053327934,10.6796875,"[60, 113, 95, 18, 21, 41, 37, 107, 204, 43, 14, 23, 125, 94, 33, 147, 40, 76, 459, 31, 121, 149, 48, 27, 248, 219, 196, 110, 75, 186, 47, 19, 45, 37, 20, 23, 178, 45, 11, 42, 35, 106, 20, 51, 92, 118, 63, 13, 47, 64, 29, 108, 45, 66, 77, 59, 168, 91, 93, 809, 668, 45, 110, 59, 701, 32, 66, 28, 22, 354, 293, 46, 45, 726, 263, 318, 195, 20, 327, 4, 137, 40, 49, 171, 35, 174, 47, 29, 42, 54, 382, 16, 86, 89, 76, 29, 205, 46, 133, 18, 47, 222, 133, 306, 127, 92, 72, 45, 1367, 239, 519, 169, 27, 33, 11, 118, 61, 31, 89, 40, 101, 25, 133, 34, 55, 19, 179, 129]",,,,,410517504,0.09910840162774548,,,,,
e2db190aa975,gdn_ragged,gdn,flashinfer,ragged,ok,,,,2026-09-22T00:22:58+00:00,,ragged,,,441.3759857416153,422.59201407432556,459.3600034713745,420.991986989975,443.05471897125244,50,10,False,272.8320062160492,,False,441.3759857416153,168.5439795255661,26105348096.0,244547584,,59.14537478095209,554.0572933280515,,21186.047315597534,0.12955466932893092,0.08260050832251144,0e6e08559dbe6eaf,11630473a039827ea1d1ee5d1fe37f174e2b87b7,False,sha256:c2914767605584b6d8f45686b82de173ecc99e781897aa3d0a66dacd72c51ae1,5749939aa3b86ab9,272.8320062160492,graph,896.3302634161938,95.68286528424306,,,,bimodal,4096,8,7,1.1331555077411577,3.998046875,"[2047, 292, 292, 293, 293, 293, 293, 293]",,,,,25657344,0.10775780901894905,,,,,
1786135664d3,gdn_ragged,gdn,flashinfer,ragged,ok,,,,2026-09-22T00:22:58+00:00,,ragged,,,446.30400836467743,444.0256118774414,448.4032094478607,442.75200366973877,449.05600130558014,50,10,False,436.6080015897751,,False,446.30400836467743,9.696006774902344,26105348096.0,321519616,,58.49230033056118,720.4049481385894,,21422.592401504517,0.16845157705334957,0.08168844576860051,0e6e08559dbe6eaf,11630473a039827ea1d1ee5d1fe37f174e2b87b7,False,sha256:c2914767605584b6d8f45686b82de173ecc99e781897aa3d0a66dacd72c51ae1,5749939aa3b86ab9,436.6080015897751,graph,736.403398080851,59.79127272277495,,,,bimodal,4096,32,7,2.695483039215284,16.0078125,"[2049, 67, 66, 66, 66, 66, 66, 66, 66, 66, 66, 66, 66, 66, 66, 66, 66, 66, 66, 66, 66, 66, 66, 66, 66, 66, 66, 66, 66, 66, 66, 66]",,,,,102629376,0.10896093954215758,,,,,
41bbe58ac9df,gdn_ragged,gdn,flashinfer,ragged,ok,,,,2026-09-22T00:22:58+00:00,,ragged,,,1052.5919795036316,1050.81285238266,1054.3359994888306,1049.3119955062866,1054.1907215118408,50,10,False,1042.0479774475098,,False,1052.5919795036316,10.544002056121826,26105348096.0,629407744,,24.80101369222901,597.9598517336303,,50524.41501617432,0.1398203611723937,0.034636289743343235,0e6e08559dbe6eaf,11630473a039827ea1d1ee5d1fe37f174e2b87b7,False,sha256:c2914767605584b6d8f45686b82de173ecc99e781897aa3d0a66dacd72c51ae1,5749939aa3b86ab9,1042.0479774475098,graph,604.0103312150085,25.05196369167655,,,,bimodal,4096,128,7,5.593128020588077,64.03125,"[2049, 17, 17, 17, 17, 17, 17, 17, 17, 17, 17, 17, 17, 17, 17, 17, 16, 16, 16, 16, 16, 16, 16, 16, 16, 16, 16, 16, 16, 16, 16, 16, 16, 16, 16, 16, 16, 16, 16, 16, 16, 16, 16, 16, 16, 16, 16, 16, 16, 16, 16, 16, 16, 16, 16, 16, 16, 16, 16, 16, 16, 16, 16, 16, 16, 16, 16, 16, 16, 16, 16, 16, 16, 16, 16, 16, 16, 16, 16, 16, 16, 16, 16, 16, 16, 16, 16, 16, 16, 16, 16, 16, 16, 16, 16, 16, 16, 16, 16, 16, 16, 16, 16, 16, 16, 16, 16, 16, 16, 16, 16, 16, 16, 16, 16, 16, 16, 16, 16, 16, 16, 16, 16, 16, 16, 16, 16, 16]",,,,,410517504,0.2569804637460038,,,,,
3e29487d4a1a,gdn_ragged,gdn,flashinfer,ragged,ok,,,,2026-09-22T00:22:58+00:00,,ragged,,,938.5920166969299,936.0928118228912,940.7295882701874,934.5920085906982,940.2995240688324,50,10,False,927.2960126399994,,False,938.5920166969299,11.296004056930542,104421392384.0,901218304,,111.25322880059987,960.18108823421,,45052.41680145264,0.22451819492325065,0.15537264385396612,0e6e08559dbe6eaf,11630473a039827ea1d1ee5d1fe37f174e2b87b7,False,sha256:c2914767605584b6d8f45686b82de173ecc99e781897aa3d0a66dacd72c51ae1,5749939aa3b86ab9,927.2960126399994,graph,971.8776870766903,112.60847772515886,,,,bimodal,16384,8,7,1.1340779832554042,4.00048828125,"[8193, 1171, 1170, 1170, 1170, 1170, 1170, 1170]",,,,,25657344,0.05728711039409973,,,,,
8c3f3f23d37a,gdn_ragged,gdn,flashinfer,ragged,ok,,,,2026-09-22T00:22:59+00:00,,ragged,,,1041.1839485168457,1038.8799905776978,1043.1935548782349,1038.0159616470337,1042.7884769439697,50,10,False,1023.6479640007019,,False,1041.1839485168457,17.5359845161438,104421392384.0,978190336,,100.29101248895266,939.4980948308132,,49976.829528808594,0.2196819110165555,0.14006316880140462,0e6e08559dbe6eaf,11630473a039827ea1d1ee5d1fe37f174e2b87b7,False,sha256:c2914767605584b6d8f45686b82de173ecc99e781897aa3d0a66dacd72c51ae1,5749939aa3b86ab9,1023.6479640007019,graph,955.5925185226366,102.00908520922765,,,,bimodal,16384,32,7,2.6944304418910066,16.001953125,"[8193, 265, 265, 265, 265, 265, 265, 265, 264, 264, 264, 264, 264, 264, 264, 264, 264, 264, 264, 264, 264, 264, 264, 264, 264, 264, 264, 264, 264, 264, 264, 264]",,,,,102629376,0.06354882498271763,,,,,
7728fc533024,gdn_ragged,gdn,flashinfer,ragged,ok,,,,2026-09-22T00:22:59+00:00,,ragged,,,1603.376030921936,1600.8831977844238,1605.9232115745544,1600.0959873199463,1605.204472541809,50,10,False,1588.6560082435608,,False,1603.376030921936,14.720022678375244,104421392384.0,1286078464,,65.12595322006781,802.1065796153315,,76962.04948425293,0.18755578879654983,0.09095278981473565,0e6e08559dbe6eaf,11630473a039827ea1d1ee5d1fe37f174e2b87b7,False,sha256:c2914767605584b6d8f45686b82de173ecc99e781897aa3d0a66dacd72c51ae1,5749939aa3b86ab9,1588.6560082435608,graph,809.5386649636667,65.72939128556199,,,,bimodal,16384,128,7,5.589654115543169,63.9921875,"[8191, 64, 64, 64, 64, 64, 64, 64, 64, 64, 64, 64, 64, 64, 64, 64, 64, 64, 64, 64, 64, 64, 64, 64, 64, 64, 64, 64, 64, 64, 64, 64, 64, 64, 64, 64, 64, 64, 64, 64, 64, 64, 64, 64, 64, 64, 64, 64, 64, 64, 64, 64, 64, 64, 64, 64, 64, 64, 64, 64, 64, 64, 64, 65, 65, 65, 65, 65, 65, 65, 65, 65, 65, 65, 65, 65, 65, 65, 65, 65, 65, 65, 65, 65, 65, 65, 65, 65, 65, 65, 65, 65, 65, 65, 65, 65, 65, 65, 65, 65, 65, 65, 65, 65, 65, 65, 65, 65, 65, 65, 65, 65, 65, 65, 65, 65, 65, 65, 65, 65, 65, 65, 65, 65, 65, 65, 65, 65]",,,,,410517504,0.0978623065748252,,,,,
d0ae24182873,gdn_ragged,gdn,flashinfer,ragged,ok,,,,2026-09-22T00:22:59+00:00,,ragged,,,439.11999464035034,420.4255908727646,464.6783918142319,417.248010635376,442.7276784181595,50,10,False,286.4319980144501,,False,439.11999464035034,152.68799662590027,26105348096.0,244547584,,59.449235777525686,556.9037779759727,,21077.759742736816,0.1302202600209985,0.08302487071550192,0e6e08559dbe6eaf,11630473a039827ea1d1ee5d1fe37f174e2b87b7,False,sha256:c2914767605584b6d8f45686b82de173ecc99e781897aa3d0a66dacd72c51ae1,5749939aa3b86ab9,286.4319980144501,graph,853.7718749832654,91.13977585242772,,,,mixed,4096,8,7,0.998046875,1.998046875,"[1, 1, 1, 1, 1023, 1023, 1023, 1023]",,,,,25657344,0.10720702994149178,,,,,
a9bc6e86cb8d,gdn_ragged,gdn,flashinfer,ragged,ok,,,,2026-09-22T00:22:59+00:00,,ragged,,,431.5999895334244,429.1807919740677,451.20960772037506,427.0080029964447,438.41792047023773,50,10,False,422.3040044307709,,False,431.5999895334244,9.295985102653503,26105348096.0,321519616,,60.485052662352594,744.9481552295093,,20716.79949760437,0.17419049091158292,0.0844714589150461,0e6e08559dbe6eaf,11630473a039827ea1d1ee5d1fe37f174e2b87b7,False,sha256:c2914767605584b6d8f45686b82de173ecc99e781897aa3d0a66dacd72c51ae1,5749939aa3b86ab9,422.3040044307709,graph,761.3463586105004,61.81648249153532,,,,mixed,4096,32,7,0.9921875,1.9921875,"[1, 1, 1, 1, 1, 1, 1, 1, 1, 1, 1, 1, 1, 1, 1, 1, 255, 255, 255, 255, 255, 255, 255, 255, 255, 255, 255, 255, 255, 255, 255, 255]",,,,,102629376,0.10537109119468369,,,,,
34391e953f36,gdn_ragged,gdn,flashinfer,ragged,ok,,,,2026-09-22T00:22:59+00:00,,ragged,,,1026.5600085258484,1024.0639448165894,1028.6592245101929,1023.2000350952148,1027.9942393302917,50,10,False,1015.7600045204163,,False,1026.5600085258484,10.800004005432129,26105348096.0,629407744,,25.42992896585517,613.1231869278023,,49274.88040924072,0.14336598885505564,0.03551461237610542,0e6e08559dbe6eaf,11630473a039827ea1d1ee5d1fe37f174e2b87b7,False,sha256:c2914767605584b6d8f45686b82de173ecc99e781897aa3d0a66dacd72c51ae1,5749939aa3b86ab9,1015.7600045204163,graph,619.6421804352991,25.700311077246493,,,,mixed,4096,128,7,0.96875,1.96875,"[1, 1, 1, 1, 1, 1, 1, 1, 1, 1, 1, 1, 1, 1, 1, 1, 1, 1, 1, 1, 1, 1, 1, 1, 1, 1, 1, 1, 1, 1, 1, 1, 1, 1, 1, 1, 1, 1, 1, 1, 1, 1, 1, 1, 1, 1, 1, 1, 1, 1, 1, 1, 1, 1, 1, 1, 1, 1, 1, 1, 1, 1, 1, 1, 63, 63, 63, 63, 63, 63, 63, 63, 63, 63, 63, 63, 63, 63, 63, 63, 63, 63, 63, 63, 63, 63, 63, 63, 63, 63, 63, 63, 63, 63, 63, 63, 63, 63, 63, 63, 63, 63, 63, 63, 63, 63, 63, 63, 63, 63, 63, 63, 63, 63, 63, 63, 63, 63, 63, 63, 63, 63, 63, 63, 63, 63, 63, 63]",,,,,410517504,0.25062500208150595,,,,,
be5a10effd28,gdn_ragged,gdn,flashinfer,ragged,ok,,,,2026-09-22T00:22:59+00:00,,ragged,,,950.0159919261932,947.8048264980316,952.2656202316284,947.5839734077454,951.7312002182007,50,10,False,938.5599792003632,,False,950.0159919261932,11.456012725830078,104421392384.0,901218304,,109.91540486837668,948.6348773695335,,45600.767612457275,0.22181835584778234,0.1535042824266032,0e6e08559dbe6eaf,11630473a039827ea1d1ee5d1fe37f174e2b87b7,False,sha256:c2914767605584b6d8f45686b82de173ecc99e781897aa3d0a66dacd72c51ae1,5749939aa3b86ab9,938.5599792003632,graph,960.2138637616133,111.25702640012972,,,,mixed,16384,8,7,0.99951171875,1.99951171875,"[1, 1, 1, 1, 4095, 4095, 4095, 4095]",,,,,25657344,0.05798437450721394,,,,,
2e2e92d27e83,gdn_ragged,gdn,flashinfer,ragged,ok,,,,2026-09-22T00:22:59+00:00,,ragged,,,1025.0240564346313,1022.9407787322998,1027.2223830223083,1021.664023399353,1026.6483163833618,50,10,False,1008.5279941558838,,False,1025.0240564346313,16.49606227874756,104421392384.0,978190336,,101.87213824738097,954.3096377683717,,49201.154708862305,0.2231452794635267,0.1422713176524633,0e6e08559dbe6eaf,11630473a039827ea1d1ee5d1fe37f174e2b87b7,False,sha256:c2914767605584b6d8f45686b82de173ecc99e781897aa3d0a66dacd72c51ae1,5749939aa3b86ab9,1008.5279941558838,graph,969.918873514983,103.53841736579506,,,,mixed,16384,32,7,0.998046875,1.998046875,"[1, 1, 1, 1, 1, 1, 1, 1, 1, 1, 1, 1, 1, 1, 1, 1, 1023, 1023, 1023, 1023, 1023, 1023, 1023, 1023, 1023, 1023, 1023, 1023, 1023, 1023, 1023, 1023]",,,,,102629376,0.06256250344449654,,,,,
01522b71cfd2,gdn_ragged,gdn,flashinfer,ragged,ok,,,,2026-09-22T00:23:00+00:00,,ragged,,,1617.296040058136,1615.7984137535095,1620.1952457427979,1614.2719984054565,1619.723527431488,50,10,False,1602.512001991272,,False,1617.296040058136,14.784038066864014,104421392384.0,1286078464,,64.5654164714621,795.2028769907643,,77630.20992279053,0.18594150283471605,0.09016996240786307,0e6e08559dbe6eaf,11630473a039827ea1d1ee5d1fe37f174e2b87b7,False,sha256:c2914767605584b6d8f45686b82de173ecc99e781897aa3d0a66dacd72c51ae1,5749939aa3b86ab9,1602.512001991272,graph,802.5390526884831,65.16106728326939,,,,mixed,16384,128,7,0.9921875,1.9921875,"[1, 1, 1, 1, 1, 1, 1, 1, 1, 1, 1, 1, 1, 1, 1, 1, 1, 1, 1, 1, 1, 1, 1, 1, 1, 1, 1, 1, 1, 1, 1, 1, 1, 1, 1, 1, 1, 1, 1, 1, 1, 1, 1, 1, 1, 1, 1, 1, 1, 1, 1, 1, 1, 1, 1, 1, 1, 1, 1, 1, 1, 1, 1, 1, 255, 255, 255, 255, 255, 255, 255, 255, 255, 255, 255, 255, 255, 255, 255, 255, 255, 255, 255, 255, 255, 255, 255, 255, 255, 255, 255, 255, 255, 255, 255, 255, 255, 255, 255, 255, 255, 255, 255, 255, 255, 255, 255, 255, 255, 255, 255, 255, 255, 255, 255, 255, 255, 255, 255, 255, 255, 255, 255, 255, 255, 255, 255, 255]",,,,,410517504,0.09871191650745459,,,,,
1e92e13628bf,gdn_ragged,gdn,triton,ragged,ok,,,,2026-09-22T00:23:00+00:00,,ragged,,,672.080010175705,669.977605342865,674.3007957935333,667.2639846801758,675.7267153263092,50,10,False,654.9760103225708,,False,672.080010175705,17.103999853134155,26105348096.0,244547584,,38.842619480938225,363.8667722553849,,32259.840488433838,0.08508260775013447,0.054246340066081755,0e6e08559dbe6eaf,11630473a039827ea1d1ee5d1fe37f174e2b87b7,False,sha256:c2914767605584b6d8f45686b82de173ecc99e781897aa3d0a66dacd72c51ae1,5749939aa3b86ab9,654.9760103225708,graph,373.3687648797429,39.85695305564445,,,,uniform,4096,8,7,0.0,1.0,"[512, 512, 512, 512, 512, 512, 512, 512]",,,,,25657344,0.16408203373430297,,,,,
03682a0debe3,gdn_ragged,gdn,triton,ragged,ok,,,,2026-09-22T00:23:00+00:00,,ragged,,,814.5279884338379,812.723183631897,816.5727972984314,811.1039996147156,815.8828818798065,50,10,False,795.9679961204529,,False,814.5279884338379,18.55999231338501,26105348096.0,321519616,,32.04966369074066,394.73120698800426,,39097.34344482422,0.0922996080206125,0.04475951876584087,0e6e08559dbe6eaf,11630473a039827ea1d1ee5d1fe37f174e2b87b7,False,sha256:c2914767605584b6d8f45686b82de173ecc99e781897aa3d0a66dacd72c51ae1,5749939aa3b86ab9,795.9679961204529,graph,403.93535615387333,32.79698206867291,,,,uniform,4096,32,7,0.0,1.0,"[128, 128, 128, 128, 128, 128, 128, 128, 128, 128, 128, 128, 128, 128, 128, 128, 128, 128, 128, 128, 128, 128, 128, 128, 128, 128, 128, 128, 128, 128, 128, 128]",,,,,102629376,0.19885937217622995,,,,,
c0e7f8044046,gdn_ragged,gdn,triton,ragged,ok,,,,2026-09-22T00:23:00+00:00,,ragged,,,1595.296025276184,1592.4319505691528,1599.4399785995483,1590.9440517425537,1597.4579191207886,50,10,False,1578.0959725379944,,False,1595.296025276184,17.200052738189697,26105348096.0,629407744,,16.363952321313242,394.5397807225367,,76574.20921325684,0.09225484700614313,0.022853364018941405,0e6e08559dbe6eaf,11630473a039827ea1d1ee5d1fe37f174e2b87b7,False,sha256:c2914767605584b6d8f45686b82de173ecc99e781897aa3d0a66dacd72c51ae1,5749939aa3b86ab9,1578.0959725379944,graph,398.8399659798551,16.542307027129485,,,,uniform,4096,128,7,0.0,1.0,"[32, 32, 32, 32, 32, 32, 32, 32, 32, 32, 32, 32, 32, 32, 32, 32, 32, 32, 32, 32, 32, 32, 32, 32, 32, 32, 32, 32, 32, 32, 32, 32, 32, 32, 32, 32, 32, 32, 32, 32, 32, 32, 32, 32, 32, 32, 32, 32, 32, 32, 32, 32, 32, 32, 32, 32, 32, 32, 32, 32, 32, 32, 32, 32, 32, 32, 32, 32, 32, 32, 32, 32, 32, 32, 32, 32, 32, 32, 32, 32, 32, 32, 32, 32, 32, 32, 32, 32, 32, 32, 32, 32, 32, 32, 32, 32, 32, 32, 32, 32, 32, 32, 32, 32, 32, 32, 32, 32, 32, 32, 32, 32, 32, 32, 32, 32, 32, 32, 32, 32, 32, 32, 32, 32, 32, 32, 32, 32]",,,,,410517504,0.3894765686709434,,,,,
83eb9da54492,gdn_ragged,gdn,triton,ragged,ok,,,,2026-09-22T00:23:00+00:00,,ragged,,,2400.304079055786,2397.279977798462,2402.921509742737,2395.3280448913574,2402.214403152466,50,10,False,2381.999969482422,,False,2400.304079055786,18.304109573364258,104421392384.0,901218304,,43.5034016294621,375.4600560252827,,115214.59579467773,0.08779345383650894,0.06075543694938604,0e6e08559dbe6eaf,11630473a039827ea1d1ee5d1fe37f174e2b87b7,False,sha256:c2914767605584b6d8f45686b82de173ecc99e781897aa3d0a66dacd72c51ae1,5749939aa3b86ab9,2381.999969482422,graph,378.3452206323173,43.837696776582845,,,,uniform,16384,8,7,0.0,1.0,"[2048, 2048, 2048, 2048, 2048, 2048, 2048, 2048]",,,,,25657344,0.14650293451268226,,,,,
dd258361e5eb,gdn_ragged,gdn,triton,ragged,ok,,,,2026-09-22T00:23:01+00:00,,ragged,,,2547.8880405426025,2545.001530647278,2550.854444503784,2542.527914047241,2549.89248752594,50,10,False,2528.8320779800415,,False,2547.8880405426025,19.055962562561035,104421392384.0,978190336,,40.98350897779725,383.9220250006287,,122298.62594604492,0.08977210767912432,0.05723623676312378,0e6e08559dbe6eaf,11630473a039827ea1d1ee5d1fe37f174e2b87b7,False,sha256:c2914767605584b6d8f45686b82de173ecc99e781897aa3d0a66dacd72c51ae1,5749939aa3b86ab9,2528.8320779800415,graph,386.81506159212853,41.29233937407533,,,,uniform,16384,32,7,0.0,1.0,"[512, 512, 512, 512, 512, 512, 512, 512, 512, 512, 512, 512, 512, 512, 512, 512, 512, 512, 512, 512, 512, 512, 512, 512, 512, 512, 512, 512, 512, 512, 512, 512]",,,,,102629376,0.15551074466202408,,,,,
fc1397e06302,gdn_ragged,gdn,triton,ragged,ok,,,,2026-09-22T00:23:01+00:00,,ragged,,,3102.7040481567383,3099.824094772339,3106.531238555908,3098.6878871917725,3105.2608013153076,50,10,False,3079.807996749878,,False,3102.7040481567383,22.89605140686035,104421392384.0,1286078464,,33.6549637874856,414.50246109165215,,148929.79431152344,0.09692270082791134,0.04700142871217893,0e6e08559dbe6eaf,11630473a039827ea1d1ee5d1fe37f174e2b87b7,False,sha256:c2914767605584b6d8f45686b82de173ecc99e781897aa3d0a66dacd72c51ae1,5749939aa3b86ab9,3079.807996749878,graph,417.5839745065923,33.905163079710135,,,,uniform,16384,128,7,0.0,1.0,"[128, 128, 128, 128, 128, 128, 128, 128, 128, 128, 128, 128, 128, 128, 128, 128, 128, 128, 128, 128, 128, 128, 128, 128, 128, 128, 128, 128, 128, 128, 128, 128, 128, 128, 128, 128, 128, 128, 128, 128, 128, 128, 128, 128, 128, 128, 128, 128, 128, 128, 128, 128, 128, 128, 128, 128, 128, 128, 128, 128, 128, 128, 128, 128, 128, 128, 128, 128, 128, 128, 128, 128, 128, 128, 128, 128, 128, 128, 128, 128, 128, 128, 128, 128, 128, 128, 128, 128, 128, 128, 128, 128, 128, 128, 128, 128, 128, 128, 128, 128, 128, 128, 128, 128, 128, 128, 128, 128, 128, 128, 128, 128, 128, 128, 128, 128, 128, 128, 128, 128, 128, 128, 128, 128, 128, 128, 128, 128]",,,,,410517504,0.18937402637675405,,,,,
f3e76dc7ab56,gdn_ragged,gdn,triton,ragged,ok,,,,2026-09-22T00:23:01+00:00,,ragged,,,689.5359754562378,686.3455891609192,691.4816200733185,682.5600266456604,693.4399998188019,50,10,False,672.1280217170715,,False,689.5359754562378,17.40795373916626,26105348096.0,244547584,,37.85929817327828,354.65529385641247,,33097.726821899414,0.08292869685972613,0.05287306548361642,0e6e08559dbe6eaf,11630473a039827ea1d1ee5d1fe37f174e2b87b7,False,sha256:c2914767605584b6d8f45686b82de173ecc99e781897aa3d0a66dacd72c51ae1,5749939aa3b86ab9,672.1280217170715,graph,363.8407804740224,38.839844869596725,,,,jitter,4096,8,7,0.048886683635874326,1.07421875,"[511, 490, 550, 481, 536, 516, 479, 533]",,,,,25657344,0.16834374400787055,,,,,
63787815c502,gdn_ragged,gdn,triton,ragged,ok,,,,2026-09-22T00:23:01+00:00,,ragged,,,860.1759970188141,858.4608018398285,862.2976124286652,856.8000197410583,861.9820845127106,50,10,False,841.920018196106,,False,860.1759970188141,18.25597882270813,26105348096.0,321519616,,30.348845104345568,373.7835246674148,,41288.447856903076,0.08740143216599992,0.04238421080100142,0e6e08559dbe6eaf,11630473a039827ea1d1ee5d1fe37f174e2b87b7,False,sha256:c2914767605584b6d8f45686b82de173ecc99e781897aa3d0a66dacd72c51ae1,5749939aa3b86ab9,841.920018196106,graph,381.8885512294702,31.00692171678398,,,,jitter,4096,32,7,0.06439391219466616,1.140625,"[126, 121, 135, 118, 132, 127, 118, 131, 117, 129, 118, 119, 129, 140, 120, 123, 135, 144, 133, 128, 146, 118, 141, 125, 121, 120, 125, 140, 122, 133, 135, 127]",,,,,102629376,0.2100039055221714,,,,,
40bc308c8e26,gdn_ragged,gdn,triton,ragged,ok,,,,2026-09-22T00:23:01+00:00,,ragged,,,1593.7439799308777,1590.3327703475952,1597.868835926056,1587.9039764404297,1595.4150366783142,50,10,False,1576.3680338859558,,False,1593.7439799308777,17.375946044921875,26105348096.0,629407744,,16.37988812803686,394.9239977849504,,76499.71103668213,0.09234468810212897,0.02287561944873241,0e6e08559dbe6eaf,11630473a039827ea1d1ee5d1fe37f174e2b87b7,False,sha256:c2914767605584b6d8f45686b82de173ecc99e781897aa3d0a66dacd72c51ae1,5749939aa3b86ab9,1576.3680338859558,graph,399.27715512501646,16.560439906692896,,,,jitter,4096,128,7,0.06346905003621844,1.125,"[31, 30, 33, 29, 33, 31, 29, 32, 29, 32, 29, 29, 32, 35, 30, 30, 33, 35, 33, 32, 35, 29, 35, 31, 30, 30, 31, 35, 30, 33, 33, 31, 33, 29, 29, 30, 34, 32, 31, 33, 32, 31, 34, 34, 30, 33, 32, 35, 34, 31, 35, 30, 32, 34, 30, 32, 29, 33, 34, 33, 35, 31, 34, 33, 33, 32, 35, 35, 32, 33, 29, 34, 33, 35, 35, 31, 31, 33, 29, 32, 30, 30, 29, 34, 30, 30, 31, 35, 29, 32, 33, 35, 35, 35, 31, 32, 31, 35, 35, 30, 30, 30, 30, 32, 33, 31, 29, 32, 31, 33, 36, 34, 32, 33, 34, 29, 35, 34, 35, 34, 31, 32, 29, 33, 29, 29, 30, 30]",,,,,410517504,0.38909765135031193,,,,,
a459f2ae9f45,gdn_ragged,gdn,triton,ragged,ok,,,,2026-09-22T00:23:02+00:00,,ragged,,,2425.9679317474365,2422.6208925247192,2428.8161039352417,2421.504020690918,2427.6928091049194,50,10,False,2405.56800365448,,False,2425.9679317474365,20.399928092956543,104421392384.0,901218304,,43.04318742943349,371.48813560402186,,116446.46072387695,0.08686470360981965,0.060112716753590714,0e6e08559dbe6eaf,11630473a039827ea1d1ee5d1fe37f174e2b87b7,False,sha256:c2914767605584b6d8f45686b82de173ecc99e781897aa3d0a66dacd72c51ae1,5749939aa3b86ab9,2405.56800365448,graph,374.63846485773473,43.40820638841454,,,,jitter,16384,8,7,0.04824665990940026,1.0732421875,"[2044, 1962, 2198, 1925, 2144, 2063, 1918, 2130]",,,,,25657344,0.14806933177169412,,,,,
f0fb9cc8d27b,gdn_ragged,gdn,triton,ragged,ok,,,,2026-09-22T00:23:02+00:00,,ragged,,,2601.408004760742,2598.9375591278076,2604.387140274048,2596.544027328491,2603.5923385620117,50,10,False,2581.5999507904053,,False,2601.408004760742,19.808053970336914,104421392384.0,978190336,,40.1403363843358,376.02342047454664,,124867.58422851562,0.08792518478891218,0.05605868932037841,0e6e08559dbe6eaf,11630473a039827ea1d1ee5d1fe37f174e2b87b7,False,sha256:c2914767605584b6d8f45686b82de173ecc99e781897aa3d0a66dacd72c51ae1,5749939aa3b86ab9,2581.5999507904053,graph,378.90856625578596,40.448324440054876,,,,jitter,16384,32,7,0.0639927926773667,1.12890625,"[503, 483, 541, 474, 528, 508, 472, 525, 470, 516, 474, 476, 515, 562, 480, 492, 539, 576, 533, 512, 578, 471, 565, 499, 482, 479, 501, 561, 487, 533, 540, 509]",,,,,102629376,0.15877734404057264,,,,,
2e283f3f07a8,gdn_ragged,gdn,triton,ragged,ok,,,,2026-09-22T00:23:03+00:00,,ragged,,,3304.2240142822266,3302.457618713379,3307.2672843933105,3300.352096557617,3306.87744140625,50,10,False,3281.1039686203003,,False,3304.2240142822266,23.12004566192627,104421392384.0,1286078464,,31.60239497462867,389.22254013076457,,158602.75268554688,0.09101152189355133,0.04413487781218332,0e6e08559dbe6eaf,11630473a039827ea1d1ee5d1fe37f174e2b87b7,False,sha256:c2914767605584b6d8f45686b82de173ecc99e781897aa3d0a66dacd72c51ae1,5749939aa3b86ab9,3281.1039686203003,graph,391.96516669381685,31.825078809651085,,,,jitter,16384,128,7,0.06382117991208791,1.109375,"[124, 119, 133, 117, 130, 125, 116, 129, 116, 127, 117, 117, 127, 138, 118, 121, 133, 142, 131, 126, 142, 116, 139, 123, 119, 118, 124, 138, 120, 131, 133, 125, 130, 117, 116, 121, 134, 127, 124, 132, 128, 123, 138, 135, 122, 131, 130, 140, 136, 123, 142, 118, 127, 136, 119, 129, 116, 134, 137, 131, 140, 124, 135, 132, 131, 128, 139, 142, 128, 134, 116, 135, 133, 142, 138, 123, 126, 134, 115, 128, 120, 118, 116, 137, 118, 122, 126, 140, 117, 128, 130, 140, 138, 140, 123, 127, 125, 140, 142, 119, 120, 121, 121, 129, 132, 122, 115, 127, 125, 131, 142, 135, 130, 132, 134, 116, 141, 137, 140, 138, 126, 126, 118, 133, 117, 117, 121, 119]",,,,,410517504,0.20167382899671793,,,,,
96fb534177e2,gdn_ragged,gdn,triton,ragged,ok,,,,2026-09-22T00:23:03+00:00,,ragged,,,702.1280229091644,699.2832005023956,705.811208486557,698.0800032615662,705.4316794872284,50,10,False,684.5600008964539,,False,702.1280229091644,17.56802201271057,26105348096.0,244547584,,37.18032501798792,348.29486364431517,,33702.14509963989,0.08144144374918885,0.051924833640094724,0e6e08559dbe6eaf,11630473a039827ea1d1ee5d1fe37f174e2b87b7,False,sha256:c2914767605584b6d8f45686b82de173ecc99e781897aa3d0a66dacd72c51ae1,5749939aa3b86ab9,684.5600008964539,graph,357.23323547936906,38.13449231888248,,,,lognormal,4096,8,7,0.5841296981599728,1.841796875,"[500, 943, 786, 153, 176, 338, 311, 889]",,,,,25657344,0.17141797434305772,,,,,
fae51ca767e1,gdn_ragged,gdn,triton,ragged,ok,,,,2026-09-22T00:23:03+00:00,,ragged,,,863.6159896850586,860.8223795890808,865.9840106964111,859.391987323761,865.0419223308563,50,10,False,845.5199897289276,,False,863.6159896850586,18.09599995613098,26105348096.0,321519616,,30.227958268257673,372.29465392048957,,41453.56750488281,0.08705329099068432,0.04221538417428139,0e6e08559dbe6eaf,11630473a039827ea1d1ee5d1fe37f174e2b87b7,False,sha256:c2914767605584b6d8f45686b82de173ecc99e781897aa3d0a66dacd72c51ae1,5749939aa3b86ab9,845.5199897289276,graph,380.26258386046993,30.874903506857756,,,,lognormal,4096,32,7,0.9090616741681536,4.5546875,"[76, 144, 120, 23, 27, 52, 47, 136, 259, 54, 18, 29, 159, 119, 42, 187, 50, 97, 583, 39, 154, 189, 61, 34, 315, 278, 249, 140, 95, 236, 60, 24]",,,,,102629376,0.21084374748170376,,,,,
09d8ae202dc9,gdn_ragged,gdn,triton,ragged,ok,,,,2026-09-22T00:23:03+00:00,,ragged,,,1682.2400093078613,1679.9296021461487,1684.652829170227,1677.8559684753418,1684.0358352661133,50,10,False,1665.839970111847,,False,1682.2400093078613,16.400039196014404,26105348096.0,629407744,,15.518206648016148,374.1485997940108,,80747.52044677734,0.08748679732205132,0.021672223096517104,0e6e08559dbe6eaf,11630473a039827ea1d1ee5d1fe37f174e2b87b7,False,sha256:c2914767605584b6d8f45686b82de173ecc99e781897aa3d0a66dacd72c51ae1,5749939aa3b86ab9,1665.839970111847,graph,377.8320578763281,15.670981945671079,,,,lognormal,4096,128,7,1.4090683563306998,10.65625,"[15, 28, 24, 5, 5, 10, 9, 27, 51, 11, 4, 6, 31, 23, 8, 37, 10, 19, 115, 8, 30, 37, 12, 7, 62, 55, 49, 28, 19, 46, 12, 5, 11, 9, 5, 6, 44, 11, 3, 10, 9, 26, 5, 13, 23, 30, 16, 3, 12, 16, 7, 27, 11, 16, 19, 15, 42, 23, 23, 201, 167, 11, 28, 15, 175, 8, 17, 7, 6, 88, 73, 12, 11, 181, 66, 79, 49, 5, 82, 1, 34, 10, 12, 43, 9, 44, 12, 7, 11, 13, 96, 4, 22, 22, 19, 7, 51, 12, 33, 5, 12, 55, 33, 76, 32, 23, 18, 11, 341, 60, 130, 42, 7, 8, 3, 30, 15, 8, 22, 10, 25, 6, 33, 9, 14, 5, 45, 32]",,,,,410517504,0.4107031272724271,,,,,
32415e65f725,gdn_ragged,gdn,triton,ragged,ok,,,,2026-09-22T00:23:03+00:00,,ragged,,,2496.623992919922,2491.161608695984,2499.903964996338,2486.4959716796875,2498.1273651123047,50,10,False,2476.3200283050537,,False,2496.623992919922,20.303964614868164,104421392384.0,901218304,,41.82503760282867,360.9747829692135,,119837.95166015625,0.08440637675347669,0.058411488292985175,0e6e08559dbe6eaf,11630473a039827ea1d1ee5d1fe37f174e2b87b7,False,sha256:c2914767605584b6d8f45686b82de173ecc99e781897aa3d0a66dacd72c51ae1,5749939aa3b86ab9,2476.3200283050537,graph,363.93450511194607,42.167971502242565,,,,lognormal,16384,8,7,0.5843679641871266,1.8427734375,"[2000, 3774, 3146, 612, 703, 1351, 1244, 3554]",,,,,25657344,0.15238183550536633,,,,,
16393ad53ffd,gdn_ragged,gdn,triton,ragged,ok,,,,2026-09-22T00:23:04+00:00,,ragged,,,2605.504035949707,2602.4383068084717,2608.5633039474487,2599.9040603637695,2607.6921558380127,50,10,False,2583.232045173645,,False,2605.504035949707,22.27199077606201,104421392384.0,978190336,,40.07723302026603,375.4322858469299,,125064.19372558594,0.08778696036314973,0.05597056121284122,0e6e08559dbe6eaf,11630473a039827ea1d1ee5d1fe37f174e2b87b7,False,sha256:c2914767605584b6d8f45686b82de173ecc99e781897aa3d0a66dacd72c51ae1,5749939aa3b86ab9,2583.232045173645,graph,378.66917059487236,40.42276905750478,,,,lognormal,16384,32,7,0.9085909107849421,4.5546875,"[305, 576, 480, 93, 107, 206, 190, 542, 1035, 218, 73, 118, 636, 475, 168, 748, 202, 388, 2332, 155, 615, 757, 244, 135, 1260, 1113, 994, 560, 381, 942, 241, 95]",,,,,102629376,0.15902734594419599,,,,,
92e2e4753e9c,gdn_ragged,gdn,triton,ragged,ok,,,,2026-09-22T00:23:04+00:00,,ragged,,,3322.0160007476807,3318.98250579834,3325.2959966659546,3316.3840770721436,3324.643187522888,50,10,False,3298.959970474243,,False,3322.0160007476807,23.0560302734375,104421392384.0,1286078464,,31.433139503391327,387.13794988059794,,159456.76803588867,0.09052408421553713,0.043898501121489436,0e6e08559dbe6eaf,11630473a039827ea1d1ee5d1fe37f174e2b87b7,False,sha256:c2914767605584b6d8f45686b82de173ecc99e781897aa3d0a66dacd72c51ae1,5749939aa3b86ab9,3298.959970474243,graph,389.8436099590258,31.65282189495281,,,,lognormal,16384,128,7,1.4125179053327934,10.6796875,"[60, 113, 95, 18, 21, 41, 37, 107, 204, 43, 14, 23, 125, 94, 33, 147, 40, 76, 459, 31, 121, 149, 48, 27, 248, 219, 196, 110, 75, 186, 47, 19, 45, 37, 20, 23, 178, 45, 11, 42, 35, 106, 20, 51, 92, 118, 63, 13, 47, 64, 29, 108, 45, 66, 77, 59, 168, 91, 93, 809, 668, 45, 110, 59, 701, 32, 66, 28, 22, 354, 293, 46, 45, 726, 263, 318, 195, 20, 327, 4, 137, 40, 49, 171, 35, 174, 47, 29, 42, 54, 382, 16, 86, 89, 76, 29, 205, 46, 133, 18, 47, 222, 133, 306, 127, 92, 72, 45, 1367, 239, 519, 169, 27, 33, 11, 118, 61, 31, 89, 40, 101, 25, 133, 34, 55, 19, 179, 129]",,,,,410517504,0.2027597656706348,,,,,
087416a55d4a,gdn_ragged,gdn,triton,ragged,ok,,,,2026-09-22T00:23:04+00:00,,ragged,,,690.1440024375916,686.9568228721619,692.5855934619904,684.607982635498,693.5532772541046,50,10,False,672.8480160236359,,False,690.1440024375916,17.29598641395569,26105348096.0,244547584,,37.82594357669675,354.3428373444628,,33126.912117004395,0.08285563546233497,0.05282648353798279,0e6e08559dbe6eaf,11630473a039827ea1d1ee5d1fe37f174e2b87b7,False,sha256:c2914767605584b6d8f45686b82de173ecc99e781897aa3d0a66dacd72c51ae1,5749939aa3b86ab9,672.8480160236359,graph,363.4514454619563,38.79828352660695,,,,bimodal,4096,8,7,1.1331555077411577,3.998046875,"[2047, 292, 292, 293, 293, 293, 293, 293]",,,,,25657344,0.16849218809511513,,,,,
02aed58e7080,gdn_ragged,gdn,triton,ragged,ok,,,,2026-09-22T00:23:04+00:00,,ragged,,,921.1040139198303,918.8767850399017,922.9888141155243,917.3439741134644,922.9971194267273,50,10,False,903.9520025253296,,False,921.1040139198303,17.152011394500732,26105348096.0,321519616,,28.34136829445205,349.0589674359881,,44212.992668151855,0.08162011338363866,0.03958063392695208,0e6e08559dbe6eaf,11630473a039827ea1d1ee5d1fe37f174e2b87b7,False,sha256:c2914767605584b6d8f45686b82de173ecc99e781897aa3d0a66dacd72c51ae1,5749939aa3b86ab9,903.9520025253296,graph,355.68217682109815,28.879130775827345,,,,bimodal,4096,32,7,2.695483039215284,16.0078125,"[2049, 67, 66, 66, 66, 66, 66, 66, 66, 66, 66, 66, 66, 66, 66, 66, 66, 66, 66, 66, 66, 66, 66, 66, 66, 66, 66, 66, 66, 66, 66, 66]",,,,,102629376,0.22487890964839607,,,,,
1ccb6561a297,gdn_ragged,gdn,triton,ragged,ok,,,,2026-09-22T00:23:04+00:00,,ragged,,,1720.2399969100952,1716.2240147590637,1725.110399723053,1712.3839855194092,1721.909761428833,50,10,False,1700.9119987487793,,False,1720.2399969100952,19.327998161315918,26105348096.0,629407744,,15.175410490914393,365.88368200399117,,82571.51985168457,0.08555421976335685,0.021193485123641373,0e6e08559dbe6eaf,11630473a039827ea1d1ee5d1fe37f174e2b87b7,False,sha256:c2914767605584b6d8f45686b82de173ecc99e781897aa3d0a66dacd72c51ae1,5749939aa3b86ab9,1700.9119987487793,graph,370.0413333923233,15.347853454619377,,,,bimodal,4096,128,7,5.593128020588077,64.03125,"[2049, 17, 17, 17, 17, 17, 17, 17, 17, 17, 17, 17, 17, 17, 17, 17, 16, 16, 16, 16, 16, 16, 16, 16, 16, 16, 16, 16, 16, 16, 16, 16, 16, 16, 16, 16, 16, 16, 16, 16, 16, 16, 16, 16, 16, 16, 16, 16, 16, 16, 16, 16, 16, 16, 16, 16, 16, 16, 16, 16, 16, 16, 16, 16, 16, 16, 16, 16, 16, 16, 16, 16, 16, 16, 16, 16, 16, 16, 16, 16, 16, 16, 16, 16, 16, 16, 16, 16, 16, 16, 16, 16, 16, 16, 16, 16, 16, 16, 16, 16, 16, 16, 16, 16, 16, 16, 16, 16, 16, 16, 16, 16, 16, 16, 16, 16, 16, 16, 16, 16, 16, 16, 16, 16, 16, 16, 16, 16]",,,,,410517504,0.4199804679956287,,,,,
97b9db6ab025,gdn_ragged,gdn,triton,ragged,ok,,,,2026-09-22T00:23:05+00:00,,ragged,,,2484.655976295471,2480.796718597412,2490.2655124664307,2477.6320457458496,2487.2383880615234,50,10,False,2465.1360511779785,,False,2484.655976295471,19.519925117492676,104421392384.0,901218304,,42.0264991935376,362.71351551198757,,119263.48686218262,0.08481294286557942,0.058692843003503956,0e6e08559dbe6eaf,11630473a039827ea1d1ee5d1fe37f174e2b87b7,False,sha256:c2914767605584b6d8f45686b82de173ecc99e781897aa3d0a66dacd72c51ae1,5749939aa3b86ab9,2465.1360511779785,graph,365.58562500814025,42.35928168512309,,,,bimodal,16384,8,7,1.1340779832554042,4.00048828125,"[8193, 1171, 1170, 1170, 1170, 1170, 1170, 1170]",,,,,25657344,0.15165136574069038,,,,,
8936ac33b55a,gdn_ragged,gdn,triton,ragged,ok,,,,2026-09-22T00:23:05+00:00,,ragged,,,2650.4321098327637,2648.140788078308,2653.327965736389,2647.2959518432617,2652.9100704193115,50,10,False,2634.719967842102,,False,2650.4321098327637,15.712141990661621,104421392384.0,978190336,,39.39787478298728,369.06824829469855,,127220.74127197266,0.086298863751834,0.05502179157632888,0e6e08559dbe6eaf,11630473a039827ea1d1ee5d1fe37f174e2b87b7,False,sha256:c2914767605584b6d8f45686b82de173ecc99e781897aa3d0a66dacd72c51ae1,5749939aa3b86ab9,2634.719967842102,graph,371.2691853173152,39.63282385168379,,,,bimodal,16384,32,7,2.6944304418910066,16.001953125,"[8193, 265, 265, 265, 265, 265, 265, 265, 264, 264, 264, 264, 264, 264, 264, 264, 264, 264, 264, 264, 264, 264, 264, 264, 264, 264, 264, 264, 264, 264, 264, 264]",,,,,102629376,0.1617695379536599,,,,,
121c82f9efd4,gdn_ragged,gdn,triton,ragged,ok,,,,2026-09-22T00:23:06+00:00,,ragged,,,3317.903995513916,3313.2768869400024,3321.875214576721,3312.608003616333,3320.0403118133545,50,10,False,3294.8960065841675,,False,3317.903995513916,23.007988929748535,104421392384.0,1286078464,,31.47209579456985,387.61774473851136,,159259.39178466797,0.09063627417298599,0.04395290621175428,0e6e08559dbe6eaf,11630473a039827ea1d1ee5d1fe37f174e2b87b7,False,sha256:c2914767605584b6d8f45686b82de173ecc99e781897aa3d0a66dacd72c51ae1,5749939aa3b86ab9,3294.8960065841675,graph,390.3244477003336,31.691862861630675,,,,bimodal,16384,128,7,5.589654115543169,63.9921875,"[8191, 64, 64, 64, 64, 64, 64, 64, 64, 64, 64, 64, 64, 64, 64, 64, 64, 64, 64, 64, 64, 64, 64, 64, 64, 64, 64, 64, 64, 64, 64, 64, 64, 64, 64, 64, 64, 64, 64, 64, 64, 64, 64, 64, 64, 64, 64, 64, 64, 64, 64, 64, 64, 64, 64, 64, 64, 64, 64, 64, 64, 64, 64, 65, 65, 65, 65, 65, 65, 65, 65, 65, 65, 65, 65, 65, 65, 65, 65, 65, 65, 65, 65, 65, 65, 65, 65, 65, 65, 65, 65, 65, 65, 65, 65, 65, 65, 65, 65, 65, 65, 65, 65, 65, 65, 65, 65, 65, 65, 65, 65, 65, 65, 65, 65, 65, 65, 65, 65, 65, 65, 65, 65, 65, 65, 65, 65, 65]",,,,,410517504,0.20250878878869116,,,,,
1c89f8bd1cfd,gdn_ragged,gdn,triton,ragged,ok,,,,2026-09-22T00:23:06+00:00,,ragged,,,702.7519941329956,700.102424621582,705.1136195659637,698.0800032615662,705.9136021137238,50,10,False,685.5679750442505,,False,702.7519941329956,17.184019088745117,26105348096.0,244547584,,37.14731272759586,347.9856137608049,,33732.09571838379,0.0813691321545566,0.05187872974816111,0e6e08559dbe6eaf,11630473a039827ea1d1ee5d1fe37f174e2b87b7,False,sha256:c2914767605584b6d8f45686b82de173ecc99e781897aa3d0a66dacd72c51ae1,5749939aa3b86ab9,685.5679750442505,graph,356.7080040228185,38.07842408962439,,,,mixed,4096,8,7,0.998046875,1.998046875,"[1, 1, 1, 1, 1023, 1023, 1023, 1023]",,,,,25657344,0.17157031106762588,,,,,
18e9a72af15e,gdn_ragged,gdn,triton,ragged,ok,,,,2026-09-22T00:23:06+00:00,,ragged,,,871.0080087184906,868.4639751911163,873.0976045131683,866.815984249115,872.4953591823578,50,10,False,852.5599837303162,,False,871.0080087184906,18.44802498817444,26105348096.0,321519616,,29.97142142746616,369.13508576465335,,41808.38441848755,0.08631449229137865,0.041857113159323604,0e6e08559dbe6eaf,11630473a039827ea1d1ee5d1fe37f174e2b87b7,False,sha256:c2914767605584b6d8f45686b82de173ecc99e781897aa3d0a66dacd72c51ae1,5749939aa3b86ab9,852.5599837303162,graph,377.12257452339435,30.619954717764127,,,,mixed,4096,32,7,0.9921875,1.9921875,"[1, 1, 1, 1, 1, 1, 1, 1, 1, 1, 1, 1, 1, 1, 1, 1, 255, 255, 255, 255, 255, 255, 255, 255, 255, 255, 255, 255, 255, 255, 255, 255]",,,,,102629376,0.21264843962853774,,,,,
df20139aaebe,gdn_ragged,gdn,triton,ragged,ok,,,,2026-09-22T00:23:06+00:00,,ragged,,,1598.9280343055725,1595.08798122406,1601.3760328292847,1593.5039520263672,1599.9628734588623,50,10,False,1580.3839564323425,,False,1598.9280343055725,18.54407787322998,26105348096.0,629407744,,16.326781153310485,393.6435727536399,,76748.54564666748,0.09204528758249046,0.022801451973691197,0e6e08559dbe6eaf,11630473a039827ea1d1ee5d1fe37f174e2b87b7,False,sha256:c2914767605584b6d8f45686b82de173ecc99e781897aa3d0a66dacd72c51ae1,5749939aa3b86ab9,1580.3839564323425,graph,398.26254970397474,16.51835807985032,,,,mixed,4096,128,7,0.96875,1.96875,"[1, 1, 1, 1, 1, 1, 1, 1, 1, 1, 1, 1, 1, 1, 1, 1, 1, 1, 1, 1, 1, 1, 1, 1, 1, 1, 1, 1, 1, 1, 1, 1, 1, 1, 1, 1, 1, 1, 1, 1, 1, 1, 1, 1, 1, 1, 1, 1, 1, 1, 1, 1, 1, 1, 1, 1, 1, 1, 1, 1, 1, 1, 1, 1, 63, 63, 63, 63, 63, 63, 63, 63, 63, 63, 63, 63, 63, 63, 63, 63, 63, 63, 63, 63, 63, 63, 63, 63, 63, 63, 63, 63, 63, 63, 63, 63, 63, 63, 63, 63, 63, 63, 63, 63, 63, 63, 63, 63, 63, 63, 63, 63, 63, 63, 63, 63, 63, 63, 63, 63, 63, 63, 63, 63, 63, 63, 63, 63]",,,,,410517504,0.3903632896253839,,,,,
c7cdcf7d52c2,gdn_ragged,gdn,triton,ragged,ok,,,,2026-09-22T00:23:06+00:00,,ragged,,,2490.880012512207,2485.69598197937,2496.124792098999,2471.712112426758,2492.260479927063,50,10,False,2470.2080488204956,,False,2490.880012512207,20.671963691711426,104421392384.0,901218304,,41.92148632590477,361.80719242717174,,119562.24060058594,0.0846010182343681,0.05854618544525868,0e6e08559dbe6eaf,11630473a039827ea1d1ee5d1fe37f174e2b87b7,False,sha256:c2914767605584b6d8f45686b82de173ecc99e781897aa3d0a66dacd72c51ae1,5749939aa3b86ab9,2470.2080488204956,graph,364.8349799646732,42.27230675321473,,,,mixed,16384,8,7,0.99951171875,1.99951171875,"[1, 1, 1, 1, 4095, 4095, 4095, 4095]",,,,,25657344,0.1520312507636845,,,,,
793f13020360,gdn_ragged,gdn,triton,ragged,ok,,,,2026-09-22T00:23:07+00:00,,ragged,,,2597.391963005066,2594.8673009872437,2599.88169670105,2590.303897857666,2599.4656085968018,50,10,False,2579.024076461792,,False,2597.391963005066,18.367886543273926,104421392384.0,978190336,,40.202400666239505,376.60482127167194,,124674.81422424316,0.08806113316271066,0.05614536627953041,0e6e08559dbe6eaf,11630473a039827ea1d1ee5d1fe37f174e2b87b7,False,sha256:c2914767605584b6d8f45686b82de173ecc99e781897aa3d0a66dacd72c51ae1,5749939aa3b86ab9,2579.024076461792,graph,379.28701206310427,40.48872336517987,,,,mixed,16384,32,7,0.998046875,1.998046875,"[1, 1, 1, 1, 1, 1, 1, 1, 1, 1, 1, 1, 1, 1, 1, 1, 1023, 1023, 1023, 1023, 1023, 1023, 1023, 1023, 1023, 1023, 1023, 1023, 1023, 1023, 1023, 1023]",,,,,102629376,0.15853222430450842,,,,,
f392aea4534d,gdn_ragged,gdn,triton,ragged,ok,,,,2026-09-22T00:23:07+00:00,,ragged,,,3333.9840173721313,3329.5584440231323,3338.464069366455,3323.103904724121,3336.114559173584,50,10,False,3311.840057373047,,False,3333.9840173721313,22.143959999084473,104421392384.0,1286078464,,31.32030382866252,385.7482391333405,,160031.2328338623,0.0901991295249449,0.0437409184850782,0e6e08559dbe6eaf,11630473a039827ea1d1ee5d1fe37f174e2b87b7,False,sha256:c2914767605584b6d8f45686b82de173ecc99e781897aa3d0a66dacd72c51ae1,5749939aa3b86ab9,3311.840057373047,graph,388.3274680299984,31.529720812310938,,,,mixed,16384,128,7,0.9921875,1.9921875,"[1, 1, 1, 1, 1, 1, 1, 1, 1, 1, 1, 1, 1, 1, 1, 1, 1, 1, 1, 1, 1, 1, 1, 1, 1, 1, 1, 1, 1, 1, 1, 1, 1, 1, 1, 1, 1, 1, 1, 1, 1, 1, 1, 1, 1, 1, 1, 1, 1, 1, 1, 1, 1, 1, 1, 1, 1, 1, 1, 1, 1, 1, 1, 1, 255, 255, 255, 255, 255, 255, 255, 255, 255, 255, 255, 255, 255, 255, 255, 255, 255, 255, 255, 255, 255, 255, 255, 255, 255, 255, 255, 255, 255, 255, 255, 255, 255, 255, 255, 255, 255, 255, 255, 255, 255, 255, 255, 255, 255, 255, 255, 255, 255, 255, 255, 255, 255, 255, 255, 255, 255, 255, 255, 255, 255, 255, 255, 255]",,,,,410517504,0.20349023543531075,,,,,
e1578f7bc959,gdn_warm,gdn,flashinfer,warm,ok,,,,2026-09-22T00:22:05+00:00,,warm,,1,397.69600331783295,379.65438663959503,415.8016115427017,373.8560080528259,398.36224019527435,50,10,False,59.90400165319443,,False,397.69600331783295,337.7920016646385,407896064.0,9834496,,1.02564788330049,24.728676974257674,,19089.40815925598,0.005782282097755935,0.0014323865024829015,0e6e08559dbe6eaf,11630473a039827ea1d1ee5d1fe37f174e2b87b7,False,sha256:c2914767605584b6d8f45686b82de173ecc99e781897aa3d0a66dacd72c51ae1,fd68bfc8b9be9964,59.90400165319443,graph,164.17093564024978,6.809162205247245,,64,,,,,,,,,,,,,6414336,6.21400005184114,0,,,,
3fc86fd6139e,gdn_warm,gdn,flashinfer,warm,ok,,,,2026-09-22T00:22:05+00:00,,warm,,1,397.64799177646637,379.145610332489,416.4288103580475,376.1279881000519,396.3769602775574,50,10,False,61.3120011985302,,False,397.64799177646637,336.3359905779362,407896064.0,9834496,,1.0257717187951862,24.7316626850422,,19087.103605270386,0.005782980243557928,0.001432559447110409,0e6e08559dbe6eaf,11630473a039827ea1d1ee5d1fe37f174e2b87b7,False,sha256:c2914767605584b6d8f45686b82de173ecc99e781897aa3d0a66dacd72c51ae1,fd68bfc8b9be9964,61.3120011985302,graph,160.400831937545,6.652793189366299,,64,,,,,,,,,,,,,6414336,6.213249871507287,1024,,,,
2f09a1a41f17,gdn_warm,gdn,flashinfer,warm,ok,,,,2026-09-22T00:22:05+00:00,,warm,,1,396.8320041894913,377.7055859565735,415.4303967952728,374.62401390075684,394.9849581718445,50,10,False,60.047999024391174,,False,396.8320041894913,336.7840051651001,407896064.0,9834496,,1.0278809664888457,24.782517277270635,,19047.93620109558,0.005794871522599556,0.0014355051538933925,0e6e08559dbe6eaf,11630473a039827ea1d1ee5d1fe37f174e2b87b7,False,sha256:c2914767605584b6d8f45686b82de173ecc99e781897aa3d0a66dacd72c51ae1,fd68bfc8b9be9964,60.047999024391174,graph,163.77724753168349,6.792833576924267,,64,,,,,,,,,,,,,6414336,6.200500065460801,65536,,,,
87fe396b144d,gdn_warm,gdn,flashinfer,warm,ok,,,,2026-09-22T00:22:08+00:00,,warm,,8,436.7680102586746,420.2048033475876,458.61440896987915,414.94399309158325,437.6723223924637,50,10,False,92.06400066614151,,False,436.7680102586746,344.7040095925331,3263168512.0,78675968,,7.471171045854292,180.1321666241179,,20964.864492416382,0.04212012649867585,0.010433994685764333,0e6e08559dbe6eaf,11630473a039827ea1d1ee5d1fe37f174e2b87b7,False,sha256:c2914767605584b6d8f45686b82de173ecc99e781897aa3d0a66dacd72c51ae1,fd68bfc8b9be9964,92.06400066614151,graph,854.5790692423685,35.44456561075886,,64,,,,,,,,,,,,,51314688,0.8530625200364739,0,,,,
21465e1269bf,gdn_warm,gdn,flashinfer,warm,ok,,,,2026-09-22T00:22:08+00:00,,warm,,8,436.0320121049881,418.4768110513687,454.90879714488983,411.48799657821655,436.0876804590225,50,10,False,92.49599650502205,,False,436.0320121049881,343.53601559996605,3263168512.0,78675968,,7.483781973361837,180.43621985501457,,20929.53658103943,0.042191222965163276,0.010451606697293543,0e6e08559dbe6eaf,11630473a039827ea1d1ee5d1fe37f174e2b87b7,False,sha256:c2914767605584b6d8f45686b82de173ecc99e781897aa3d0a66dacd72c51ae1,fd68bfc8b9be9964,92.49599650502205,graph,850.5878197196168,35.27902433942454,,64,,,,,,,,,,,,,51314688,0.8516250236425549,1024,,,,
cd63dad62e7f,gdn_warm,gdn,flashinfer,warm,ok,,,,2026-09-22T00:22:08+00:00,,warm,,8,435.4880005121231,418.6080127954483,457.65119791030884,411.77600622177124,441.96991980075836,50,10,False,91.80799871683121,,False,435.4880005121231,343.6800017952919,3263168512.0,78675968,,7.493130713504378,180.66162077365854,,20903.42402458191,0.04224392823920804,0.010464662843962812,0e6e08559dbe6eaf,11630473a039827ea1d1ee5d1fe37f174e2b87b7,False,sha256:c2914767605584b6d8f45686b82de173ecc99e781897aa3d0a66dacd72c51ae1,fd68bfc8b9be9964,91.80799871683121,graph,856.9620196456401,35.54340098475278,,64,,,,,,,,,,,,,51314688,0.8505625010002404,65536,,,,
0a06f5e73eec,gdn_warm,gdn,flashinfer,warm,ok,,,,2026-09-22T00:22:08+00:00,,warm,,32,438.7519955635071,419.7248011827469,453.39838564395905,414.14400935173035,439.14751946926117,50,10,False,308.55999886989594,,False,438.7519955635071,130.19199669361115,13052674048.0,314703872,,29.749549130223144,717.2705199797736,,21060.09578704834,0.16771865681470155,0.04154725351936307,0e6e08559dbe6eaf,11630473a039827ea1d1ee5d1fe37f174e2b87b7,False,sha256:c2914767605584b6d8f45686b82de173ecc99e781897aa3d0a66dacd72c51ae1,fd68bfc8b9be9964,308.55999886989594,graph,1019.9114374922416,42.3018994549052,,64,,,,,,,,,,,,,205258752,0.2142343728337437,0,,,,
5754bc79c3f6,gdn_warm,gdn,flashinfer,warm,ok,,,,2026-09-22T00:22:08+00:00,,warm,,32,438.9279931783676,422.69759476184845,458.20159912109375,410.46398878097534,441.5123188495636,50,10,False,309.2159926891327,,False,438.9279931783676,129.71200048923492,13052674048.0,314703872,,29.73762040894888,716.982914945034,,21068.543672561646,0.16765140641366597,0.041530594254889044,0e6e08559dbe6eaf,11630473a039827ea1d1ee5d1fe37f174e2b87b7,False,sha256:c2914767605584b6d8f45686b82de173ecc99e781897aa3d0a66dacd72c51ae1,fd68bfc8b9be9964,309.2159926891327,graph,1017.747721465314,42.212157057226925,,64,,,,,,,,,,,,,205258752,0.2143203091691248,1024,,,,
1da1d0f5186c,gdn_warm,gdn,flashinfer,warm,ok,,,,2026-09-22T00:22:08+00:00,,warm,,32,442.6240026950836,424.05760884284973,474.4671940803528,420.19200325012207,452.15296268463135,50,10,False,309.07200276851654,,False,442.6240026950836,133.55199992656708,13052674048.0,314703872,,29.489304620905916,710.9959470878364,,21245.952129364014,0.1662514796364853,0.04118380449503348,0e6e08559dbe6eaf,11630473a039827ea1d1ee5d1fe37f174e2b87b7,False,sha256:c2914767605584b6d8f45686b82de173ecc99e781897aa3d0a66dacd72c51ae1,fd68bfc8b9be9964,309.07200276851654,graph,1018.2218679823341,42.23182278265421,,64,,,,,,,,,,,,,205258752,0.2161250013159588,65536,,,,
11681dab17d8,gdn_warm,gdn,flashinfer,warm,ok,,,,2026-09-22T00:22:08+00:00,,warm,,1,407.4240028858185,391.1103904247284,420.50879895687103,387.7120018005371,405.896959900856,50,10,False,120.4800009727478,,False,407.4240028858185,286.9440019130707,3263168512.0,33775616,,8.009269186122328,82.90040783253924,,19556.352138519287,0.019384520433736112,0.011185485061438682,0e6e08559dbe6eaf,11630473a039827ea1d1ee5d1fe37f174e2b87b7,False,sha256:c2914767605584b6d8f45686b82de173ecc99e781897aa3d0a66dacd72c51ae1,fd68bfc8b9be9964,120.4800009727478,graph,280.34209601010826,27.084731786631696,,512,,,,,,,,,,,,,6414336,0.7957500056363642,0,,,,
6b198fcd308e,gdn_warm,gdn,flashinfer,warm,ok,,,,2026-09-22T00:22:08+00:00,,warm,,1,407.600000500679,391.9999897480011,421.61600291728973,388.51198554039,406.0544002056122,50,10,False,120.87999656796455,,False,407.600000500679,286.72000393271446,3263168512.0,33775616,,8.005810863571291,82.86461226327633,,19564.800024032593,0.01937615039115181,0.011180655280551895,0e6e08559dbe6eaf,11630473a039827ea1d1ee5d1fe37f174e2b87b7,False,sha256:c2914767605584b6d8f45686b82de173ecc99e781897aa3d0a66dacd72c51ae1,fd68bfc8b9be9964,120.87999656796455,graph,279.41443546459504,26.995107583125133,,512,,,,,,,,,,,,,6414336,0.7960937509778887,1024,,,,
745ddc0cfe2c,gdn_warm,gdn,flashinfer,warm,ok,,,,2026-09-22T00:22:08+00:00,,warm,,1,400.60798823833466,386.0607981681824,416.7712062597275,382.4320137500763,400.63999712467194,50,10,False,121.0079975426197,,False,400.60798823833466,279.59999069571495,3263168512.0,33775616,,8.145540298259444,84.31088992640306,,19229.183435440063,0.019714332067777195,0.01137579686813341,0e6e08559dbe6eaf,11630473a039827ea1d1ee5d1fe37f174e2b87b7,False,sha256:c2914767605584b6d8f45686b82de173ecc99e781897aa3d0a66dacd72c51ae1,fd68bfc8b9be9964,121.0079975426197,graph,279.1188738422354,26.96655244502078,,512,,,,,,,,,,,,,6414336,0.7824374770279974,65536,,,,
7d55e90cc922,gdn_warm,gdn,flashinfer,warm,ok,,,,2026-09-22T00:22:08+00:00,,warm,,8,440.5760020017624,420.64639925956726,457.97119140625,412.51200437545776,439.92959916591644,50,10,False,265.9199982881546,,False,440.5760020017624,174.6560037136078,26105348096.0,270204928,,59.25276905094702,613.2992418386852,,21147.648096084595,0.1434071556008739,0.08275049166990521,0e6e08559dbe6eaf,11630473a039827ea1d1ee5d1fe37f174e2b87b7,False,sha256:c2914767605584b6d8f45686b82de173ecc99e781897aa3d0a66dacd72c51ae1,fd68bfc8b9be9964,265.9199982881546,graph,1016.1136046157844,98.16993179923189,,512,,,,,,,,,,,,,51314688,0.10756250048871152,0,,,,
3d068fb16215,gdn_warm,gdn,flashinfer,warm,ok,,,,2026-09-22T00:22:08+00:00,,warm,,8,439.2320066690445,426.48000717163086,461.5039974451065,418.7839925289154,443.53728234767914,50,10,False,265.52000641822815,,False,439.2320066690445,173.71200025081635,26105348096.0,270204928,,59.43407515761946,615.175861270046,,21083.136320114136,0.14384596366786243,0.0830036978864282,0e6e08559dbe6eaf,11630473a039827ea1d1ee5d1fe37f174e2b87b7,False,sha256:c2914767605584b6d8f45686b82de173ecc99e781897aa3d0a66dacd72c51ae1,fd68bfc8b9be9964,265.52000641822815,graph,1017.6443261092443,98.31781961800921,,512,,,,,,,,,,,,,51314688,0.10723437662818469,1024,,,,
e1c1ff00ee04,gdn_warm,gdn,flashinfer,warm,ok,,,,2026-09-22T00:22:08+00:00,,warm,,8,437.5679939985275,422.42879271507263,456.21441304683685,418.39998960494995,439.85855877399445,50,10,False,265.3599977493286,,False,437.5679939985275,172.2079962491989,26105348096.0,270204928,,59.66009501162887,617.5152929510409,,21003.26371192932,0.14439299066578964,0.08331934986938207,0e6e08559dbe6eaf,11630473a039827ea1d1ee5d1fe37f174e2b87b7,False,sha256:c2914767605584b6d8f45686b82de173ecc99e781897aa3d0a66dacd72c51ae1,fd68bfc8b9be9964,265.3599977493286,graph,1018.2579525616675,98.37710399990405,,512,,,,,,,,,,,,,51314688,0.10682812353479676,65536,,,,
0d8168df4470,gdn_warm,gdn,flashinfer,warm,ok,,,,2026-09-22T00:22:08+00:00,,warm,,32,1006.0960054397583,1003.9007902145386,1008.5856318473816,1003.5519599914551,1007.8041648864746,50,10,False,992.8480088710785,,False,1006.0960054397583,13.24799656867981,104421392384.0,1080819712,,103.78869592903122,1074.2709504423294,,48292.6082611084,0.25119571464936424,0.14494791982668284,0e6e08559dbe6eaf,11630473a039827ea1d1ee5d1fe37f174e2b87b7,False,sha256:c2914767605584b6d8f45686b82de173ecc99e781897aa3d0a66dacd72c51ae1,fd68bfc8b9be9964,992.8480088710785,graph,1088.6054082225032,105.17359298804732,,512,,,,,,,,,,,,,205258752,0.0614072268945165,0,,,,
801fb1a0b0d3,gdn_warm,gdn,flashinfer,warm,ok,,,,2026-09-22T00:22:08+00:00,,warm,,32,1007.3440074920654,1004.7424077987671,1009.174394607544,1003.4559965133667,1008.83136510849,50,10,False,994.5600032806396,,False,1007.3440074920654,12.784004211425781,104421392384.0,1080819712,,103.66011174670388,1072.9400323637835,,48352.51235961914,0.25088450739039253,0.14476834333635186,0e6e08559dbe6eaf,11630473a039827ea1d1ee5d1fe37f174e2b87b7,False,sha256:c2914767605584b6d8f45686b82de173ecc99e781897aa3d0a66dacd72c51ae1,fd68bfc8b9be9964,994.5600032806396,graph,1086.7315279468564,104.99255151982513,,512,,,,,,,,,,,,,205258752,0.061483398894779384,1024,,,,
24aba9b21ad6,gdn_warm,gdn,flashinfer,warm,ok,,,,2026-09-22T00:22:08+00:00,,warm,,32,1008.2559585571289,1006.1408400535583,1011.199951171875,1005.5040121078491,1028.3449602127075,50,10,False,995.3919947147369,,False,1008.2559585571289,12.863963842391968,104421392384.0,1080819712,,103.56635286681856,1071.969575609267,,48396.28601074219,0.2506575864465778,0.14463740273166453,0e6e08559dbe6eaf,11630473a039827ea1d1ee5d1fe37f174e2b87b7,False,sha256:c2914767605584b6d8f45686b82de173ecc99e781897aa3d0a66dacd72c51ae1,fd68bfc8b9be9964,995.3919947147369,graph,1085.8231910030029,104.90479423026248,,512,,,,,,,,,,,,,205258752,0.06153905997052789,65536,,,,
b09fd2294040,gdn_warm,gdn,flashinfer,warm,ok,,,,2026-09-22T00:22:08+00:00,,warm,,1,408.55999290943146,391.66080057621,428.26560735702515,385.98400354385376,409.30944085121155,50,10,False,208.6079940199852,,False,408.55999290943146,199.95199888944626,13052674048.0,115859456,,31.947998518037675,283.58003233489245,,19610.87965965271,0.06630923870120718,0.04461753648954178,0e6e08559dbe6eaf,11630473a039827ea1d1ee5d1fe37f174e2b87b7,False,sha256:c2914767605584b6d8f45686b82de173ecc99e781897aa3d0a66dacd72c51ae1,fd68bfc8b9be9964,208.6079940199852,graph,555.3931743809413,62.57034448425557,,2048,,,,,,,,,,,,,6414336,0.19949218403780833,0,,,,
35d71cfb8d9a,gdn_warm,gdn,flashinfer,warm,ok,,,,2026-09-22T00:22:09+00:00,,warm,,1,409.5360040664673,390.8703953027725,425.34718811511993,387.32799887657166,408.3142411708832,50,10,False,209.136001765728,,False,409.5360040664673,200.4000023007393,13052674048.0,115859456,,31.87185966165154,282.90420097275774,,19657.72819519043,0.06615120972171742,0.04451120343706082,0e6e08559dbe6eaf,11630473a039827ea1d1ee5d1fe37f174e2b87b7,False,sha256:c2914767605584b6d8f45686b82de173ecc99e781897aa3d0a66dacd72c51ae1,fd68bfc8b9be9964,209.136001765728,graph,553.9909677042816,62.41237251260772,,2048,,,,,,,,,,,,,6414336,0.19996875198557973,1024,,,,
c3d409c9bfb1,gdn_warm,gdn,flashinfer,warm,ok,,,,2026-09-22T00:22:09+00:00,,warm,,1,410.67200899124146,392.9535895586014,428.3743917942047,385.76000928878784,409.8515224456787,50,10,False,209.16800200939178,,False,410.67200899124146,201.50400698184967,13052674048.0,115859456,,31.7836954119714,282.1216286072007,,19712.25643157959,0.06596822159888864,0.04438807611110467,0e6e08559dbe6eaf,11630473a039827ea1d1ee5d1fe37f174e2b87b7,False,sha256:c2914767605584b6d8f45686b82de173ecc99e781897aa3d0a66dacd72c51ae1,fd68bfc8b9be9964,209.16800200939178,graph,553.9062136033494,62.402824153829826,,2048,,,,,,,,,,,,,6414336,0.20052344189025462,65536,,,,
5bcc7f67d6a1,gdn_warm,gdn,flashinfer,warm,ok,,,,2026-09-22T00:22:09+00:00,,warm,,8,867.8559958934784,865.7344281673431,871.0143804550171,864.799976348877,869.920642375946,50,10,False,851.2479960918427,,False,867.8559958934784,16.607999801635742,104421392384.0,926875648,,120.32110497375281,1068.0062733746047,,41657.08780288696,0.24973085140194362,0.16803654503105772,0e6e08559dbe6eaf,11630473a039827ea1d1ee5d1fe37f174e2b87b7,False,sha256:c2914767605584b6d8f45686b82de173ecc99e781897aa3d0a66dacd72c51ae1,fd68bfc8b9be9964,851.2479960918427,graph,1088.8432657173596,122.66859113138375,,2048,,,,,,,,,,,,,51314688,0.05296972631185781,0,,,,
7f903a2349af,gdn_warm,gdn,flashinfer,warm,ok,,,,2026-09-22T00:22:09+00:00,,warm,,8,866.4959967136383,863.9360070228577,868.4544146060944,861.9199991226196,867.7606415748596,50,10,False,852.512001991272,,False,866.4959967136383,13.983994722366333,104421392384.0,926875648,,120.50995362937543,1069.68255077388,,41591.80784225464,0.2501228136895659,0.16830028492632804,0e6e08559dbe6eaf,11630473a039827ea1d1ee5d1fe37f174e2b87b7,False,sha256:c2914767605584b6d8f45686b82de173ecc99e781897aa3d0a66dacd72c51ae1,fd68bfc8b9be9964,852.512001991272,graph,1087.2288552360924,122.48671237483536,,2048,,,,,,,,,,,,,51314688,0.0528867185494164,1024,,,,
a942c875031f,gdn_warm,gdn,flashinfer,warm,ok,,,,2026-09-22T00:22:09+00:00,,warm,,8,866.67200922966,864.847993850708,868.7839806079865,863.8079762458801,868.1740808486938,50,10,False,850.5920171737671,,False,866.67200922966,16.079992055892944,104421392384.0,926875648,,120.4854792493123,1069.4653088240982,,41600.25644302368,0.2500720162191467,0.1682661048024962,0e6e08559dbe6eaf,11630473a039827ea1d1ee5d1fe37f174e2b87b7,False,sha256:c2914767605584b6d8f45686b82de173ecc99e781897aa3d0a66dacd72c51ae1,fd68bfc8b9be9964,850.5920171737671,graph,1089.6829846577893,122.76319348840985,,2048,,,,,,,,,,,,,51314688,0.05289746150083374,65536,,,,
46674c6db4f4,gdn_warm,gdn,flashinfer,warm,ok,,,,2026-09-22T00:22:09+00:00,,warm,,32,3680.591940879822,3678.048062324524,3683.788752555847,3675.328016281128,3683.098888397217,50,10,False,3671.0879802703857,,False,3680.591940879822,9.503960609436035,417685569536.0,3707502592,,113.48325928142825,1007.3115008543288,,176668.41316223145,0.23553865272763924,0.15848703195233085,0e6e08559dbe6eaf,11630473a039827ea1d1ee5d1fe37f174e2b87b7,False,sha256:c2914767605584b6d8f45686b82de173ecc99e781897aa3d0a66dacd72c51ae1,fd68bfc8b9be9964,3671.0879802703857,graph,1009.919296929226,113.77705241083225,,2048,,,,,,,,,,,,,205258752,0.05616137605102267,0,,,,
a9c9f0863950,gdn_warm,gdn,flashinfer,warm,ok,,,,2026-09-22T00:22:10+00:00,,warm,,32,3680.351972579956,3677.772855758667,3684.592032432556,3675.4560470581055,3683.301749229431,50,10,False,3670.064091682434,,False,3680.351972579956,10.287880897521973,417685569536.0,3707502592,,113.4906586782783,1007.3771801236205,,176656.8946838379,0.2355540104462675,0.15849736570950726,0e6e08559dbe6eaf,11630473a039827ea1d1ee5d1fe37f174e2b87b7,False,sha256:c2914767605584b6d8f45686b82de173ecc99e781897aa3d0a66dacd72c51ae1,fd68bfc8b9be9964,3670.064091682434,graph,1010.2010480967932,113.80879437027058,,2048,,,,,,,,,,,,,205258752,0.05615771442535333,1024,,,,
c9cfeaf2f9f5,gdn_warm,gdn,flashinfer,warm,ok,,,,2026-09-22T00:22:10+00:00,,warm,,32,3681.040048599243,3674.822473526001,3685.215997695923,3670.016050338745,3682.9100799560547,50,10,False,3663.1360054016113,,False,3681.040048599243,17.904043197631836,417685569536.0,3707502592,,113.46944451064668,1007.1888767987805,,176689.92233276367,0.2355099796659187,0.15846773869240746,0e6e08559dbe6eaf,11630473a039827ea1d1ee5d1fe37f174e2b87b7,False,sha256:c2914767605584b6d8f45686b82de173ecc99e781897aa3d0a66dacd72c51ae1,fd68bfc8b9be9964,3663.1360054016113,graph,1012.1116405541499,114.02404085463562,,2048,,,,,,,,,,,,,205258752,0.0561682136321906,65536,,,,
f83ddedbda80,gdn_warm,gdn,flashinfer,warm,ok,,,,2026-09-22T00:22:10+00:00,,warm,,1,623.2160031795502,621.1263835430145,627.2000074386597,619.1679835319519,625.27871966362,50,10,False,609.3760132789612,,False,623.2160031795502,13.83998990058899,49967267840.0,425383936,,80.17648389174035,682.5626008153802,,29914.36815261841,0.15960293837802378,0.11197187184114747,0e6e08559dbe6eaf,11630473a039827ea1d1ee5d1fe37f174e2b87b7,False,sha256:c2914767605584b6d8f45686b82de173ecc99e781897aa3d0a66dacd72c51ae1,fd68bfc8b9be9964,609.3760132789612,graph,698.0647855025876,81.99743139073297,,,,,,,,,,,,7840,0.0,,6414336,0.07949183714024875,1024,,,,
105d454b3d42,gdn_warm,gdn,flashinfer,warm,ok,,,,2026-09-22T00:22:11+00:00,,warm,,8,3386.1440420150757,3383.120036125183,3392.8767919540405,3380.3839683532715,3389.000310897827,50,10,False,3375.040054321289,,False,3386.1440420150757,11.103987693786621,399738142720.0,3403071488,,118.05113360804286,1004.9990330520172,,162534.91401672363,0.2349979306668164,0.16486637679085964,0e6e08559dbe6eaf,11630473a039827ea1d1ee5d1fe37f174e2b87b7,False,sha256:c2914767605584b6d8f45686b82de173ecc99e781897aa3d0a66dacd72c51ae1,fd68bfc8b9be9964,3375.040054321289,graph,1008.3055114095077,118.4395255422787,,,,,,,,,,,,7840,0.0,,51314688,0.05398826597600567,1024,,,,
39dc1b45ab44,gdn_warm,gdn,flashinfer,warm,ok,,,,2026-09-22T00:22:11+00:00,,warm,,1,410.3520065546036,391.49760007858276,428.61761450767517,387.6799941062927,411.4880007505417,50,10,False,339.4240140914917,,False,410.3520065546036,70.92799246311188,24983633920.0,215899136,,60.8834208702122,526.1315469436394,,19696.89631462097,0.12302481965063425,0.08502780700803897,0e6e08559dbe6eaf,11630473a039827ea1d1ee5d1fe37f174e2b87b7,False,sha256:c2914767605584b6d8f45686b82de173ecc99e781897aa3d0a66dacd72c51ae1,fd68bfc8b9be9964,339.4240140914917,graph,636.0750183745232,73.60597035796549,,,,,,,,,,,,7840,0.5,,6414336,0.10468163432515397,1024,,,,
caab12667875,gdn_warm,gdn,flashinfer,warm,ok,,,,2026-09-22T00:22:11+00:00,,warm,,8,1637.1519565582275,1634.8384141921997,1639.510428905487,1632.9280138015747,1638.945279121399,50,10,False,1623.968005180359,,False,1637.1519565582275,13.183951377868652,199869071360.0,1727193088,,122.08339644915019,1054.998640218508,,78583.29391479492,0.24668928939638335,0.17049770403494202,0e6e08559dbe6eaf,11630473a039827ea1d1ee5d1fe37f174e2b87b7,False,sha256:c2914767605584b6d8f45686b82de173ecc99e781897aa3d0a66dacd72c51ae1,fd68bfc8b9be9964,1623.968005180359,graph,1063.563495395451,123.0745129968262,,,,,,,,,,,,7840,0.5,,51314688,0.052205100655555725,1024,,,,
252e926b5d55,gdn_warm,gdn,flashinfer,warm,ok,,,,2026-09-22T00:22:11+00:00,,warm,,1,403.85599434375763,387.48160898685455,418.7071919441223,383.8079869747162,404.32255923748016,50,10,False,124.9920018017292,,False,403.85599434375763,278.8639925420284,4996726784.0,48311296,,12.372545793505898,119.62505615028206,,19385.087728500366,0.02797180865522583,0.01727909537427208,0e6e08559dbe6eaf,11630473a039827ea1d1ee5d1fe37f174e2b87b7,False,sha256:c2914767605584b6d8f45686b82de173ecc99e781897aa3d0a66dacd72c51ae1,fd68bfc8b9be9964,124.9920018017292,graph,386.515099395197,39.976372183606976,,,,,,,,,,,,7840,0.9,,6414336,0.515122441764997,1024,,,,
61a9e81e7cb7,gdn_warm,gdn,flashinfer,warm,ok,,,,2026-09-22T00:22:11+00:00,,warm,,8,435.5839937925339,417.02078878879547,454.5600086450577,410.68801283836365,438.01855862140656,50,10,False,374.01600182056427,,False,435.5839937925339,61.567991971969604,39973814272.0,386490368,,91.77062252438802,887.2924017131886,,20908.031702041626,0.2074747053892903,0.12816386907111157,0e6e08559dbe6eaf,11630473a039827ea1d1ee5d1fe37f174e2b87b7,False,sha256:c2914767605584b6d8f45686b82de173ecc99e781897aa3d0a66dacd72c51ae1,fd68bfc8b9be9964,374.01600182056427,graph,1033.3524932588857,106.87728353178215,,,,,,,,,,,,7840,0.9,,51314688,0.06944897860212594,1024,,,,
18001061f47f,gdn_warm,gdn,flashinfer,warm,ok,,,,2026-09-22T00:22:11+00:00,,warm,,1,401.6159921884537,383.817595243454,421.14559412002563,381.44001364707947,401.06176018714905,50,10,False,125.35999715328217,,False,401.6159921884537,276.2559950351715,4996726784.0,48311296,,12.44155332752622,120.29226161225792,,19277.567625045776,0.028127820649006333,0.017375469053689484,0e6e08559dbe6eaf,11630473a039827ea1d1ee5d1fe37f174e2b87b7,False,sha256:c2914767605584b6d8f45686b82de173ecc99e781897aa3d0a66dacd72c51ae1,fd68bfc8b9be9964,125.35999715328217,graph,385.38048099130094,39.859021198686875,,,,,,,,,,,,7840,0.99,,6414336,0.512265296158742,1024,,,,
3344ea0e45df,gdn_warm,gdn,flashinfer,warm,ok,,,,2026-09-22T00:22:11+00:00,,warm,,8,437.855988740921,419.0943956375122,456.576007604599,416.8959856033325,441.4879983663559,50,10,False,373.6959993839264,,False,437.855988740921,64.15998935699463,39973814272.0,386490368,,91.29443310104517,882.6883220471057,,21017.08745956421,0.20639813799114173,0.12749883839759574,0e6e08559dbe6eaf,11630473a039827ea1d1ee5d1fe37f174e2b87b7,False,sha256:c2914767605584b6d8f45686b82de173ecc99e781897aa3d0a66dacd72c51ae1,fd68bfc8b9be9964,373.6959993839264,graph,1034.2373711176099,106.96880442365094,,,,,,,,,,,,7840,0.99,,51314688,0.06981122269466215,1024,,,,
99651af22ed3,gdn_warm,gdn,flashinfer,warm,ok,,,,2026-09-22T00:22:12+00:00,,warm,,1,1168.4799790382385,1165.724778175354,1171.6095447540283,1162.3040437698364,1170.224003791809,50,10,False,1154.7839641571045,,False,1168.4799790382385,13.696014881134033,99934535680.0,844353536,,85.52524431120753,722.6084752388971,,56087.03899383545,0.16896682561748802,0.11944177681984759,0e6e08559dbe6eaf,11630473a039827ea1d1ee5d1fe37f174e2b87b7,False,sha256:c2914767605584b6d8f45686b82de173ecc99e781897aa3d0a66dacd72c51ae1,fd68bfc8b9be9964,1154.7839641571045,graph,731.1787851300026,86.53959422872992,,,,,,,,,,,,15680,0.0,,6414336,0.07452040682641828,1024,,,,
32a84ea2633b,gdn_warm,gdn,flashinfer,warm,ok,,,,2026-09-22T00:22:12+00:00,,warm,,8,6645.136117935181,6638.134384155273,6654.070281982422,6636.0321044921875,6648.796186447144,50,10,False,6635.999917984009,,False,6645.136117935181,9.136199951171875,799476285440.0,6754828288,,120.30999384380081,1016.5071366662845,,318966.5336608887,0.23768885916158258,0.16802102758805443,0e6e08559dbe6eaf,11630473a039827ea1d1ee5d1fe37f174e2b87b7,False,sha256:c2914767605584b6d8f45686b82de173ecc99e781897aa3d0a66dacd72c51ae1,fd68bfc8b9be9964,6635.999917984009,graph,1017.906626203228,120.47563220628818,,,,,,,,,,,,15680,0.0,,51314688,0.052974618287110815,1024,,,,
bf5d9ddbee02,gdn_warm,gdn,flashinfer,warm,ok,,,,2026-09-22T00:22:12+00:00,,warm,,1,625.7279813289642,622.3167717456818,638.5087847709656,620.3200221061707,628.8095998764038,50,10,False,608.0640256404877,,False,625.7279813289642,17.663955688476562,49967267840.0,425383936,,79.8546162725152,679.8224607065521,,30034.943103790283,0.15896221412443298,0.11152236198413806,0e6e08559dbe6eaf,11630473a039827ea1d1ee5d1fe37f174e2b87b7,False,sha256:c2914767605584b6d8f45686b82de173ecc99e781897aa3d0a66dacd72c51ae1,fd68bfc8b9be9964,608.0640256404877,graph,699.5709630280026,82.17435291845845,,,,,,,,,,,,15680,0.5,,6414336,0.07981224251644951,1024,,,,
8cdbead2612b,gdn_warm,gdn,flashinfer,warm,ok,,,,2026-09-22T00:22:13+00:00,,warm,,8,3385.6799602508545,3382.4928998947144,3389.4047260284424,3380.703926086426,3388.322558403015,50,10,False,3373.871922492981,,False,3385.6799602508545,11.808037757873535,399738142720.0,3403071488,,118.06731510747468,1005.1367902321923,,162512.63809204102,0.23503014229211253,0.16488897534710242,0e6e08559dbe6eaf,11630473a039827ea1d1ee5d1fe37f174e2b87b7,False,sha256:c2914767605584b6d8f45686b82de173ecc99e781897aa3d0a66dacd72c51ae1,fd68bfc8b9be9964,3373.871922492981,graph,1008.6546158768953,118.48053272414393,,,,,,,,,,,,15680,0.5,,51314688,0.053980866713183265,1024,,,,
cab8b6b39630,gdn_warm,gdn,flashinfer,warm,ok,,,,2026-09-22T00:22:13+00:00,,warm,,1,413.05600106716156,390.33281207084656,430.3871959447861,387.07199692726135,411.2345618009567,50,10,False,185.87200343608856,,False,413.05600106716156,227.183997631073,9993453568.0,90208256,,24.193943538360788,218.39231427927479,,19826.688051223755,0.05106645901271256,0.03378847529491591,0e6e08559dbe6eaf,11630473a039827ea1d1ee5d1fe37f174e2b87b7,False,sha256:c2914767605584b6d8f45686b82de173ecc99e781897aa3d0a66dacd72c51ae1,fd68bfc8b9be9964,185.87200343608856,graph,485.3246015127706,53.76524373363315,,,,,,,,,,,,15680,0.9,,6414336,0.26342857210915915,1024,,,,
639e9abb738f,gdn_warm,gdn,flashinfer,warm,ok,,,,2026-09-22T00:22:13+00:00,,warm,,8,682.5279891490936,680.7520091533661,684.8991930484772,678.8480281829834,684.3359959125519,50,10,False,671.5680062770844,,False,682.5279891490936,10.959982872009277,79947628544.0,721666048,,117.1345788231638,1057.3427895604686,,32761.343479156494,0.24723741952031178,0.16358634616434273,0e6e08559dbe6eaf,11630473a039827ea1d1ee5d1fe37f174e2b87b7,False,sha256:c2914767605584b6d8f45686b82de173ecc99e781897aa3d0a66dacd72c51ae1,fd68bfc8b9be9964,671.5680062770844,graph,1074.5986128800864,119.04621393028982,,,,,,,,,,,,15680,0.9,,51314688,0.05441071342068667,1024,,,,
18478fd1a604,gdn_warm,gdn,flashinfer,warm,ok,,,,2026-09-22T00:22:13+00:00,,warm,,1,401.69599652290344,385.9423965215683,428.0864030122757,380.44801354408264,410.6150418519974,50,10,False,125.5360022187233,,False,401.69599652290344,276.15999430418015,4996726784.0,48311296,,12.4390753884825,120.26830343888042,,19281.407833099365,0.028122218533003125,0.017372008444548677,0e6e08559dbe6eaf,11630473a039827ea1d1ee5d1fe37f174e2b87b7,False,sha256:c2914767605584b6d8f45686b82de173ecc99e781897aa3d0a66dacd72c51ae1,fd68bfc8b9be9964,125.5360022187233,graph,384.8401665350669,39.803137710998044,,,,,,,,,,,,15680,0.99,,6414336,0.5123673425037034,1024,,,,
f313478f2257,gdn_warm,gdn,flashinfer,warm,ok,,,,2026-09-22T00:22:13+00:00,,warm,,8,435.08800864219666,419.1744029521942,460.1471871137619,413.88800740242004,441.0195219516754,50,10,False,372.99199402332306,,False,435.08800864219666,62.096014618873596,39973814272.0,386490368,,91.87523783233766,888.303884094949,,20884.22441482544,0.20771121931497818,0.12830997141042313,0e6e08559dbe6eaf,11630473a039827ea1d1ee5d1fe37f174e2b87b7,False,sha256:c2914767605584b6d8f45686b82de173ecc99e781897aa3d0a66dacd72c51ae1,fd68bfc8b9be9964,372.99199402332306,graph,1036.1894469397992,107.17070315857892,,,,,,,,,,,,15680,0.99,,51314688,0.06936989933708493,1024,,,,
9b4c0e2e5c03,gdn_warm,gdn,flashinfer,warm,ok,,,,2026-09-22T00:22:13+00:00,,warm,,1,2278.5120010375977,2275.379252433777,2283.174467086792,2273.087978363037,2280.967688560486,50,10,False,2260.192036628723,,False,2278.5120010375977,18.31996440887451,199869071360.0,1682292736,,87.71912163244383,738.3295480708073,,109368.57604980469,0.17264286854077507,0.1225056745904254,0e6e08559dbe6eaf,11630473a039827ea1d1ee5d1fe37f174e2b87b7,False,sha256:c2914767605584b6d8f45686b82de173ecc99e781897aa3d0a66dacd72c51ae1,fd68bfc8b9be9964,2260.192036628723,graph,744.3140709889806,88.43012811341573,,,,,,,,,,,,31360,0.0,,6414336,0.07265663268614789,1024,,,,
2c47f545cfd4,gdn_warm,gdn,flashinfer,warm,ok,,,,2026-09-22T00:22:14+00:00,,warm,,1,1168.895959854126,1165.2928471565247,1172.0351815223694,1161.344051361084,1170.1222443580627,50,10,False,1153.439998626709,,False,1168.895959854126,15.455961227416992,99934535680.0,844353536,,85.49480801736321,722.3513169686823,,56107.00607299805,0.16890669455331095,0.11939927048097825,0e6e08559dbe6eaf,11630473a039827ea1d1ee5d1fe37f174e2b87b7,False,sha256:c2914767605584b6d8f45686b82de173ecc99e781897aa3d0a66dacd72c51ae1,fd68bfc8b9be9964,1153.439998626709,graph,732.030740225145,86.64042845660158,,,,,,,,,,,,31360,0.5,,6414336,0.0745469362151866,1024,,,,
bd8dc49bfdb6,gdn_warm,gdn,flashinfer,warm,ok,,,,2026-09-22T00:22:14+00:00,,warm,,8,6643.104076385498,6638.012981414795,6649.942493438721,6635.712146759033,6646.961297988892,50,10,False,6641.7601108551025,,False,6643.104076385498,1.3439655303955078,799476285440.0,6754828288,,120.3467951498652,1016.8180733479176,,318868.9956665039,0.23776156517855285,0.1680724230961412,0e6e08559dbe6eaf,11630473a039827ea1d1ee5d1fe37f174e2b87b7,False,sha256:c2914767605584b6d8f45686b82de173ecc99e781897aa3d0a66dacd72c51ae1,fd68bfc8b9be9964,6641.7601108551025,graph,1017.0238273074788,120.37114742120224,,,,,,,,,,,,31360,0.5,,51314688,0.052958418976287454,1024,,,,
5d87d26d3677,gdn_warm,gdn,flashinfer,warm,ok,,,,2026-09-22T00:22:14+00:00,,warm,,1,411.1519902944565,391.89440310001373,428.358393907547,385.5679929256439,412.2559994459152,50,10,False,307.0880025625229,,False,411.1519902944565,104.0639877319336,19986907136.0,174002176,,48.61196736925898,423.2064543221209,,19735.29553413391,0.09895794696291162,0.06788989384426543,0e6e08559dbe6eaf,11630473a039827ea1d1ee5d1fe37f174e2b87b7,False,sha256:c2914767605584b6d8f45686b82de173ecc99e781897aa3d0a66dacd72c51ae1,fd68bfc8b9be9964,307.0880025625229,graph,566.6199087819242,65.0852751303128,,,,,,,,,,,,31360,0.9,,6414336,0.1311071397622629,1024,,,,
2871d99ca3a8,gdn_warm,gdn,flashinfer,warm,ok,,,,2026-09-22T00:22:15+00:00,,warm,,8,1298.9599704742432,1297.2928166389465,1302.351975440979,1295.0079441070557,1300.931830406189,50,10,False,1289.8560166358948,,False,1298.9599704742432,9.103953838348389,159895257088.0,1392017408,,123.09483026611136,1071.6399578439527,,62350.07858276367,0.2505805122502727,0.1719102396343018,0e6e08559dbe6eaf,11630473a039827ea1d1ee5d1fe37f174e2b87b7,False,sha256:c2914767605584b6d8f45686b82de173ecc99e781897aa3d0a66dacd72c51ae1,fd68bfc8b9be9964,1289.8560166358948,graph,1079.2037173502163,123.96364790003985,,,,,,,,,,,,31360,0.9,,51314688,0.05177614678229604,1024,,,,
ded3b8c18265,gdn_warm,gdn,flashinfer,warm,ok,,,,2026-09-22T00:22:15+00:00,,warm,,1,401.90400183200836,387.1648132801056,421.6736137866974,380.19201159477234,401.71456038951874,50,10,False,125.04000216722488,,False,401.90400183200836,276.8639996647835,4996726784.0,48311296,,12.432637548328218,120.2060586104679,,19291.3920879364,0.028107663886291444,0.017363017566205067,0e6e08559dbe6eaf,11630473a039827ea1d1ee5d1fe37f174e2b87b7,False,sha256:c2914767605584b6d8f45686b82de173ecc99e781897aa3d0a66dacd72c51ae1,fd68bfc8b9be9964,125.04000216722488,graph,386.36672394958754,39.9610260508275,,,,,,,,,,,,31360,0.99,,6414336,0.5126326553979699,1024,,,,
8e17beecc175,gdn_warm,gdn,flashinfer,warm,ok,,,,2026-09-22T00:22:15+00:00,,warm,,8,438.31999599933624,424.7776001691818,462.8416121006012,415.9039855003357,445.31327962875366,50,10,False,374.4960129261017,,False,438.31999599933624,63.82398307323456,39973814272.0,386490368,,91.19778845786568,881.7539047444809,,21039.35980796814,0.20617964411674541,0.12736386762967283,0e6e08559dbe6eaf,11630473a039827ea1d1ee5d1fe37f174e2b87b7,False,sha256:c2914767605584b6d8f45686b82de173ecc99e781897aa3d0a66dacd72c51ae1,fd68bfc8b9be9964,374.4960129261017,graph,1032.0279913801517,106.74029333361135,,,,,,,,,,,,31360,0.99,,51314688,0.06988520344377172,1024,,,,
4852da165fe9,gdn_warm,gdn,flashinfer,warm,ok,,,,2026-09-22T00:22:15+00:00,,warm,,1,4685.343980789185,4681.020832061768,4691.996765136719,4672.287940979004,4688.897304534912,50,10,False,4668.864011764526,,False,4685.343980789185,16.479969024658203,399738142720.0,3358171136,,85.31671193385237,716.7395072313049,,224896.51107788086,0.16759449062852236,0.11915054727848395,0e6e08559dbe6eaf,11630473a039827ea1d1ee5d1fe37f174e2b87b7,False,sha256:c2914767605584b6d8f45686b82de173ecc99e781897aa3d0a66dacd72c51ae1,fd68bfc8b9be9964,4668.864011764526,graph,719.2694256114842,85.61785944348486,,,,,,,,,,,,62720,0.0,,6414336,0.07470255071411327,1024,,,,
e966a915eb78,gdn_warm,gdn,flashinfer,warm,ok,,,,2026-09-22T00:22:16+00:00,,warm,,1,2279.9999713897705,2276.5663862228394,2286.4768981933594,2271.967887878418,2282.7398347854614,50,10,False,2260.4960203170776,,False,2279.9999713897705,19.50395107269287,199869071360.0,1682292736,,87.66187450352034,737.8477004868388,,109439.99862670898,0.17253019859642146,0.12242572511057855,0e6e08559dbe6eaf,11630473a039827ea1d1ee5d1fe37f174e2b87b7,False,sha256:c2914767605584b6d8f45686b82de173ecc99e781897aa3d0a66dacd72c51ae1,fd68bfc8b9be9964,2260.4960203170776,graph,744.213978206441,88.41823633556523,,,,,,,,,,,,62720,0.5,,6414336,0.07270408072033707,1024,,,,
27d8d495c7d3,gdn_warm,gdn,flashinfer,warm,ok,,,,2026-09-22T00:22:16+00:00,,warm,,1,532.1439802646637,529.2159914970398,534.9856078624725,527.9679894447327,534.3596804141998,50,10,False,517.2959864139557,,False,532.1439802646637,14.847993850708008,39973814272.0,341590016,,75.11841861317097,641.9127692285629,,25542.911052703857,0.1500978284319506,0.10490794224926282,0e6e08559dbe6eaf,11630473a039827ea1d1ee5d1fe37f174e2b87b7,False,sha256:c2914767605584b6d8f45686b82de173ecc99e781897aa3d0a66dacd72c51ae1,fd68bfc8b9be9964,517.2959864139557,graph,660.3376499554927,77.27454942983408,,,,,,,,,,,,62720,0.9,,6414336,0.08484438460852418,1024,,,,
731d88869d98,gdn_warm,gdn,flashinfer,warm,ok,,,,2026-09-22T00:22:16+00:00,,warm,,1,403.439998626709,385.1456105709076,424.5856136083603,383.10399651527405,402.84864127635956,50,10,False,125.91999769210815,,False,403.439998626709,277.52000093460083,4996726784.0,48311296,,12.385303393338852,119.74840413555773,,19365.11993408203,0.028000650992719107,0.017296912223604424,0e6e08559dbe6eaf,11630473a039827ea1d1ee5d1fe37f174e2b87b7,False,sha256:c2914767605584b6d8f45686b82de173ecc99e781897aa3d0a66dacd72c51ae1,fd68bfc8b9be9964,125.91999769210815,graph,383.6665889887309,39.68175727113409,,,,,,,,,,,,62720,0.99,,6414336,0.5145918349830472,1024,,,,
07f787f3dae5,gdn_warm,gdn,flashinfer,warm,ok,,,,2026-09-22T00:22:17+00:00,,warm,,1,9224.448204040527,9213.977909088135,9238.630104064941,9190.239906311035,9228.447341918945,50,10,False,9202.04782485962,,False,9224.448204040527,22.400379180908203,799476285440.0,6709927936,,86.66928012992803,727.4069719488361,,442773.5137939453,0.17008885336086083,0.12103950006558661,0e6e08559dbe6eaf,11630473a039827ea1d1ee5d1fe37f174e2b87b7,False,sha256:c2914767605584b6d8f45686b82de173ecc99e781897aa3d0a66dacd72c51ae1,fd68bfc8b9be9964,9202.04782485962,graph,729.1776856313352,86.88025759659602,,,,,,,,,,,,125440,0.0,,6414336,0.07353673632047614,1024,,,,
82b76ba11584,gdn_warm,gdn,flashinfer,warm,ok,,,,2026-09-22T00:22:18+00:00,,warm,,1,4684.351921081543,4678.896141052246,4690.755224227905,4674.71981048584,4687.230052947998,50,10,False,4669.360160827637,,False,4684.351921081543,14.99176025390625,399738142720.0,3358171136,,85.33478044657815,716.891299495844,,224848.89221191406,0.1676299840637246,0.11917578117616924,0e6e08559dbe6eaf,11630473a039827ea1d1ee5d1fe37f174e2b87b7,False,sha256:c2914767605584b6d8f45686b82de173ecc99e781897aa3d0a66dacd72c51ae1,fd68bfc8b9be9964,4669.360160827637,graph,719.1929986837359,85.60876200416013,,,,,,,,,,,,125440,0.5,,6414336,0.07468673343561133,1024,,,,
93ff5bf709e5,gdn_warm,gdn,flashinfer,warm,ok,,,,2026-09-22T00:22:18+00:00,,warm,,1,956.7359983921051,952.7807772159576,959.9648058414459,951.0400295257568,957.9846394062042,50,10,False,940.3200149536133,,False,956.7359983921051,16.41598343849182,79947628544.0,676765696,,83.56289371191254,707.3693235515079,,45923.327922821045,0.16540346983914586,0.11670122174501606,0e6e08559dbe6eaf,11630473a039827ea1d1ee5d1fe37f174e2b87b7,False,sha256:c2914767605584b6d8f45686b82de173ecc99e781897aa3d0a66dacd72c51ae1,fd68bfc8b9be9964,940.3200149536133,graph,719.7184843857497,85.0217237457653,,,,,,,,,,,,125440,0.9,,6414336,0.0762704080350849,1024,,,,
634c33d8e900,gdn_warm,gdn,flashinfer,warm,ok,,,,2026-09-22T00:22:18+00:00,,warm,,1,412.9120111465454,390.8224046230316,444.51840817928314,382.9439878463745,416.20416074991226,100,10,False,186.0639974474907,,False,412.9120111465454,226.84801369905472,9993453568.0,90208256,,24.20238040606005,218.4684716473032,,19819.77653503418,0.05108426681481299,0.03380025795016477,0e6e08559dbe6eaf,11630473a039827ea1d1ee5d1fe37f174e2b87b7,False,sha256:c2914767605584b6d8f45686b82de173ecc99e781897aa3d0a66dacd72c51ae1,fd68bfc8b9be9964,186.0639974474907,graph,484.82380921358936,53.70976494697886,,,,,,,,,,,,125440,0.99,,6414336,0.26333674180264377,1024,,,,
558fb4e5a72d,gdn_warm,gdn,triton,warm,ok,,,,2026-09-22T00:22:18+00:00,,warm,,1,535.7919931411743,511.13279461860657,562.5728189945221,501.3440251350403,536.2521600723267,50,10,False,52.51200124621391,,False,535.7919931411743,483.2799918949604,407896064.0,9834496,,0.7612955572714665,18.35506339380614,,25718.015670776367,0.004291946333225397,0.0010632006348287525,0e6e08559dbe6eaf,11630473a039827ea1d1ee5d1fe37f174e2b87b7,False,sha256:c2914767605584b6d8f45686b82de173ecc99e781897aa3d0a66dacd72c51ae1,fd68bfc8b9be9964,52.51200124621391,graph,187.28092181992517,7.767673185554115,,64,,,,,,,,,,,,,6414336,8.371749892830849,0,,,,
130d40021c6a,gdn_warm,gdn,triton,warm,ok,,,,2026-09-22T00:22:18+00:00,,warm,,1,532.6719880104065,509.75677371025085,555.0368189811707,501.21599435806274,532.8371179103851,50,10,False,53.39200049638748,,False,532.6719880104065,479.279987514019,407896064.0,9834496,,0.76575467300907,18.462574006816123,,25568.25542449951,0.004317085433613725,0.0010694280909562869,0e6e08559dbe6eaf,11630473a039827ea1d1ee5d1fe37f174e2b87b7,False,sha256:c2914767605584b6d8f45686b82de173ecc99e781897aa3d0a66dacd72c51ae1,fd68bfc8b9be9964,53.39200049638748,graph,184.19418468250512,7.639647516627484,,64,,,,,,,,,,,,,6414336,8.322999812662601,1024,,,,
c3d9bbbdce79,gdn_warm,gdn,triton,warm,ok,,,,2026-09-22T00:22:18+00:00,,warm,,1,529.2640030384064,510.38079857826233,548.3423948287964,504.4800043106079,531.0028851032257,50,10,False,52.89600044488907,,False,529.2640030384064,476.3680025935173,407896064.0,9834496,,0.7706854455590111,18.581456406522992,,25404.672145843506,0.004344883587646749,0.0010763142476601074,0e6e08559dbe6eaf,11630473a039827ea1d1ee5d1fe37f174e2b87b7,False,sha256:c2914767605584b6d8f45686b82de173ecc99e781897aa3d0a66dacd72c51ae1,fd68bfc8b9be9964,52.89600044488907,graph,185.92135354820064,7.711283661700964,,64,,,,,,,,,,,,,6414336,8.2697500474751,65536,,,,
61f4138ccc9a,gdn_warm,gdn,triton,warm,ok,,,,2026-09-22T00:22:18+00:00,,warm,,8,536.8639826774597,518.7839925289154,559.1551780700684,505.66399097442627,538.6259198188782,50,10,False,152.73599326610565,,False,536.8639826774597,384.12798941135406,3263168512.0,78675968,,6.0782034505757965,146.54730162307686,,25769.471168518066,0.034267010707110176,0.008488621410627941,0e6e08559dbe6eaf,11630473a039827ea1d1ee5d1fe37f174e2b87b7,False,sha256:c2914767605584b6d8f45686b82de173ecc99e781897aa3d0a66dacd72c51ae1,fd68bfc8b9be9964,152.73599326610565,graph,515.1108544724365,21.364764403075018,,64,,,,,,,,,,,,,51314688,1.0485624661669135,0,,,,
7663b97e90e7,gdn_warm,gdn,triton,warm,ok,,,,2026-09-22T00:22:18+00:00,,warm,,8,540.6560003757477,516.3616240024567,556.9344222545624,508.4480047225952,539.4707214832306,50,10,False,153.26400101184845,,False,540.6560003757477,387.39199936389923,3263168512.0,78675968,,6.0355725447089235,145.51945774267077,,25951.48801803589,0.03402667098836392,0.008429084472906365,0e6e08559dbe6eaf,11630473a039827ea1d1ee5d1fe37f174e2b87b7,False,sha256:c2914767605584b6d8f45686b82de173ecc99e781897aa3d0a66dacd72c51ae1,fd68bfc8b9be9964,153.26400101184845,graph,513.3362530051513,21.291160940968343,,64,,,,,,,,,,,,,51314688,1.0559687507338822,1024,,,,
247c2c4a96b2,gdn_warm,gdn,triton,warm,ok,,,,2026-09-22T00:22:18+00:00,,warm,,8,547.104001045227,525.5711793899536,560.665625333786,513.2799744606018,544.6784007549286,50,10,False,153.20000052452087,,False,547.104001045227,393.9040005207062,3263168512.0,78675968,,5.964439129974935,143.8044098556979,,26260.9920501709,0.033625643035919854,0.008329741857570775,0e6e08559dbe6eaf,11630473a039827ea1d1ee5d1fe37f174e2b87b7,False,sha256:c2914767605584b6d8f45686b82de173ecc99e781897aa3d0a66dacd72c51ae1,fd68bfc8b9be9964,153.20000052452087,graph,513.5507032025583,21.30005548843131,,64,,,,,,,,,,,,,51314688,1.068562502041459,65536,,,,
cd7dd6496dd7,gdn_warm,gdn,triton,warm,ok,,,,2026-09-22T00:22:18+00:00,,warm,,32,567.1840012073517,547.3503828048706,581.1296045780182,536.8959903717041,566.2246382236481,50,10,False,508.432000875473,,False,567.1840012073517,58.75200033187866,13052674048.0,314703872,,23.013120998150633,554.8532245798489,,27224.83205795288,0.12974078114692683,0.0321393769094332,0e6e08559dbe6eaf,11630473a039827ea1d1ee5d1fe37f174e2b87b7,False,sha256:c2914767605584b6d8f45686b82de173ecc99e781897aa3d0a66dacd72c51ae1,fd68bfc8b9be9964,508.432000875473,graph,618.9694422422447,25.672408553207703,,64,,,,,,,,,,,,,205258752,0.2769453130895272,0,,,,
2ff194ff8659,gdn_warm,gdn,triton,warm,ok,,,,2026-09-22T00:22:18+00:00,,warm,,32,562.7679824829102,546.0960149765015,584.1216266155243,532.1919918060303,565.6768023967743,50,10,False,508.30399990081787,,False,562.7679824829102,54.463982582092285,13052674048.0,314703872,,23.193704073945565,559.2071365032867,,27012.863159179688,0.1307588520690513,0.032391573364529594,0e6e08559dbe6eaf,11630473a039827ea1d1ee5d1fe37f174e2b87b7,False,sha256:c2914767605584b6d8f45686b82de173ecc99e781897aa3d0a66dacd72c51ae1,fd68bfc8b9be9964,508.30399990081787,graph,619.1253109584151,25.678873372129445,,64,,,,,,,,,,,,,205258752,0.2747890539467335,1024,,,,
2b50b3da61cc,gdn_warm,gdn,triton,warm,ok,,,,2026-09-22T00:22:18+00:00,,warm,,32,558.5120022296906,541.8144047260284,576.9568145275116,530.5600166320801,561.9123244285583,50,10,False,508.7840259075165,,False,558.5120022296906,49.72797632217407,13052674048.0,314703872,,23.37044503232006,563.4684138275271,,26808.576107025146,0.13175526233439538,0.032638404043297105,0e6e08559dbe6eaf,11630473a039827ea1d1ee5d1fe37f174e2b87b7,False,sha256:c2914767605584b6d8f45686b82de173ecc99e781897aa3d0a66dacd72c51ae1,fd68bfc8b9be9964,508.7840259075165,graph,618.5411804913955,25.654645946711845,,64,,,,,,,,,,,,,205258752,0.2727109385887161,65536,,,,
b32072544857,gdn_warm,gdn,triton,warm,ok,,,,2026-09-22T00:22:18+00:00,,warm,,1,550.3680109977722,530.3679823875427,569.8336243629456,517.5999999046326,551.152001619339,50,10,False,117.98399686813354,,False,550.3680109977722,432.3840141296387,3263168512.0,33775616,,5.929066455159962,61.36914814283549,,26417.664527893066,0.014349887259647939,0.008280341529459494,0e6e08559dbe6eaf,11630473a039827ea1d1ee5d1fe37f174e2b87b7,False,sha256:c2914767605584b6d8f45686b82de173ecc99e781897aa3d0a66dacd72c51ae1,fd68bfc8b9be9964,117.98399686813354,graph,286.27285815507497,27.657721374256592,,512,,,,,,,,,,,,,6414336,1.0749375214800239,0,,,,
b88fdc92e778,gdn_warm,gdn,triton,warm,ok,,,,2026-09-22T00:22:18+00:00,,warm,,1,547.8399991989136,526.8224239349365,564.8991823196411,520.799994468689,547.4015986919403,50,10,False,117.2959990799427,,False,547.8399991989136,430.54400011897087,3263168512.0,33775616,,5.956426176934164,61.65233653875009,,26296.31996154785,0.01441610492239204,0.00831855122775765,0e6e08559dbe6eaf,11630473a039827ea1d1ee5d1fe37f174e2b87b7,False,sha256:c2914767605584b6d8f45686b82de173ecc99e781897aa3d0a66dacd72c51ae1,fd68bfc8b9be9964,117.2959990799427,graph,287.9519869810763,27.81994729228572,,512,,,,,,,,,,,,,6414336,1.069999998435378,1024,,,,
d9c9b6367ccd,gdn_warm,gdn,triton,warm,ok,,,,2026-09-22T00:22:18+00:00,,warm,,1,545.2160239219666,519.8784172534943,562.0640099048615,515.4560208320618,544.2963254451752,50,10,False,117.34399944543839,,False,545.2160239219666,427.87202447652817,3263168512.0,33775616,,5.985092823440269,61.949052335325526,,26170.369148254395,0.014485485683863653,0.00835858613466416,0e6e08559dbe6eaf,11630473a039827ea1d1ee5d1fe37f174e2b87b7,False,sha256:c2914767605584b6d8f45686b82de173ecc99e781897aa3d0a66dacd72c51ae1,fd68bfc8b9be9964,117.34399944543839,graph,287.83419825148115,27.80856735258355,,512,,,,,,,,,,,,,6414336,1.064875046722591,65536,,,,
95659ce6f470,gdn_warm,gdn,triton,warm,ok,,,,2026-09-22T00:22:19+00:00,,warm,,8,674.1280257701874,671.923178434372,676.6400218009949,670.304000377655,677.4156856536865,50,10,False,654.992014169693,,False,674.1280257701874,19.136011600494385,26105348096.0,270204928,,38.724614758709656,400.8213835810971,,32358.145236968994,0.09372366799450725,0.0540815385059152,0e6e08559dbe6eaf,11630473a039827ea1d1ee5d1fe37f174e2b87b7,False,sha256:c2914767605584b6d8f45686b82de173ecc99e781897aa3d0a66dacd72c51ae1,fd68bfc8b9be9964,654.992014169693,graph,412.53163726359,39.85597920471245,,512,,,,,,,,,,,,,51314688,0.16458203754154965,0,,,,
18f380e141e1,gdn_warm,gdn,triton,warm,ok,,,,2026-09-22T00:22:19+00:00,,warm,,8,673.4560132026672,670.8800256252289,676.5312016010284,667.4240231513977,676.53440117836,50,10,False,654.992014169693,,False,673.4560132026672,18.463999032974243,26105348096.0,270204928,,38.76325637342548,401.22134586789355,,32325.888633728027,0.09381719078074964,0.05413550412925854,0e6e08559dbe6eaf,11630473a039827ea1d1ee5d1fe37f174e2b87b7,False,sha256:c2914767605584b6d8f45686b82de173ecc99e781897aa3d0a66dacd72c51ae1,fd68bfc8b9be9964,654.992014169693,graph,412.53163726359,39.85597920471245,,512,,,,,,,,,,,,,51314688,0.16441797197330743,1024,,,,
93e38fb15c36,gdn_warm,gdn,triton,warm,ok,,,,2026-09-22T00:22:19+00:00,,warm,,8,672.5920140743256,670.7647979259491,674.6591746807098,667.6160097122192,675.7087993621826,50,10,False,655.135989189148,,False,672.5920140743256,17.456024885177612,26105348096.0,270204928,,38.8130509279511,401.73674730866,,32284.416675567627,0.09393770659027732,0.05420504558589387,0e6e08559dbe6eaf,11630473a039827ea1d1ee5d1fe37f174e2b87b7,False,sha256:c2914767605584b6d8f45686b82de173ecc99e781897aa3d0a66dacd72c51ae1,fd68bfc8b9be9964,655.135989189148,graph,412.4409778409954,39.8472203127021,,512,,,,,,,,,,,,,51314688,0.16420703468611464,65536,,,,
da82c8e411bb,gdn_warm,gdn,triton,warm,ok,,,,2026-09-22T00:22:19+00:00,,warm,,32,2553.2000064849854,2549.1167545318604,2557.420802116394,2546.8480587005615,2555.2947330474854,50,10,False,2526.4480113983154,,False,2553.2000064849854,26.751995086669922,104421392384.0,1080819712,,40.89824225237956,423.3196417259825,,122553.6003112793,0.09898441346169444,0.05711715602538932,0e6e08559dbe6eaf,11630473a039827ea1d1ee5d1fe37f174e2b87b7,False,sha256:c2914767605584b6d8f45686b82de173ecc99e781897aa3d0a66dacd72c51ae1,fd68bfc8b9be9964,2526.4480113983154,graph,427.80207909435586,41.33130462724456,,512,,,,,,,,,,,,,205258752,0.1558349613333121,0,,,,
0b5a3028f646,gdn_warm,gdn,triton,warm,ok,,,,2026-09-22T00:22:19+00:00,,warm,,32,2551.0560274124146,2548.1536149978638,2554.2336463928223,2546.7519760131836,2553.228144645691,50,10,False,2525.823950767517,,False,2551.0560274124146,25.23207664489746,104421392384.0,1080819712,,40.93261428284531,423.675411431985,,122450.6893157959,0.09906760274044493,0.05716515888612124,0e6e08559dbe6eaf,11630473a039827ea1d1ee5d1fe37f174e2b87b7,False,sha256:c2914767605584b6d8f45686b82de173ecc99e781897aa3d0a66dacd72c51ae1,fd68bfc8b9be9964,2525.823950767517,graph,427.9077770529389,41.34151643952448,,512,,,,,,,,,,,,,205258752,0.155704103235621,1024,,,,
ae4c620d119d,gdn_warm,gdn,triton,warm,ok,,,,2026-09-22T00:22:20+00:00,,warm,,32,2549.872040748596,2546.8352556228638,2552.59211063385,2544.5759296417236,2551.868805885315,50,10,False,2525.887966156006,,False,2549.872040748596,23.984074592590332,104421392384.0,1080819712,,40.95162059714329,423.8721373966244,,122393.85795593262,0.09911360297833402,0.05719170248700576,0e6e08559dbe6eaf,11630473a039827ea1d1ee5d1fe37f174e2b87b7,False,sha256:c2914767605584b6d8f45686b82de173ecc99e781897aa3d0a66dacd72c51ae1,fd68bfc8b9be9964,2525.887966156006,graph,427.8969322795553,41.34046869185276,,512,,,,,,,,,,,,,205258752,0.15563183842459694,65536,,,,
9c3c39fff15e,gdn_warm,gdn,triton,warm,ok,,,,2026-09-22T00:22:20+00:00,,warm,,1,563.8720095157623,544.2335844039917,580.710381269455,525.4719853401184,563.6371219158173,50,10,False,367.21599102020264,,False,563.8720095157623,196.6560184955597,13052674048.0,115859456,,23.148292214769228,205.47119566991256,,27065.85645675659,0.04804512661811368,0.03232815263779098,0e6e08559dbe6eaf,11630473a039827ea1d1ee5d1fe37f174e2b87b7,False,sha256:c2914767605584b6d8f45686b82de173ecc99e781897aa3d0a66dacd72c51ae1,fd68bfc8b9be9964,367.21599102020264,graph,315.5076544409688,35.54495002174864,,2048,,,,,,,,,,,,,6414336,0.2753281296463683,0,,,,
2c8edba59501,gdn_warm,gdn,triton,warm,ok,,,,2026-09-22T00:22:20+00:00,,warm,,1,558.0480098724365,537.1199905872345,573.6063718795776,524.2879986763,558.7008011341095,50,10,False,366.4959967136383,,False,558.0480098724365,191.55201315879822,13052674048.0,115859456,,23.389876528694536,207.61557061458595,,26786.304473876953,0.04854654369215969,0.032665541439652154,0e6e08559dbe6eaf,11630473a039827ea1d1ee5d1fe37f174e2b87b7,False,sha256:c2914767605584b6d8f45686b82de173ecc99e781897aa3d0a66dacd72c51ae1,fd68bfc8b9be9964,366.4959967136383,graph,316.1274803515161,35.61477932922337,,2048,,,,,,,,,,,,,6414336,0.27248437982052565,1024,,,,
fc0fa3cdd0df,gdn_warm,gdn,triton,warm,ok,,,,2026-09-22T00:22:20+00:00,,warm,,1,552.6240170001984,536.8640005588531,573.8080203533173,527.5520086288452,555.848959684372,50,10,False,366.4639890193939,,False,552.6240170001984,186.16002798080444,13052674048.0,115859456,,23.61944766507554,209.6533129865009,,26525.95281600952,0.04902302697710164,0.0329861530281572,0e6e08559dbe6eaf,11630473a039827ea1d1ee5d1fe37f174e2b87b7,False,sha256:c2914767605584b6d8f45686b82de173ecc99e781897aa3d0a66dacd72c51ae1,fd68bfc8b9be9964,366.4639890193939,graph,316.15509155489906,35.61788999494089,,2048,,,,,,,,,,,,,6414336,0.2698359458008781,65536,,,,
8a8ba0b6de11,gdn_warm,gdn,triton,warm,ok,,,,2026-09-22T00:22:20+00:00,,warm,,8,2402.5120735168457,2399.2768049240112,2403.8848161697388,2397.7279663085938,2403.8694524765015,50,10,False,2378.7680864334106,,False,2402.5120735168457,23.74398708343506,104421392384.0,926875648,,43.46342044855819,385.79437673469033,,115320.5795288086,0.09020991783467112,0.060699600531437414,0e6e08559dbe6eaf,11630473a039827ea1d1ee5d1fe37f174e2b87b7,False,sha256:c2914767605584b6d8f45686b82de173ecc99e781897aa3d0a66dacd72c51ae1,fd68bfc8b9be9964,2378.7680864334106,graph,389.64523413869426,43.89725630654626,,2048,,,,,,,,,,,,,51314688,0.14663769979961216,0,,,,
262f7e0b61eb,gdn_warm,gdn,triton,warm,ok,,,,2026-09-22T00:22:21+00:00,,warm,,8,2403.0239582061768,2401.024103164673,2406.361484527588,2398.9439010620117,2405.402865409851,50,10,False,2377.4399757385254,,False,2403.0239582061768,25.583982467651367,104421392384.0,926875648,,43.45416200592069,385.712196016514,,115345.14999389648,0.09019070159855844,0.06068667049132922,0e6e08559dbe6eaf,11630473a039827ea1d1ee5d1fe37f174e2b87b7,False,sha256:c2914767605584b6d8f45686b82de173ecc99e781897aa3d0a66dacd72c51ae1,fd68bfc8b9be9964,2377.4399757385254,graph,389.862901885494,43.921778656709364,,2048,,,,,,,,,,,,,51314688,0.14666894276160747,1024,,,,
7e5a4087ff9e,gdn_warm,gdn,triton,warm,ok,,,,2026-09-22T00:22:21+00:00,,warm,,8,2401.6159772872925,2399.4399785995483,2404.207968711853,2396.0959911346436,2403.896322250366,50,10,False,2377.2000074386597,,False,2401.6159772872925,24.415969848632812,104421392384.0,926875648,,43.4796376154807,385.93832518008884,,115277.56690979004,0.09024357715739567,0.060722248899738596,0e6e08559dbe6eaf,11630473a039827ea1d1ee5d1fe37f174e2b87b7,False,sha256:c2914767605584b6d8f45686b82de173ecc99e781897aa3d0a66dacd72c51ae1,fd68bfc8b9be9964,2377.2000074386597,graph,389.90225689872534,43.926212374746704,,2048,,,,,,,,,,,,,51314688,0.14658300642622635,65536,,,,
27ad145c62bb,gdn_warm,gdn,triton,warm,ok,,,,2026-09-22T00:22:22+00:00,,warm,,32,10244.400024414062,10237.657356262207,10251.699256896973,10234.496116638184,10248.728942871094,50,10,False,10223.023891448975,,False,10244.400024414062,21.37613296508789,417685569536.0,3707502592,,40.77208704663892,361.9052929565833,,491731.201171875,0.0846239569842085,0.056940971764822865,0e6e08559dbe6eaf,11630473a039827ea1d1ee5d1fe37f174e2b87b7,False,sha256:c2914767605584b6d8f45686b82de173ecc99e781897aa3d0a66dacd72c51ae1,fd68bfc8b9be9964,10223.023891448975,graph,362.66202949023057,40.85734064315081,,2048,,,,,,,,,,,,,205258752,0.15631713904440403,0,,,,
3255661b2bfd,gdn_warm,gdn,triton,warm,ok,,,,2026-09-22T00:22:23+00:00,,warm,,32,10246.495723724365,10239.542388916016,10252.163124084473,10234.560012817383,10250.090255737305,50,10,False,10229.39157485962,,False,10246.495723724365,17.104148864746094,417685569536.0,3707502592,,40.76374799717195,361.8312730483831,,491831.79473876953,0.08460664898222728,0.05692932571933833,0e6e08559dbe6eaf,11630473a039827ea1d1ee5d1fe37f174e2b87b7,False,sha256:c2914767605584b6d8f45686b82de173ecc99e781897aa3d0a66dacd72c51ae1,fd68bfc8b9be9964,10229.39157485962,graph,362.43627637754975,40.8319073993149,,2048,,,,,,,,,,,,,205258752,0.15634911687811837,1024,,,,
218c28322d1a,gdn_warm,gdn,triton,warm,ok,,,,2026-09-22T00:22:25+00:00,,warm,,32,10250.144004821777,10242.91181564331,10259.77611541748,10241.408348083496,10255.431079864502,50,10,False,10235.264301300049,,False,10250.144004821777,14.879703521728516,417685569536.0,3707502592,,40.74923916576355,361.70248830220834,,492006.9122314453,0.08457653537230607,0.056909063156898955,0e6e08559dbe6eaf,11630473a039827ea1d1ee5d1fe37f174e2b87b7,False,sha256:c2914767605584b6d8f45686b82de173ecc99e781897aa3d0a66dacd72c51ae1,fd68bfc8b9be9964,10235.264301300049,graph,362.22831993982663,40.80847912085152,,2048,,,,,,,,,,,,,205258752,0.15640478522982448,65536,,,,
5910eaaa53ee,gdn_warm,gdn,triton,warm,ok,,,,2026-09-22T00:22:25+00:00,,warm,,1,1314.191997051239,1309.7824335098267,1320.1664447784424,1309.0239763259888,1316.972804069519,50,10,False,1296.992003917694,,False,1314.191997051239,17.199993133544922,49967267840.0,425383936,,38.0212845247237,323.6847712925273,,63081.21585845947,0.07568689017650888,0.053099290357839536,0e6e08559dbe6eaf,11630473a039827ea1d1ee5d1fe37f174e2b87b7,False,sha256:c2914767605584b6d8f45686b82de173ecc99e781897aa3d0a66dacd72c51ae1,fd68bfc8b9be9964,1296.992003917694,graph,327.97730033422357,38.52550184509147,,,,,,,,,,,,7840,0.0,,6414336,0.16762653023612742,1024,,,,
87b02407382c,gdn_warm,gdn,triton,warm,ok,,,,2026-09-22T00:22:26+00:00,,warm,,8,9667.952060699463,9662.460803985596,9674.348449707031,9657.82356262207,9672.344284057617,50,10,False,9652.560234069824,,False,9667.952060699463,15.391826629638672,399738142720.0,3403071488,,41.346723712558365,351.99507265179716,,464061.6989135742,0.08230665996452423,0.057743490657999025,0e6e08559dbe6eaf,11630473a039827ea1d1ee5d1fe37f174e2b87b7,False,sha256:c2914767605584b6d8f45686b82de173ecc99e781897aa3d0a66dacd72c51ae1,fd68bfc8b9be9964,9652.560234069824,graph,352.5563586734706,41.41265457314404,,,,,,,,,,,,7840,0.0,,51314688,0.15414464382492765,1024,,,,
77a79b6eb670,gdn_warm,gdn,triton,warm,ok,,,,2026-09-22T00:22:26+00:00,,warm,,1,694.2560076713562,690.6176149845123,701.4080166816711,685.696005821228,699.8540759086609,50,10,False,676.5919923782349,,False,694.2560076713562,17.664015293121338,24983633920.0,215899136,,35.98619766186689,310.9791397040404,,33324.2883682251,0.07271594489903735,0.05025715418108859,0e6e08559dbe6eaf,11630473a039827ea1d1ee5d1fe37f174e2b87b7,False,sha256:c2914767605584b6d8f45686b82de173ecc99e781897aa3d0a66dacd72c51ae1,fd68bfc8b9be9964,676.5919923782349,graph,319.0979769670493,36.925701458839335,,,,,,,,,,,,7840,0.5,,6414336,0.17710612440595822,1024,,,,
207ff98734ae,gdn_warm,gdn,triton,warm,ok,,,,2026-09-22T00:22:27+00:00,,warm,,8,4685.935974121094,4682.850980758667,4690.713787078857,4679.903984069824,4689.2620849609375,50,10,False,4675.024032592773,,False,4685.935974121094,10.911941528320312,199869071360.0,1727193088,,42.65296676348378,368.5908423714554,,224924.9267578125,0.08618723239661814,0.05956774725285175,0e6e08559dbe6eaf,11630473a039827ea1d1ee5d1fe37f174e2b87b7,False,sha256:c2914767605584b6d8f45686b82de173ecc99e781897aa3d0a66dacd72c51ae1,fd68bfc8b9be9964,4675.024032592773,graph,369.45116772845705,42.752522760648226,,,,,,,,,,,,7840,0.5,,51314688,0.1494239787666165,1024,,,,
6d012da1129b,gdn_warm,gdn,triton,warm,ok,,,,2026-09-22T00:22:27+00:00,,warm,,1,548.8639771938324,527.7375757694244,572.3136067390442,517.4720287322998,548.7065589427948,50,10,False,169.5679947733879,,False,548.8639771938324,379.2959824204445,4996726784.0,48311296,,9.10376157230555,88.02052604545183,,26345.470905303955,0.020581752615293502,0.012714017559350387,0e6e08559dbe6eaf,11630473a039827ea1d1ee5d1fe37f174e2b87b7,False,sha256:c2914767605584b6d8f45686b82de173ecc99e781897aa3d0a66dacd72c51ae1,fd68bfc8b9be9964,169.5679947733879,graph,284.90810464889694,29.467393246453543,,,,,,,,,,,,7840,0.9,,6414336,0.7000816035635617,1024,,,,
8ad579f7a9b8,gdn_warm,gdn,triton,warm,ok,,,,2026-09-22T00:22:27+00:00,,warm,,8,997.759997844696,996.2431967258453,1000.1311659812927,994.3040013313293,1000.0582361221313,50,10,False,979.5359969139099,,False,997.759997844696,18.224000930786133,39973814272.0,386490368,,40.06355672541407,387.35805086882056,,47892.47989654541,0.09057555021208935,0.05595146134390093,0e6e08559dbe6eaf,11630473a039827ea1d1ee5d1fe37f174e2b87b7,False,sha256:c2914767605584b6d8f45686b82de173ecc99e781897aa3d0a66dacd72c51ae1,fd68bfc8b9be9964,979.5359969139099,graph,394.5647420999967,40.8089283068106,,,,,,,,,,,,7840,0.9,,51314688,0.1590816323094222,1024,,,,
0a2fafcea965,gdn_warm,gdn,triton,warm,ok,,,,2026-09-22T00:22:27+00:00,,warm,,1,545.199990272522,524.9823808670044,567.7439749240875,517.7279710769653,546.8921601772308,50,10,False,170.19200325012207,,False,545.199990272522,375.0079870223999,4996726784.0,48311296,,9.164942907468417,88.6120632097797,,26169.599533081055,0.020720071165817294,0.012799461423777978,0e6e08559dbe6eaf,11630473a039827ea1d1ee5d1fe37f174e2b87b7,False,sha256:c2914767605584b6d8f45686b82de173ecc99e781897aa3d0a66dacd72c51ae1,fd68bfc8b9be9964,170.19200325012207,graph,283.86348992554883,29.359351136237457,,,,,,,,,,,,7840,0.99,,6414336,0.6954081508578086,1024,,,,
2a75c9b4e629,gdn_warm,gdn,triton,warm,ok,,,,2026-09-22T00:22:27+00:00,,warm,,8,997.5199997425079,994.6847796440125,999.6224164962769,993.8560128211975,999.2800009250641,50,10,False,979.1359901428223,,False,997.5199997425079,18.38400959968567,39973814272.0,386490368,,40.07319580792218,387.4512471928038,,47880.95998764038,0.09059734221642125,0.05596492297328246,0e6e08559dbe6eaf,11630473a039827ea1d1ee5d1fe37f174e2b87b7,False,sha256:c2914767605584b6d8f45686b82de173ecc99e781897aa3d0a66dacd72c51ae1,fd68bfc8b9be9964,979.1359901428223,graph,394.7259337731262,40.82559999267231,,,,,,,,,,,,7840,0.99,,51314688,0.15904336730588456,1024,,,,
c820e25910ac,gdn_warm,gdn,triton,warm,ok,,,,2026-09-22T00:22:28+00:00,,warm,,1,2560.464024543762,2552.207922935486,2572.144055366516,2550.431966781616,2563.230085372925,50,10,False,2541.360020637512,,False,2560.464024543762,19.10400390625,99934535680.0,844353536,,39.029853464864395,329.76582678229653,,122902.27317810059,0.07710881737182779,0.05450782496333413,0e6e08559dbe6eaf,11630473a039827ea1d1ee5d1fe37f174e2b87b7,False,sha256:c2914767605584b6d8f45686b82de173ecc99e781897aa3d0a66dacd72c51ae1,fd68bfc8b9be9964,2541.360020637512,graph,332.24475443986483,39.32325009776889,,,,,,,,,,,,15680,0.0,,6414336,0.16329489952447462,1024,,,,
45215a2ecbcd,gdn_warm,gdn,triton,warm,ok,,,,2026-09-22T00:22:30+00:00,,warm,,8,19234.75170135498,19223.0619430542,19257.3974609375,19217.76008605957,19241.974334716797,50,10,False,19219.343185424805,,False,19234.75170135498,15.408515930175781,799476285440.0,6754828288,,41.564159384687116,351.17834598947076,,923268.0816650391,0.08211568557623626,0.05804715425150568,0e6e08559dbe6eaf,11630473a039827ea1d1ee5d1fe37f174e2b87b7,False,sha256:c2914767605584b6d8f45686b82de173ecc99e781897aa3d0a66dacd72c51ae1,fd68bfc8b9be9964,19219.343185424805,graph,351.4598924027017,41.59748216818832,,,,,,,,,,,,15680,0.0,,51314688,0.15333826292534264,1024,,,,
1068b5167306,gdn_warm,gdn,triton,warm,ok,,,,2026-09-22T00:22:30+00:00,,warm,,1,1316.096007823944,1311.8111729621887,1360.5151653289795,1303.5199642181396,1325.596809387207,50,10,False,1297.1999645233154,,False,1316.096007823944,18.896043300628662,49967267840.0,425383936,,37.96627870835711,323.21649292389935,,63172.60837554932,0.07557739310836803,0.053022471022271846,0e6e08559dbe6eaf,11630473a039827ea1d1ee5d1fe37f174e2b87b7,False,sha256:c2914767605584b6d8f45686b82de173ecc99e781897aa3d0a66dacd72c51ae1,fd68bfc8b9be9964,1297.1999645233154,graph,327.92472065501227,38.51932562946189,,,,,,,,,,,,15680,0.5,,6414336,0.1678693887530541,1024,,,,
4d7d091fa51c,gdn_warm,gdn,triton,warm,ok,,,,2026-09-22T00:22:31+00:00,,warm,,8,9664.048194885254,9659.196949005127,9670.288276672363,9657.759666442871,9668.668746948242,50,10,False,9650.976181030273,,False,9664.048194885254,13.072013854980469,399738142720.0,3403071488,,41.363426036261224,352.13726374016767,,463874.3133544922,0.0823399083661917,0.0577668165804931,0e6e08559dbe6eaf,11630473a039827ea1d1ee5d1fe37f174e2b87b7,False,sha256:c2914767605584b6d8f45686b82de173ecc99e781897aa3d0a66dacd72c51ae1,fd68bfc8b9be9964,9650.976181030273,graph,352.6142251484359,41.41945179656704,,,,,,,,,,,,15680,0.5,,51314688,0.1540824010664103,1024,,,,
44a04fb24cfc,gdn_warm,gdn,triton,warm,ok,,,,2026-09-22T00:22:31+00:00,,warm,,1,554.720014333725,535.6639981269836,571.4111924171448,525.056004524231,554.9382412433624,50,10,False,295.53599655628204,,False,554.720014333725,259.18401777744293,9993453568.0,90208256,,18.01531098531419,162.61943623640346,,26626.5606880188,0.03802514205979455,0.02515959786350554,0e6e08559dbe6eaf,11630473a039827ea1d1ee5d1fe37f174e2b87b7,False,sha256:c2914767605584b6d8f45686b82de173ecc99e781897aa3d0a66dacd72c51ae1,fd68bfc8b9be9964,295.53599655628204,graph,305.2361033889173,33.81467464013928,,,,,,,,,,,,15680,0.9,,6414336,0.35377551934548784,1024,,,,
2a7d495e1d68,gdn_warm,gdn,triton,warm,ok,,,,2026-09-22T00:22:32+00:00,,warm,,8,1866.5600419044495,1864.9280190467834,1869.5552349090576,1862.3360395431519,1868.8460850715637,50,10,False,1846.2240099906921,,False,1866.5600419044495,20.336031913757324,79947628544.0,721666048,,42.83153327467008,386.6288958289736,,89594.88201141357,0.09040505260973948,0.05981712743934971,0e6e08559dbe6eaf,11630473a039827ea1d1ee5d1fe37f174e2b87b7,False,sha256:c2914767605584b6d8f45686b82de173ecc99e781897aa3d0a66dacd72c51ae1,fd68bfc8b9be9964,1846.2240099906921,graph,390.8875868230304,43.303319700843375,,,,,,,,,,,,15680,0.9,,51314688,0.1488010237487603,1024,,,,
90c70a39d484,gdn_warm,gdn,triton,warm,ok,,,,2026-09-22T00:22:32+00:00,,warm,,1,555.2639961242676,530.9151887893677,571.7888176441193,524.0319967269897,553.3638393878937,50,10,False,169.50400173664093,,False,555.2639961242676,385.75999438762665,4996726784.0,48311296,,8.998830860414254,87.00599415271286,,26652.671813964844,0.02034452562546733,0.01256747473714385,0e6e08559dbe6eaf,11630473a039827ea1d1ee5d1fe37f174e2b87b7,False,sha256:c2914767605584b6d8f45686b82de173ecc99e781897aa3d0a66dacd72c51ae1,fd68bfc8b9be9964,169.50400173664093,graph,285.0156663266361,29.478518104625255,,,,,,,,,,,,15680,0.99,,6414336,0.7082448930156474,1024,,,,
5f412a77dd6d,gdn_warm,gdn,triton,warm,ok,,,,2026-09-22T00:22:32+00:00,,warm,,8,998.304009437561,995.0944125652313,1000.4672408103943,994.4319725036621,1000.239999294281,50,10,False,979.4880151748657,,False,998.304009437561,18.815994262695312,39973814272.0,386490368,,40.041724659125656,387.1469655999344,,47918.59245300293,0.09052619235227942,0.0559209713896174,0e6e08559dbe6eaf,11630473a039827ea1d1ee5d1fe37f174e2b87b7,False,sha256:c2914767605584b6d8f45686b82de173ecc99e781897aa3d0a66dacd72c51ae1,fd68bfc8b9be9964,979.4880151748657,graph,394.58407046563076,40.81092739543482,,,,,,,,,,,,15680,0.99,,51314688,0.15916836885165195,1024,,,,
6dae9dbd04a3,gdn_warm,gdn,triton,warm,ok,,,,2026-09-22T00:22:33+00:00,,warm,,1,5214.432001113892,5206.966304779053,5224.153518676758,5200.255870819092,5218.539524078369,50,10,False,5193.584203720093,,False,5214.432001113892,20.847797393798828,199869071360.0,1682292736,,38.32997943348471,322.62243244146885,,250292.7360534668,0.07543848453286607,0.053530403635499296,0e6e08559dbe6eaf,11630473a039827ea1d1ee5d1fe37f174e2b87b7,False,sha256:c2914767605584b6d8f45686b82de173ecc99e781897aa3d0a66dacd72c51ae1,fd68bfc8b9be9964,5193.584203720093,graph,323.91748549970504,38.48384150907509,,,,,,,,,,,,31360,0.0,,6414336,0.1662765306477644,1024,,,,
a7e935cf22c3,gdn_warm,gdn,triton,warm,ok,,,,2026-09-22T00:22:33+00:00,,warm,,1,2558.2879781723022,2552.623963356018,2563.180732727051,2547.9679107666016,2560.2924728393555,50,10,False,2540.39990901947,,False,2558.2879781723022,17.88806915283203,99934535680.0,844353536,,39.063051748926036,330.04632129148536,,122797.82295227051,0.07717440512570115,0.0545541886079823,0e6e08559dbe6eaf,11630473a039827ea1d1ee5d1fe37f174e2b87b7,False,sha256:c2914767605584b6d8f45686b82de173ecc99e781897aa3d0a66dacd72c51ae1,fd68bfc8b9be9964,2540.39990901947,graph,332.37032209070543,39.33811181664394,,,,,,,,,,,,31360,0.5,,6414336,0.16315612105690702,1024,,,,
80448fd353cb,gdn_warm,gdn,triton,warm,ok,,,,2026-09-22T00:22:35+00:00,,warm,,8,19238.63983154297,19221.02108001709,19257.914352416992,19214.01596069336,19243.368225097656,50,10,False,19212.8324508667,,False,19238.63983154297,25.80738067626953,799476285440.0,6754828288,,41.55575926574643,351.10737282606806,,923454.7119140625,0.08209908999157996,0.05803542291837879,0e6e08559dbe6eaf,11630473a039827ea1d1ee5d1fe37f174e2b87b7,False,sha256:c2914767605584b6d8f45686b82de173ecc99e781897aa3d0a66dacd72c51ae1,fd68bfc8b9be9964,19212.8324508667,graph,351.5789931169304,41.611578484563076,,,,,,,,,,,,31360,0.5,,51314688,0.1533692588611525,1024,,,,
e671f3e4c26a,gdn_warm,gdn,triton,warm,ok,,,,2026-09-22T00:22:35+00:00,,warm,,1,577.5839984416962,561.4688098430634,583.3984136581421,558.9759945869446,578.6150407791138,50,10,False,543.8719987869263,,False,577.5839984416962,33.7119996547699,19986907136.0,174002176,,34.60432974238216,301.2586506368814,,27724.031925201416,0.07044301254713771,0.04832728235245035,0e6e08559dbe6eaf,11630473a039827ea1d1ee5d1fe37f174e2b87b7,False,sha256:c2914767605584b6d8f45686b82de173ecc99e781897aa3d0a66dacd72c51ae1,fd68bfc8b9be9964,543.8719987869263,graph,319.932220059318,36.7492850902043,,,,,,,,,,,,31360,0.9,,6414336,0.18417857093166332,1024,,,,
3c23476fc5a3,gdn_warm,gdn,triton,warm,ok,,,,2026-09-22T00:22:36+00:00,,warm,,8,3693.21608543396,3690.4767274856567,3696.6081142425537,3686.2399578094482,3695.8867359161377,50,10,False,3679.6480417251587,,False,3693.21608543396,13.56804370880127,159895257088.0,1392017408,,43.294314058315386,376.911985597083,,177274.37210083008,0.08813295709335373,0.0604634320424157,0e6e08559dbe6eaf,11630473a039827ea1d1ee5d1fe37f174e2b87b7,False,sha256:c2914767605584b6d8f45686b82de173ecc99e781897aa3d0a66dacd72c51ae1,fd68bfc8b9be9964,3679.6480417251587,graph,378.3017810984361,43.45395409421686,,,,,,,,,,,,31360,0.9,,51314688,0.14721046258904497,1024,,,,
73fa77c5c341,gdn_warm,gdn,triton,warm,ok,,,,2026-09-22T00:22:36+00:00,,warm,,1,550.464004278183,525.4239797592163,567.2800242900848,522.0800042152405,548.827520608902,50,10,False,169.64799910783768,,False,550.464004278183,380.8160051703453,4996726784.0,48311296,,9.077299778306395,87.76467784364947,,26422.272205352783,0.02052192788311859,0.012677061877802154,0e6e08559dbe6eaf,11630473a039827ea1d1ee5d1fe37f174e2b87b7,False,sha256:c2914767605584b6d8f45686b82de173ecc99e781897aa3d0a66dacd72c51ae1,fd68bfc8b9be9964,169.64799910783768,graph,284.77374477780114,29.453496712471118,,,,,,,,,,,,31360,0.99,,6414336,0.7021224544364579,1024,,,,
143183c171f4,gdn_warm,gdn,triton,warm,ok,,,,2026-09-22T00:22:36+00:00,,warm,,8,999.2960095405579,997.6000249385834,1001.0719656944275,996.1280226707458,1002.0051229000092,50,10,False,979.4719815254211,,False,999.2960095405579,19.82402801513672,39973814272.0,386490368,,40.001975280956636,386.7626452122981,,47966.20845794678,0.0904363270958589,0.05586545869983524,0e6e08559dbe6eaf,11630473a039827ea1d1ee5d1fe37f174e2b87b7,False,sha256:c2914767605584b6d8f45686b82de173ecc99e781897aa3d0a66dacd72c51ae1,fd68bfc8b9be9964,979.4719815254211,graph,394.59052968323124,40.8115954575292,,,,,,,,,,,,31360,0.99,,51314688,0.15932653213337977,1024,,,,
8adead933892,gdn_warm,gdn,triton,warm,ok,,,,2026-09-22T00:22:37+00:00,,warm,,1,10767.855644226074,10743.465900421143,10792.937755584717,10732.6078414917,10772.901763916016,50,10,False,10747.215747833252,,False,10767.855644226074,20.639896392822266,399738142720.0,3358171136,,37.12328210253702,311.86999965036813,,516857.07092285156,0.07292425379985809,0.05184516935814719,0e6e08559dbe6eaf,11630473a039827ea1d1ee5d1fe37f174e2b87b7,False,sha256:c2914767605584b6d8f45686b82de173ecc99e781897aa3d0a66dacd72c51ae1,fd68bfc8b9be9964,10747.215747833252,graph,312.46894217016546,37.19457691175422,,,,,,,,,,,,62720,0.0,,6414336,0.1716813718786045,1024,,,,
529eee09c22b,gdn_warm,gdn,triton,warm,ok,,,,2026-09-22T00:22:38+00:00,,warm,,1,5217.759847640991,5208.147144317627,5226.921653747559,5197.6637840271,5220.936965942383,50,10,False,5192.208051681519,,False,5217.759847640991,25.551795959472656,199869071360.0,1682292736,,38.30553287161407,322.41666637083415,,250452.47268676758,0.07539037045592636,0.053496262361651066,0e6e08559dbe6eaf,11630473a039827ea1d1ee5d1fe37f174e2b87b7,False,sha256:c2914767605584b6d8f45686b82de173ecc99e781897aa3d0a66dacd72c51ae1,fd68bfc8b9be9964,5192.208051681519,graph,324.0033371650395,38.494041334740345,,,,,,,,,,,,62720,0.5,,6414336,0.16638264820283774,1024,,,,
f0e0be43aa75,gdn_warm,gdn,triton,warm,ok,,,,2026-09-22T00:22:38+00:00,,warm,,1,1064.9120211601257,1060.3871703147888,1069.500756263733,1056.5760135650635,1067.4099230766296,50,10,False,1047.5839972496033,,False,1064.9120211601257,17.32802391052246,39973814272.0,341590016,,37.53719882742251,320.76829748608577,,51115.777015686035,0.07500493398867417,0.05242323200472529,0e6e08559dbe6eaf,11630473a039827ea1d1ee5d1fe37f174e2b87b7,False,sha256:c2914767605584b6d8f45686b82de173ecc99e781897aa3d0a66dacd72c51ae1,fd68bfc8b9be9964,1047.5839972496033,graph,326.0741066079982,38.15809937623133,,,,,,,,,,,,62720,0.9,,6414336,0.169788268679867,1024,,,,
e7d84680a0ab,gdn_warm,gdn,triton,warm,ok,,,,2026-09-22T00:22:38+00:00,,warm,,1,546.4960038661957,530.3967773914337,568.2207882404327,520.1280117034912,548.0473601818085,50,10,False,169.16800290346146,,False,546.4960038661957,377.3280009627342,4996726784.0,48311296,,9.143208273529117,88.40191997420088,,26231.808185577393,0.020670933580724617,0.012769107540346877,0e6e08559dbe6eaf,11630473a039827ea1d1ee5d1fe37f174e2b87b7,False,sha256:c2914767605584b6d8f45686b82de173ecc99e781897aa3d0a66dacd72c51ae1,fd68bfc8b9be9964,169.16800290346146,graph,285.581759971297,29.537067874776923,,,,,,,,,,,,62720,0.99,,6414336,0.697061229421168,1024,,,,
f5da60e5d611,gdn_warm,gdn,triton,warm,ok,,,,2026-09-22T00:22:41+00:00,,warm,,1,21479.84027862549,21439.045906066895,21531.27040863037,21413.5684967041,21485.975761413574,50,10,False,21470.56007385254,,False,21479.84027862549,9.280204772949219,799476285440.0,6709927936,,37.219843121252445,312.38258054819084,,1031032.3333740234,0.07304411008461677,0.05198002333886121,0e6e08559dbe6eaf,11630473a039827ea1d1ee5d1fe37f174e2b87b7,False,sha256:c2914767605584b6d8f45686b82de173ecc99e781897aa3d0a66dacd72c51ae1,fd68bfc8b9be9964,21470.56007385254,graph,312.51760144680816,37.23593062733492,,,,,,,,,,,,125440,0.0,,6414336,0.17123597160894044,1024,,,,
78d35050a0f4,gdn_warm,gdn,triton,warm,ok,,,,2026-09-22T00:22:42+00:00,,warm,,1,10765.727996826172,10745.990467071533,10796.352005004883,10742.176055908203,10771.121234893799,50,10,False,10755.680084228516,,False,10765.727996826172,10.04791259765625,399738142720.0,3358171136,,37.130618833937305,311.93163499858235,,516754.94384765625,0.07293866593241734,0.051855415598792955,0e6e08559dbe6eaf,11630473a039827ea1d1ee5d1fe37f174e2b87b7,False,sha256:c2914767605584b6d8f45686b82de173ecc99e781897aa3d0a66dacd72c51ae1,fd68bfc8b9be9964,10755.680084228516,graph,312.22304026355533,37.16530610706357,,,,,,,,,,,,125440,0.5,,6414336,0.1716474489289887,1024,,,,
5e16aa4e55a0,gdn_warm,gdn,triton,warm,ok,,,,2026-09-22T00:22:43+00:00,,warm,,1,2057.4079751968384,2051.433539390564,2063.548755645752,2049.6959686279297,2059.9430418014526,50,10,False,2039.0560626983643,,False,2057.4079751968384,18.35191249847412,79947628544.0,676765696,,38.85842259182998,328.9409315793343,,98755.58280944824,0.07691593294175582,0.0542684101771863,0e6e08559dbe6eaf,11630473a039827ea1d1ee5d1fe37f174e2b87b7,False,sha256:c2914767605584b6d8f45686b82de173ecc99e781897aa3d0a66dacd72c51ae1,fd68bfc8b9be9964,2039.0560626983643,graph,331.90146577157316,39.208156169184534,,,,,,,,,,,,125440,0.9,,6414336,0.1640153041451561,1024,,,,
a50ede200157,gdn_warm,gdn,triton,warm,ok,,,,2026-09-22T00:22:43+00:00,,warm,,1,560.3359937667847,539.961588382721,577.4976074695587,525.3120064735413,558.8582408428192,50,10,False,295.0560003519058,,False,560.3359937667847,265.27999341487885,9993453568.0,90208256,,17.834752147225686,160.98957947282116,,26896.127700805664,0.03764403426353926,0.024907435258002264,0e6e08559dbe6eaf,11630473a039827ea1d1ee5d1fe37f174e2b87b7,False,sha256:c2914767605584b6d8f45686b82de173ecc99e781897aa3d0a66dacd72c51ae1,fd68bfc8b9be9964,295.0560003519058,graph,305.7326605539657,33.869684250044266,,,,,,,,,,,,125440,0.99,,6414336,0.357357138881878,1024,,,,
f0109da39528,ops_elementwise,ops,engine,ops,ok,,,,2026-09-22T17:57:35+00:00,,,1,,10.255999863147736,9.977599699050188,11.318400222808135,9.600000455975533,10.736639993265271,100,10,False,7.648000027984381,,False,10.255999863147736,2.607999835163355,0.0,20480.0,,0.0,1.9968799018406334,,20.51199972629547,0.0004669284539484885,0.0,f64663495a1b4254,5fe3095cfb8a3825d1ed13d9fa8f996433463941,False,sha256:c2914767605584b6d8f45686b82de173ecc99e781897aa3d0a66dacd72c51ae1,e7e78d6c68a0e800,7.648000027984381,graph,2.6778242579841463,,,,,,,,,,,,,,,,,10.255999863147736,,rms_norm,10240.0,2,bf16
7473c4922f1e,ops_elementwise,ops,engine,ops,ok,,,,2026-09-22T17:57:35+00:00,,,8,,10.208000428974628,10.076800361275673,11.379199661314487,9.920000098645687,10.73216000571847,50,10,False,7.440000073984265,,False,10.208000428974628,2.768000354990363,0.0,163840.0,,0.0,16.05015606533016,,20.416000857949257,0.003752992130527572,0.0,f64663495a1b4254,5fe3095cfb8a3825d1ed13d9fa8f996433463941,False,sha256:c2914767605584b6d8f45686b82de173ecc99e781897aa3d0a66dacd72c51ae1,e7e78d6c68a0e800,7.440000073984265,graph,22.021505157359563,,,,,,,,,,,,,,,,,1.2760000536218286,,rms_norm,10240.0,2,bf16
051d126d2ae7,ops_elementwise,ops,engine,ops,ok,,,,2026-09-22T17:57:35+00:00,,,32,,10.208000428974628,10.080000385642052,10.832000337541103,9.920000098645687,10.553600024431944,50,10,False,7.679999805986881,,False,10.208000428974628,2.528000622987747,0.0,655360.0,,0.0,64.20062426132064,,20.416000857949257,0.015011968522110288,0.0,f64663495a1b4254,5fe3095cfb8a3825d1ed13d9fa8f996433463941,False,sha256:c2914767605584b6d8f45686b82de173ecc99e781897aa3d0a66dacd72c51ae1,e7e78d6c68a0e800,7.679999805986881,graph,85.33333548903471,,,,,,,,,,,,,,,,,0.31900001340545714,,rms_norm,10240.0,2,bf16
50429c78f7fc,ops_elementwise,ops,engine,ops,ok,,,,2026-09-22T17:57:35+00:00,,,64,,10.224000085145235,10.048000141978264,11.04640020057559,9.920000098645687,10.976640023291111,50,10,False,7.727999938651919,,False,10.224000085145235,2.4960001464933157,0.0,1310720.0,,0.0,128.20031192139618,,20.44800017029047,0.029976952237335316,0.0,f64663495a1b4254,5fe3095cfb8a3825d1ed13d9fa8f996433463941,False,sha256:c2914767605584b6d8f45686b82de173ecc99e781897aa3d0a66dacd72c51ae1,e7e78d6c68a0e800,7.727999938651919,graph,169.6066266052072,,,,,,,,,,,,,,,,,0.1597500013303943,,rms_norm,10240.0,2,bf16
f9c85dc6fb74,ops_elementwise,ops,engine,ops,ok,,,,2026-09-22T17:57:35+00:00,,,256,,10.623999871313572,10.428800247609615,11.315200291574001,10.304000228643417,11.168639957904816,50,10,False,7.663999916985631,,False,10.623999871313572,2.959999954327941,0.0,5242880.0,,0.0,493.49398188121035,,21.247999742627144,0.115393210067506,0.0,f64663495a1b4254,5fe3095cfb8a3825d1ed13d9fa8f996433463941,False,sha256:c2914767605584b6d8f45686b82de173ecc99e781897aa3d0a66dacd72c51ae1,e7e78d6c68a0e800,7.663999916985631,graph,684.0918654474758,,,,,,,,,,,,,,,,,0.04149999949731864,,rms_norm,10240.0,2,bf16
74fbf2ac11cc,ops_elementwise,ops,engine,ops,ok,,,,2026-09-22T17:57:35+00:00,,,784,,10.639999993145466,10.432000271975994,11.792000196874142,10.33599954098463,11.546240039169788,50,10,False,7.679999805986881,,False,10.639999993145466,2.9600001871585846,0.0,16056320.0,,0.0,1509.052632551114,,21.27999998629093,0.3528602856859352,0.0,f64663495a1b4254,5fe3095cfb8a3825d1ed13d9fa8f996433463941,False,sha256:c2914767605584b6d8f45686b82de173ecc99e781897aa3d0a66dacd72c51ae1,e7e78d6c68a0e800,7.679999805986881,graph,2090.6667194813504,,,,,,,,,,,,,,,,,0.013571428562685544,,rms_norm,10240.0,2,bf16
fc71774f95f4,ops_elementwise,ops,engine,ops,ok,,,,2026-09-22T17:57:35+00:00,,,2048,,14.527999795973301,13.852800242602825,15.692799724638464,12.896000407636166,15.055999979376793,50,10,False,12.240000069141388,,False,14.527999795973301,2.287999726831913,0.0,41943040.0,,0.0,2887.048498694588,,29.055999591946602,0.6750756972050257,0.0,f64663495a1b4254,5fe3095cfb8a3825d1ed13d9fa8f996433463941,False,sha256:c2914767605584b6d8f45686b82de173ecc99e781897aa3d0a66dacd72c51ae1,e7e78d6c68a0e800,12.240000069141388,graph,3426.7189348914953,,,,,,,,,,,,,,,,,0.007093749900377588,,rms_norm,10240.0,2,bf16
5e7ca034157e,ops_elementwise,ops,engine,ops,ok,,,,2026-09-22T17:57:35+00:00,,,8192,,49.0880012512207,48.16000163555145,50.147201493382454,48.06400090456009,49.208319932222366,50,10,False,49.2320004850626,,False,49.0880012512207,-0.14399923384189606,0.0,167772160.0,,0.0,3417.7834852428,,98.1760025024414,0.7991769345888582,0.0,f64663495a1b4254,5fe3095cfb8a3825d1ed13d9fa8f996433463941,False,sha256:c2914767605584b6d8f45686b82de173ecc99e781897aa3d0a66dacd72c51ae1,e7e78d6c68a0e800,49.2320004850626,graph,3407.7867717543486,,,,,,,,,,,,,,,,,0.005992187652736902,,rms_norm,10240.0,2,bf16
80dceab26805,ops_elementwise,ops,engine,ops,ok,,,,2026-09-22T17:57:35+00:00,,,1,,10.383999906480312,10.17600018531084,11.36320009827614,9.79200005531311,10.958079993724823,50,10,False,7.679999805986881,,False,10.383999906480312,2.704000100493431,0.0,40960.0,,0.0,3.944530081749926,,1318.7679881229997,0.0009223455706710744,0.0,f64663495a1b4254,5fe3095cfb8a3825d1ed13d9fa8f996433463941,False,sha256:c2914767605584b6d8f45686b82de173ecc99e781897aa3d0a66dacd72c51ae1,e7e78d6c68a0e800,7.679999805986881,graph,5.333333468064669,,,,,,,,,,,,,,,,,10.383999906480312,,fused_add_rms_norm,10240.0,127,bf16
c1a9c1a81a06,ops_elementwise,ops,engine,ops,ok,,,,2026-09-22T17:57:35+00:00,,,8,,10.528000071644783,10.26879996061325,11.142400000244379,10.015999898314476,10.847999975085258,50,10,False,7.74399982765317,,False,10.528000071644783,2.7840002439916134,0.0,327680.0,,0.0,31.124619848982082,,1337.0560090988874,0.007277839099098453,0.0,f64663495a1b4254,5fe3095cfb8a3825d1ed13d9fa8f996433463941,False,sha256:c2914767605584b6d8f45686b82de173ecc99e781897aa3d0a66dacd72c51ae1,e7e78d6c68a0e800,7.74399982765317,graph,42.31405052849852,,,,,,,,,,,,,,,,,1.3160000089555979,,fused_add_rms_norm,10240.0,127,bf16
7f2661789501,ops_elementwise,ops,engine,ops,ok,,,,2026-09-22T17:57:35+00:00,,,32,,10.591999627649784,10.304000228643417,11.43040033057332,9.983999654650688,10.883840043097734,50,10,False,7.679999805986881,,False,10.591999627649784,2.911999821662903,0.0,1310720.0,,0.0,123.74622791511845,,1345.1839527115226,0.028935458176079582,0.0,f64663495a1b4254,5fe3095cfb8a3825d1ed13d9fa8f996433463941,False,sha256:c2914767605584b6d8f45686b82de173ecc99e781897aa3d0a66dacd72c51ae1,e7e78d6c68a0e800,7.679999805986881,graph,170.66667097806942,,,,,,,,,,,,,,,,,0.33099998836405575,,fused_add_rms_norm,10240.0,127,bf16
ea9f0b8b101f,ops_elementwise,ops,engine,ops,ok,,,,2026-09-22T17:57:35+00:00,,,64,,10.495999827980995,10.27199998497963,11.10719982534647,10.111999697983265,11.339519936591387,50,10,False,7.712000049650669,,False,10.495999827980995,2.783999778330326,0.0,2621440.0,,0.0,249.75610165422984,,1332.9919781535864,0.0584002224180421,0.0,f64663495a1b4254,5fe3095cfb8a3825d1ed13d9fa8f996433463941,False,sha256:c2914767605584b6d8f45686b82de173ecc99e781897aa3d0a66dacd72c51ae1,e7e78d6c68a0e800,7.712000049650669,graph,339.9170102597112,,,,,,,,,,,,,,,,,0.16399999731220305,,fused_add_rms_norm,10240.0,127,bf16
05ffce175516,ops_elementwise,ops,engine,ops,ok,,,,2026-09-22T17:57:35+00:00,,,256,,10.735999792814255,10.460799653083086,11.276800092309713,10.27199998497963,11.439999919384718,50,10,False,7.679999805986881,,False,10.735999792814255,3.0559999868273735,0.0,10485760.0,,0.0,976.6915240645084,,1363.4719736874104,0.22837881381633027,0.0,f64663495a1b4254,5fe3095cfb8a3825d1ed13d9fa8f996433463941,False,sha256:c2914767605584b6d8f45686b82de173ecc99e781897aa3d0a66dacd72c51ae1,e7e78d6c68a0e800,7.679999805986881,graph,1365.3333678245554,,,,,,,,,,,,,,,,,0.04193749919068068,,fused_add_rms_norm,10240.0,127,bf16
3fa2dc85008d,ops_elementwise,ops,engine,ops,ok,,,,2026-09-22T17:57:35+00:00,,,784,,11.296000331640244,11.04000024497509,12.102399952709675,10.879999957978725,11.995519995689392,50,10,False,9.119999594986439,,False,11.296000331640244,2.176000736653805,0.0,32112640.0,,0.0,2842.8327777268278,,1434.592042118311,0.6647367788691438,0.0,f64663495a1b4254,5fe3095cfb8a3825d1ed13d9fa8f996433463941,False,sha256:c2914767605584b6d8f45686b82de173ecc99e781897aa3d0a66dacd72c51ae1,e7e78d6c68a0e800,9.119999594986439,graph,3521.1229633884377,,,,,,,,,,,,,,,,,0.014408163688316638,,fused_add_rms_norm,10240.0,127,bf16
e169c42cc10d,ops_elementwise,ops,engine,ops,ok,,,,2026-09-22T17:57:35+00:00,,,2048,,19.519999623298645,18.358400091528893,20.227199234068394,17.311999574303627,19.55520011484623,50,10,False,19.247999414801598,,False,19.519999623298645,0.2720002084970474,0.0,83886080.0,,0.0,4297.442705883837,,2479.039952158928,1.0048667807918532,0.0,f64663495a1b4254,5fe3095cfb8a3825d1ed13d9fa8f996433463941,False,sha256:c2914767605584b6d8f45686b82de173ecc99e781897aa3d0a66dacd72c51ae1,e7e78d6c68a0e800,19.247999414801598,graph,4358.171371072056,,,,,,,,,,,,,,,,,0.009531249816063792,,fused_add_rms_norm,10240.0,127,bf16
22fb578f586d,ops_elementwise,ops,engine,ops,ok,,,,2026-09-22T17:57:35+00:00,,,8192,,86.16000041365623,84.74879786372185,86.56320348381996,84.06399935483932,86.1484806239605,50,10,False,86.07999980449677,,False,86.16000041365623,0.0800006091594696,0.0,335544320.0,,0.0,3894.4326646824943,,10942.320052534342,0.9106313411490351,0.0,f64663495a1b4254,5fe3095cfb8a3825d1ed13d9fa8f996433463941,False,sha256:c2914767605584b6d8f45686b82de173ecc99e781897aa3d0a66dacd72c51ae1,e7e78d6c68a0e800,86.07999980449677,graph,3898.0520534628463,,,,,,,,,,,,,,,,,0.010517578175495146,,fused_add_rms_norm,10240.0,127,bf16
9a6e9adfccf8,ops_elementwise,ops,engine,ops,ok,,,,2026-09-22T17:57:35+00:00,,,1,,9.631999768316746,9.404799900949001,11.811199598014355,9.088000282645226,10.135040022432804,100,10,False,7.648000027984381,,False,9.631999768316746,1.983999740332365,0.0,104448.0,,0.0,10.843854081430585,,616.4479851722717,0.0025356076829749583,0.0,f64663495a1b4254,5fe3095cfb8a3825d1ed13d9fa8f996433463941,False,sha256:c2914767605584b6d8f45686b82de173ecc99e781897aa3d0a66dacd72c51ae1,e7e78d6c68a0e800,7.648000027984381,graph,13.656903715719144,,,,,,,,,,,,,,,,,9.631999768316746,,silu_and_mul,0.0,64,bf16
31dcfeb9cabd,ops_elementwise,ops,engine,ops,ok,,,,2026-09-22T17:57:35+00:00,,,8,,9.759999811649323,9.535999968647957,10.284799803048372,9.375999681651592,10.517759937793016,50,10,False,7.712000049650669,,False,9.759999811649323,2.0479997619986534,0.0,835584.0,,0.0,85.61311640627956,,624.6399879455566,0.0200188303985877,0.0,f64663495a1b4254,5fe3095cfb8a3825d1ed13d9fa8f996433463941,False,sha256:c2914767605584b6d8f45686b82de173ecc99e781897aa3d0a66dacd72c51ae1,e7e78d6c68a0e800,7.712000049650669,graph,108.34854702028296,,,,,,,,,,,,,,,,,1.2199999764561653,,silu_and_mul,0.0,64,bf16
428ee92c7197,ops_elementwise,ops,engine,ops,ok,,,,2026-09-22T17:57:35+00:00,,,32,,9.775999933481216,9.40799992531538,10.406399983912706,9.344000369310379,10.066559985280037,50,10,False,7.695999927818775,,False,9.775999933481216,2.0800000056624413,0.0,3342336.0,,0.0,341.8919826863992,,625.6639957427979,0.0799442644227105,0.0,f64663495a1b4254,5fe3095cfb8a3825d1ed13d9fa8f996433463941,False,sha256:c2914767605584b6d8f45686b82de173ecc99e781897aa3d0a66dacd72c51ae1,e7e78d6c68a0e800,7.695999927818775,graph,434.29522236849806,,,,,,,,,,,,,,,,,0.305499997921288,,silu_and_mul,0.0,64,bf16
f10fad90e4a5,ops_elementwise,ops,engine,ops,ok,,,,2026-09-22T17:57:35+00:00,,,64,,9.711999911814928,9.472000412642956,10.255999770015478,9.312000125646591,9.950080011039972,50,10,False,7.648000027984381,,False,9.711999911814928,2.0639998838305473,0.0,6684672.0,,0.0,688.289956826287,,621.5679943561554,0.1609421603737584,0.0,f64663495a1b4254,5fe3095cfb8a3825d1ed13d9fa8f996433463941,False,sha256:c2914767605584b6d8f45686b82de173ecc99e781897aa3d0a66dacd72c51ae1,e7e78d6c68a0e800,7.648000027984381,graph,874.0418378060252,,,,,,,,,,,,,,,,,0.15174999862210825,,silu_and_mul,0.0,64,bf16
c23f5bd3511f,ops_elementwise,ops,engine,ops,ok,,,,2026-09-22T17:57:35+00:00,,,256,,12.160000391304493,11.90400030463934,12.467199843376875,11.839999817311764,12.754560001194477,50,10,False,10.56000031530857,,False,12.160000391304493,1.600000075995922,0.0,26738688.0,,0.0,2198.9051923979046,,778.2400250434875,0.5141678279796711,0.0,f64663495a1b4254,5fe3095cfb8a3825d1ed13d9fa8f996433463941,False,sha256:c2914767605584b6d8f45686b82de173ecc99e781897aa3d0a66dacd72c51ae1,e7e78d6c68a0e800,10.56000031530857,graph,2532.072651668162,,,,,,,,,,,,,,,,,0.047500001528533176,,silu_and_mul,0.0,64,bf16
a0b75337937f,ops_elementwise,ops,engine,ops,ok,,,,2026-09-22T17:57:35+00:00,,,784,,26.863999664783478,26.45760029554367,28.332799673080444,26.1439997702837,27.20063991844654,50,10,False,27.135999873280525,,False,26.863999664783478,-0.2720002084970474,0.0,81887232.0,,0.0,3048.214451377749,,1719.2959785461426,0.7127609726420306,0.0,f64663495a1b4254,5fe3095cfb8a3825d1ed13d9fa8f996433463941,False,sha256:c2914767605584b6d8f45686b82de173ecc99e781897aa3d0a66dacd72c51ae1,e7e78d6c68a0e800,27.135999873280525,graph,3017.660391450337,,,,,,,,,,,,,,,,,0.03426530569487689,,silu_and_mul,0.0,64,bf16
eec24cc180d9,ops_elementwise,ops,engine,ops,ok,,,,2026-09-22T17:57:35+00:00,,,2048,,60.96000038087368,59.542398899793625,61.38560138642788,59.20000001788139,60.686080083251,50,10,False,60.912000015378,,False,60.96000038087368,0.04800036549568176,0.0,213909504.0,,0.0,3509.0141513042795,,3901.4400243759155,0.8205093110715461,0.0,f64663495a1b4254,5fe3095cfb8a3825d1ed13d9fa8f996433463941,False,sha256:c2914767605584b6d8f45686b82de173ecc99e781897aa3d0a66dacd72c51ae1,e7e78d6c68a0e800,60.912000015378,graph,3511.7793529353144,,,,,,,,,,,,,,,,,0.029765625185973477,,silu_and_mul,0.0,64,bf16
e8ce6fc23762,ops_elementwise,ops,engine,ops,ok,,,,2026-09-22T17:57:35+00:00,,,8192,,220.41599452495575,219.9327990412712,221.64799720048904,219.4879949092865,220.74751943349838,50,10,False,220.43199837207794,,False,220.41599452495575,-0.016003847122192383,0.0,855638016.0,,0.0,3881.9234413731424,,14106.623649597168,0.9077063218253651,0.0,f64663495a1b4254,5fe3095cfb8a3825d1ed13d9fa8f996433463941,False,sha256:c2914767605584b6d8f45686b82de173ecc99e781897aa3d0a66dacd72c51ae1,e7e78d6c68a0e800,220.43199837207794,graph,3881.6416052070936,,,,,,,,,,,,,,,,,0.026906249331659637,,silu_and_mul,0.0,64,bf16
d38e86125d03,ops_elementwise,ops,engine,ops,ok,,,,2026-09-22T17:57:35+00:00,,,1,,21.743999794125557,20.790399983525276,25.87199956178665,20.479999482631683,22.937600053846836,50,10,False,7.679999805986881,,False,21.743999794125557,14.063999988138676,0.0,15520.0,,0.0,0.7137601244915824,,2783.2319736480713,0.00016689782450699092,0.0,f64663495a1b4254,5fe3095cfb8a3825d1ed13d9fa8f996433463941,False,sha256:c2914767605584b6d8f45686b82de173ecc99e781897aa3d0a66dacd72c51ae1,e7e78d6c68a0e800,7.679999805986881,graph,2.0208333843838786,,,,,,,,,,,,,,,,,21.743999794125557,,quant_hidden,0.0,128,fp8
a0ad604a4fe1,ops_elementwise,ops,engine,ops,ok,,,,2026-09-22T17:57:35+00:00,,,8,,21.376000717282295,20.735999569296837,24.24640003591776,20.640000700950623,22.606080025434494,50,10,False,7.74399982765317,,False,21.376000717282295,13.632000889629126,0.0,124160.0,,0.0,5.808383038629757,,2736.128091812134,0.0013581684655487424,0.0,f64663495a1b4254,5fe3095cfb8a3825d1ed13d9fa8f996433463941,False,sha256:c2914767605584b6d8f45686b82de173ecc99e781897aa3d0a66dacd72c51ae1,e7e78d6c68a0e800,7.74399982765317,graph,16.033058208063892,,,,,,,,,,,,,,,,,2.672000089660287,,quant_hidden,0.0,128,fp8
d3d30742f94e,ops_elementwise,ops,engine,ops,ok,,,,2026-09-22T17:57:35+00:00,,,32,,21.12000063061714,20.896000787615776,22.755199298262596,20.67199908196926,22.394239977002144,50,10,False,7.7760000713169575,,False,21.12000063061714,13.344000559300184,0.0,496640.0,,0.0,23.515150813018124,,2703.360080718994,0.005498524474790561,0.0,f64663495a1b4254,5fe3095cfb8a3825d1ed13d9fa8f996433463941,False,sha256:c2914767605584b6d8f45686b82de173ecc99e781897aa3d0a66dacd72c51ae1,e7e78d6c68a0e800,7.7760000713169575,graph,63.86831217143857,,,,,,,,,,,,,,,,,0.6600000197067857,,quant_hidden,0.0,128,fp8
20f159d4b8e1,ops_elementwise,ops,engine,ops,ok,,,,2026-09-22T17:57:35+00:00,,,64,,21.12000063061714,20.86080051958561,24.39359948039055,20.640000700950623,22.76543989777565,50,10,False,7.679999805986881,,False,21.12000063061714,13.44000082463026,0.0,993280.0,,0.0,47.03030162603625,,2703.360080718994,0.010997048949581123,0.0,f64663495a1b4254,5fe3095cfb8a3825d1ed13d9fa8f996433463941,False,sha256:c2914767605584b6d8f45686b82de173ecc99e781897aa3d0a66dacd72c51ae1,e7e78d6c68a0e800,7.679999805986881,graph,129.33333660056823,,,,,,,,,,,,,,,,,0.33000000985339284,,quant_hidden,0.0,128,fp8
34261ef66d4c,ops_elementwise,ops,engine,ops,ok,,,,2026-09-22T17:57:35+00:00,,,256,,21.90400008112192,21.47199958562851,24.009600467979908,21.215999498963356,23.508479855954647,50,10,False,7.807999849319458,,False,21.90400008112192,14.096000231802464,0.0,3973120.0,,0.0,181.3878736890736,,2803.712010383606,0.04241374724067015,0.0,f64663495a1b4254,5fe3095cfb8a3825d1ed13d9fa8f996433463941,False,sha256:c2914767605584b6d8f45686b82de173ecc99e781897aa3d0a66dacd72c51ae1,e7e78d6c68a0e800,7.807999849319458,graph,508.85246883634295,,,,,,,,,,,,,,,,,0.0855625003168825,,quant_hidden,0.0,128,fp8
04f47ee98fb8,ops_elementwise,ops,engine,ops,ok,,,,2026-09-22T17:57:35+00:00,,,784,,25.13599954545498,24.73600022494793,26.6847999766469,24.447999894618988,26.072960011661053,50,10,False,12.000000104308128,,False,25.13599954545498,13.13599944114685,0.0,12167680.0,,0.0,484.07384707325576,,3217.4079418182373,0.11319050925519865,0.0,f64663495a1b4254,5fe3095cfb8a3825d1ed13d9fa8f996433463941,False,sha256:c2914767605584b6d8f45686b82de173ecc99e781897aa3d0a66dacd72c51ae1,e7e78d6c68a0e800,12.000000104308128,graph,1013.9733245195283,,,,,,,,,,,,,,,,,0.03206122391001911,,quant_hidden,0.0,128,fp8
1dbb429822fd,ops_elementwise,ops,engine,ops,ok,,,,2026-09-22T17:57:35+00:00,,,2048,,26.208000257611275,25.95200017094612,28.700799867510803,25.855999439954758,27.807360142469406,50,10,False,25.79200081527233,,False,26.208000257611275,0.4159994423389435,0.0,31784960.0,,0.0,1212.7960808749258,,3354.624032974243,0.28358690899524586,0.0,f64663495a1b4254,5fe3095cfb8a3825d1ed13d9fa8f996433463941,False,sha256:c2914767605584b6d8f45686b82de173ecc99e781897aa3d0a66dacd72c51ae1,e7e78d6c68a0e800,25.79200081527233,graph,1232.3572811450533,,,,,,,,,,,,,,,,,0.012796875125786755,,quant_hidden,0.0,128,fp8
dc26b34ef90b,ops_elementwise,ops,engine,ops,ok,,,,2026-09-22T17:57:35+00:00,,,8192,,95.71199864149094,95.26080265641212,96.09920158982277,94.84799951314926,96.27520009875298,50,10,False,95.10400146245956,,False,95.71199864149094,0.6079971790313721,0.0,127139840.0,,0.0,1328.3584274133543,,12251.13582611084,0.31060873827707225,0.0,f64663495a1b4254,5fe3095cfb8a3825d1ed13d9fa8f996433463941,False,sha256:c2914767605584b6d8f45686b82de173ecc99e781897aa3d0a66dacd72c51ae1,e7e78d6c68a0e800,95.10400146245956,graph,1336.8505850953702,,,,,,,,,,,,,,,,,0.011683593584166374,,quant_hidden,0.0,128,fp8
9f4485dc1d35,ops_elementwise,ops,engine,ops,ok,,,,2026-09-22T17:57:35+00:00,,,1,,20.99199965596199,20.508799701929092,23.939199559390545,20.255999639630318,22.375679835677147,50,10,False,7.679999805986881,,False,20.99199965596199,13.311999849975109,0.0,52768.0,,0.0,2.5137195533924865,,1343.4879779815674,0.0005877805588827602,0.0,f64663495a1b4254,5fe3095cfb8a3825d1ed13d9fa8f996433463941,False,sha256:c2914767605584b6d8f45686b82de173ecc99e781897aa3d0a66dacd72c51ae1,e7e78d6c68a0e800,7.679999805986881,graph,6.870833506905187,,,,,,,,,,,,,,,,,20.99199965596199,,quant_intermediate,0.0,64,fp8
6b9e9759bc21,ops_elementwise,ops,engine,ops,ok,,,,2026-09-22T17:57:35+00:00,,,8,,21.199999377131462,20.764799788594246,23.363200575113297,20.479999482631683,22.483199946582317,50,10,False,7.712000049650669,,False,21.199999377131462,13.487999327480793,0.0,422144.0,,0.0,19.91245341522834,,1356.7999601364136,0.004656109302779641,0.0,f64663495a1b4254,5fe3095cfb8a3825d1ed13d9fa8f996433463941,False,sha256:c2914767605584b6d8f45686b82de173ecc99e781897aa3d0a66dacd72c51ae1,e7e78d6c68a0e800,7.712000049650669,graph,54.73858885920545,,,,,,,,,,,,,,,,,2.6499999221414328,,quant_intermediate,0.0,64,fp8
d5208d26268c,ops_elementwise,ops,engine,ops,ok,,,,2026-09-22T17:57:35+00:00,,,32,,21.136000752449036,20.82880027592182,23.219199664890766,20.54399996995926,22.327040061354637,50,10,False,7.807999849319458,,False,21.136000752449036,13.328000903129578,0.0,1688576.0,,0.0,79.89098882882772,,1352.7040481567383,0.01868083096228067,0.0,f64663495a1b4254,5fe3095cfb8a3825d1ed13d9fa8f996433463941,False,sha256:c2914767605584b6d8f45686b82de173ecc99e781897aa3d0a66dacd72c51ae1,e7e78d6c68a0e800,7.807999849319458,graph,216.26229925544578,,,,,,,,,,,,,,,,,0.6605000235140324,,quant_intermediate,0.0,64,fp8
c4f1d41954a2,ops_elementwise,ops,engine,ops,ok,,,,2026-09-22T17:57:35+00:00,,,64,,21.67999930679798,21.183999255299568,23.568000458180904,20.99199965596199,22.677760124206543,50,10,False,7.727999938651919,,False,21.67999930679798,13.951999368146062,0.0,3377152.0,,0.0,155.7726987076545,,1387.5199556350708,0.03642417619001788,0.0,f64663495a1b4254,5fe3095cfb8a3825d1ed13d9fa8f996433463941,False,sha256:c2914767605584b6d8f45686b82de173ecc99e781897aa3d0a66dacd72c51ae1,e7e78d6c68a0e800,7.727999938651919,graph,437.0020738624791,,,,,,,,,,,,,,,,,0.33874998916871846,,quant_intermediate,0.0,64,fp8
6c3905e13f9f,ops_elementwise,ops,engine,ops,ok,,,,2026-09-22T17:57:35+00:00,,,256,,25.74400044977665,25.244800373911858,30.95360025763512,24.89599958062172,27.23648000508547,50,10,False,13.183999806642532,,False,25.74400044977665,12.560000643134117,0.0,13508608.0,,0.0,524.7283935670223,,1647.6160287857056,0.12269672168330406,0.0,f64663495a1b4254,5fe3095cfb8a3825d1ed13d9fa8f996433463941,False,sha256:c2914767605584b6d8f45686b82de173ecc99e781897aa3d0a66dacd72c51ae1,e7e78d6c68a0e800,13.183999806642532,graph,1024.62137425047,,,,,,,,,,,,,,,,,0.10056250175694004,,quant_intermediate,0.0,64,fp8
bb89f14c6327,ops_elementwise,ops,engine,ops,ok,,,,2026-09-22T17:57:35+00:00,,,784,,33.32800045609474,33.055998384952545,33.69919955730438,32.896000891923904,33.840639889240265,50,10,False,33.1679992377758,,False,33.32800045609474,0.1600012183189392,0.0,41370112.0,,0.0,1241.3019513276738,,2132.9920291900635,0.29025240851110995,0.0,f64663495a1b4254,5fe3095cfb8a3825d1ed13d9fa8f996433463941,False,sha256:c2914767605584b6d8f45686b82de173ecc99e781897aa3d0a66dacd72c51ae1,e7e78d6c68a0e800,33.1679992377758,graph,1247.2899466568554,,,,,,,,,,,,,,,,,0.04251020466338615,,quant_intermediate,0.0,64,fp8
1e2b11192484,ops_elementwise,ops,engine,ops,ok,,,,2026-09-22T17:57:35+00:00,,,2048,,82.0159986615181,81.56800270080566,82.34240114688873,81.216000020504,82.58239984512329,50,10,False,81.63200318813324,,False,82.0159986615181,0.3839954733848572,0.0,108068864.0,,0.0,1317.6558935288062,,5249.023914337158,0.3081061753560688,0.0,f64663495a1b4254,5fe3095cfb8a3825d1ed13d9fa8f996433463941,False,sha256:c2914767605584b6d8f45686b82de173ecc99e781897aa3d0a66dacd72c51ae1,e7e78d6c68a0e800,81.63200318813324,graph,1323.8541231303493,,,,,,,,,,,,,,,,,0.04004687434644438,,quant_intermediate,0.0,64,fp8
e4df97410598,ops_elementwise,ops,engine,ops,ok,,,,2026-09-22T17:57:35+00:00,,,8192,,311.5519881248474,311.2608075141907,311.74720525741577,311.0400140285492,312.2457605600357,50,10,False,311.21599674224854,,False,311.5519881248474,0.33599138259887695,0.0,432275456.0,,0.0,1387.490603419855,,19939.327239990234,0.324435556552861,0.0,f64663495a1b4254,5fe3095cfb8a3825d1ed13d9fa8f996433463941,False,sha256:c2914767605584b6d8f45686b82de173ecc99e781897aa3d0a66dacd72c51ae1,e7e78d6c68a0e800,311.21599674224854,graph,1388.9885498334902,,,,,,,,,,,,,,,,,0.03803124855039641,,quant_intermediate,0.0,64,fp8
9cb991f36657,ops_elementwise,ops,engine,ops,ok,,,,2026-09-22T17:57:35+00:00,,,1,,21.007999777793884,20.508799701929092,24.425599165260792,20.35200037062168,22.016000039875507,50,10,False,7.7760000713169575,,False,21.007999777793884,13.231999706476927,0.0,18624.0,,0.0,0.8865194305497925,,1344.5119857788086,0.00020729396230607404,0.0,f64663495a1b4254,5fe3095cfb8a3825d1ed13d9fa8f996433463941,False,sha256:c2914767605584b6d8f45686b82de173ecc99e781897aa3d0a66dacd72c51ae1,e7e78d6c68a0e800,7.7760000713169575,graph,2.3950617064289466,,,,,,,,,,,,,,,,,21.007999777793884,,quant_mixer_out,0.0,64,fp8
35a4ffe10dd4,ops_elementwise,ops,engine,ops,ok,,,,2026-09-22T17:57:35+00:00,,,8,,21.104000508785248,20.82880027592182,23.14239926636219,20.320000126957893,22.34815999865532,50,10,False,7.807999849319458,,False,21.104000508785248,13.29600065946579,0.0,148992.0,,0.0,7.059893688780812,,1350.6560325622559,0.0016508079640165558,0.0,f64663495a1b4254,5fe3095cfb8a3825d1ed13d9fa8f996433463941,False,sha256:c2914767605584b6d8f45686b82de173ecc99e781897aa3d0a66dacd72c51ae1,e7e78d6c68a0e800,7.807999849319458,graph,19.08196758136286,,,,,,,,,,,,,,,,,2.638000063598156,,quant_mixer_out,0.0,64,fp8
15bd95a77db2,ops_elementwise,ops,engine,ops,ok,,,,2026-09-22T17:57:35+00:00,,,32,,21.263999864459038,20.825600251555443,23.590400628745556,20.51199972629547,22.534399963915348,50,10,False,7.807999849319458,,False,21.263999864459038,13.45600001513958,0.0,595968.0,,0.0,28.027088214767613,,1360.8959913253784,0.006553546338333451,0.0,f64663495a1b4254,5fe3095cfb8a3825d1ed13d9fa8f996433463941,False,sha256:c2914767605584b6d8f45686b82de173ecc99e781897aa3d0a66dacd72c51ae1,e7e78d6c68a0e800,7.807999849319458,graph,76.32787032545144,,,,,,,,,,,,,,,,,0.6644999957643449,,quant_mixer_out,0.0,64,fp8
766488708d0f,ops_elementwise,ops,engine,ops,ok,,,,2026-09-22T17:57:35+00:00,,,64,,21.391999907791615,20.956799387931824,22.998399659991264,20.70399932563305,22.375040017068386,50,10,False,7.712000049650669,,False,21.391999907791615,13.679999858140945,0.0,1191936.0,,0.0,55.71877361339464,,1369.0879940986633,0.013028665767644413,0.0,f64663495a1b4254,5fe3095cfb8a3825d1ed13d9fa8f996433463941,False,sha256:c2914767605584b6d8f45686b82de173ecc99e781897aa3d0a66dacd72c51ae1,e7e78d6c68a0e800,7.712000049650669,graph,154.55601560246242,,,,,,,,,,,,,,,,,0.334249998559244,,quant_mixer_out,0.0,64,fp8
138b84c2bb4b,ops_elementwise,ops,engine,ops,ok,,,,2026-09-22T17:57:35+00:00,,,256,,21.824000403285027,21.369600668549538,25.366399623453624,21.023999899625778,23.242879919707775,50,10,False,7.935999892652035,,False,21.824000403285027,13.888000510632992,0.0,4767744.0,,0.0,218.46333907152703,,1396.7360258102417,0.05108306666969172,0.0,f64663495a1b4254,5fe3095cfb8a3825d1ed13d9fa8f996433463941,False,sha256:c2914767605584b6d8f45686b82de173ecc99e781897aa3d0a66dacd72c51ae1,e7e78d6c68a0e800,7.935999892652035,graph,600.7742016748851,,,,,,,,,,,,,,,,,0.08525000157533213,,quant_mixer_out,0.0,64,fp8
71914cec827d,ops_elementwise,ops,engine,ops,ok,,,,2026-09-22T17:57:35+00:00,,,784,,25.74400044977665,25.369599647819996,28.758400492370132,24.89599958062172,26.653439961373806,50,10,False,13.919999822974205,,False,25.74400044977665,11.824000626802444,0.0,14601216.0,,0.0,567.1696606937667,,1647.6160287857056,0.13262072123121835,0.0,f64663495a1b4254,5fe3095cfb8a3825d1ed13d9fa8f996433463941,False,sha256:c2914767605584b6d8f45686b82de173ecc99e781897aa3d0a66dacd72c51ae1,e7e78d6c68a0e800,13.919999822974205,graph,1048.937944374215,,,,,,,,,,,,,,,,,0.032836735267572255,,quant_mixer_out,0.0,64,fp8
a29c006abeba,ops_elementwise,ops,engine,ops,ok,,,,2026-09-22T17:57:35+00:00,,,2048,,30.799999833106995,30.65280057489872,31.302399933338165,30.49599938094616,31.54368005692959,50,10,False,30.62400035560131,,False,30.799999833106995,0.1759994775056839,0.0,38141952.0,,0.0,1238.3750716453292,,1971.1999893188477,0.28956801912759683,0.0,f64663495a1b4254,5fe3095cfb8a3825d1ed13d9fa8f996433463941,False,sha256:c2914767605584b6d8f45686b82de173ecc99e781897aa3d0a66dacd72c51ae1,e7e78d6c68a0e800,30.62400035560131,graph,1245.4921485469358,,,,,,,,,,,,,,,,,0.015039062418509275,,quant_mixer_out,0.0,64,fp8
1a52293ae936,ops_elementwise,ops,engine,ops,ok,,,,2026-09-22T17:57:35+00:00,,,8192,,113.47199976444244,113.1775975227356,113.7952022254467,112.89600282907486,114.09471988677979,50,10,False,113.08799684047699,,False,113.47199976444244,0.3840029239654541,0.0,152567808.0,,0.0,1344.5414579518904,,7262.207984924316,0.3143928003143509,0.0,f64663495a1b4254,5fe3095cfb8a3825d1ed13d9fa8f996433463941,False,sha256:c2914767605584b6d8f45686b82de173ecc99e781897aa3d0a66dacd72c51ae1,e7e78d6c68a0e800,113.08799684047699,graph,1349.1069986429561,,,,,,,,,,,,,,,,,0.013851562471245416,,quant_mixer_out,0.0,64,fp8
cf0f3725fb25,ops_elementwise,ops,engine,ops,ok,,,,2026-09-22T17:57:35+00:00,,,1,,10.928000323474407,10.65600011497736,13.2256000302732,10.400000028312206,11.343039954081178,100,10,False,7.391999941319227,,False,10.928000323474407,3.53600038215518,0.0,7168.0,,0.0,0.6559297023996641,,174.84800517559052,0.000153375394062537,0.0,f64663495a1b4254,5fe3095cfb8a3825d1ed13d9fa8f996433463941,False,sha256:c2914767605584b6d8f45686b82de173ecc99e781897aa3d0a66dacd72c51ae1,e7e78d6c68a0e800,7.391999941319227,graph,0.969696977394828,,,,,,,,,,,,,,,,,10.928000323474407,,rotary,0.0,16,bf16
a9e915f1577c,ops_elementwise,ops,engine,ops,ok,,,,2026-09-22T17:57:35+00:00,,,8,,11.008000001311302,10.751999914646149,11.587199755012989,10.56000031530857,11.987840123474598,50,10,False,7.424000184983015,,False,11.008000001311302,3.583999816328287,0.0,57344.0,,0.0,5.209302324960849,,176.12800002098083,0.0012180860143377607,0.0,f64663495a1b4254,5fe3095cfb8a3825d1ed13d9fa8f996433463941,False,sha256:c2914767605584b6d8f45686b82de173ecc99e781897aa3d0a66dacd72c51ae1,e7e78d6c68a0e800,7.424000184983015,graph,7.724137738572968,,,,,,,,,,,,,,,,,1.3760000001639128,,rotary,0.0,16,bf16
cff4f94c37fa,ops_elementwise,ops,engine,ops,ok,,,,2026-09-22T17:57:35+00:00,,,32,,10.991999879479408,10.812800377607346,11.487999930977821,10.688000358641148,11.476479973644018,50,10,False,7.584000006318092,,False,10.991999879479408,3.407999873161316,0.0,229376.0,,0.0,20.867540257911966,,175.87199807167053,0.004879436315300397,0.0,f64663495a1b4254,5fe3095cfb8a3825d1ed13d9fa8f996433463941,False,sha256:c2914767605584b6d8f45686b82de173ecc99e781897aa3d0a66dacd72c51ae1,e7e78d6c68a0e800,7.584000006318092,graph,30.244725713200296,,,,,,,,,,,,,,,,,0.3434999962337315,,rotary,0.0,16,bf16
cbd8e49ca301,ops_elementwise,ops,engine,ops,ok,,,,2026-09-22T17:57:35+00:00,,,64,,10.912000201642513,10.751999914646149,11.475199740380049,10.65600011497736,11.248640064150095,50,10,False,7.584000006318092,,False,10.912000201642513,3.328000195324421,0.0,458752.0,,0.0,42.04105494159971,,174.5920032262802,0.0098304183281881,0.0,f64663495a1b4254,5fe3095cfb8a3825d1ed13d9fa8f996433463941,False,sha256:c2914767605584b6d8f45686b82de173ecc99e781897aa3d0a66dacd72c51ae1,e7e78d6c68a0e800,7.584000006318092,graph,60.48945142640059,,,,,,,,,,,,,,,,,0.17050000315066427,,rotary,0.0,16,bf16
184ee8692efb,ops_elementwise,ops,engine,ops,ok,,,,2026-09-22T17:57:35+00:00,,,256,,10.975999757647514,10.847999714314938,11.792000010609629,10.71999967098236,11.946879997849464,50,10,False,7.74399982765317,,False,10.975999757647514,3.2319999299943447,0.0,1835008.0,,0.0,167.18367716084,,175.61599612236023,0.03909239400435624,0.0,f64663495a1b4254,5fe3095cfb8a3825d1ed13d9fa8f996433463941,False,sha256:c2914767605584b6d8f45686b82de173ecc99e781897aa3d0a66dacd72c51ae1,e7e78d6c68a0e800,7.74399982765317,graph,236.9586829595917,,,,,,,,,,,,,,,,,0.0428749990533106,,rotary,0.0,16,bf16
ad6256e150c4,ops_elementwise,ops,engine,ops,ok,,,,2026-09-22T17:57:35+00:00,,,784,,11.440000031143427,11.168000288307667,12.064000312238932,11.103999800980091,12.08192003890872,50,10,False,7.695999927818775,,False,11.440000031143427,3.7440001033246517,0.0,5619712.0,,0.0,491.23356509626774,,183.04000049829483,0.11486465904463296,0.0,f64663495a1b4254,5fe3095cfb8a3825d1ed13d9fa8f996433463941,False,sha256:c2914767605584b6d8f45686b82de173ecc99e781897aa3d0a66dacd72c51ae1,e7e78d6c68a0e800,7.695999927818775,graph,730.2120650607591,,,,,,,,,,,,,,,,,0.014591836774417636,,rotary,0.0,16,bf16
c4628fbfa974,ops_elementwise,ops,engine,ops,ok,,,,2026-09-22T17:57:35+00:00,,,2048,,13.887999579310417,13.66079980507493,14.326399937272074,13.376000337302685,14.280319940298796,50,10,False,11.136000044643879,,False,13.887999579310417,2.7519995346665382,0.0,14680064.0,,0.0,1057.0322900837034,,222.20799326896667,0.24716481573452367,0.0,f64663495a1b4254,5fe3095cfb8a3825d1ed13d9fa8f996433463941,False,sha256:c2914767605584b6d8f45686b82de173ecc99e781897aa3d0a66dacd72c51ae1,e7e78d6c68a0e800,11.136000044643879,graph,1318.2528682783836,,,,,,,,,,,,,,,,,0.006781249794585165,,rotary,0.0,16,bf16
271c26a17eca,ops_elementwise,ops,engine,ops,ok,,,,2026-09-22T17:57:35+00:00,,,8192,,30.991999432444572,30.588800087571144,31.24159947037697,30.400000512599945,31.093760132789612,50,10,False,30.62400035560131,,False,30.991999432444572,0.3679990768432617,0.0,58720256.0,,0.0,1894.6907936029313,,495.87199091911316,0.44303367576186675,0.0,f64663495a1b4254,5fe3095cfb8a3825d1ed13d9fa8f996433463941,False,sha256:c2914767605584b6d8f45686b82de173ecc99e781897aa3d0a66dacd72c51ae1,e7e78d6c68a0e800,30.62400035560131,graph,1917.4587029176193,,,,,,,,,,,,,,,,,0.0037832030557183316,,rotary,0.0,16,bf16
87fb99ccacd5,ops_gemm,ops,engine,ops,ok,,,,2026-09-22T17:56:16+00:00,,,1,,85.15200018882751,80.75199723243713,94.60799768567085,78.68800312280655,85.91551974415779,50,10,False,53.328000009059906,,False,85.15200018882751,31.82400017976761,356515840.0,178391872.0,,4.186816976811041,2094.9815812242796,,5449.728012084961,0.48986747268573655,0.002883286180971971,f64663495a1b4254,5fe3095cfb8a3825d1ed13d9fa8f996433463941,False,sha256:c2914767605584b6d8f45686b82de173ecc99e781897aa3d0a66dacd72c51ae1,97fe1389edd46f63,53.328000009059906,graph,3345.1821176435074,6.685340532917631,,,,,,,,,,,,,,,,85.15200018882751,,gate_up_proj,178301440.0,64,fp8
66f724ff10e5,ops_gemm,ops,engine,ops,ok,,,,2026-09-22T17:56:16+00:00,,,8,,54.80000004172325,53.98080125451088,55.88800050318241,53.408000618219376,55.61023995280266,50,10,False,54.4000007212162,,False,54.80000004172325,0.39999932050704956,2852126720.0,179024896.0,,52.04610798957057,3266.8776617462636,,3507.200002670288,0.7638907750195659,0.03584198324666256,f64663495a1b4254,5fe3095cfb8a3825d1ed13d9fa8f996433463941,False,sha256:c2914767605584b6d8f45686b82de173ecc99e781897aa3d0a66dacd72c51ae1,97fe1389edd46f63,54.4000007212162,graph,3290.898779899825,52.42879930491729,,,,,,,,,,,,,,,,6.850000005215406,,gate_up_proj,178301440.0,64,fp8
cfeaa1cacda7,ops_gemm,ops,engine,ops,ok,,,,2026-09-22T17:56:18+00:00,,,32,,114.54400047659874,111.74720153212547,126.11199915409088,108.92800241708755,116.93248003721237,50,10,False,53.84000018239021,,False,114.54400047659874,60.70400029420853,11408506880.0,181195264.0,,99.59934027562404,1581.8834967006246,,7330.816030502319,0.36989025467191056,0.06858991043581805,f64663495a1b4254,5fe3095cfb8a3825d1ed13d9fa8f996433463941,False,sha256:c2914767605584b6d8f45686b82de173ecc99e781897aa3d0a66dacd72c51ae1,97fe1389edd46f63,53.84000018239021,graph,3365.439513116211,211.89648665215745,,,,,,,,,,,,,,,,3.5795000148937106,,gate_up_proj,178301440.0,64,fp8
9edc2a579cb0,ops_gemm,ops,engine,ops,ok,,,,2026-09-22T17:56:21+00:00,,,64,,113.72800171375275,111.00480332970619,122.45120108127594,109.0880036354065,116.04160040616989,50,10,False,53.63199859857559,,False,113.72800171375275,60.096003115177155,22817013760.0,184089088.0,,200.6279316982039,1618.6786475273022,,7278.592109680176,0.3784940284253875,0.1381640865092267,f64663495a1b4254,5fe3095cfb8a3825d1ed13d9fa8f996433463941,False,sha256:c2914767605584b6d8f45686b82de173ecc99e781897aa3d0a66dacd72c51ae1,97fe1389edd46f63,53.63199859857559,graph,3432.4487770420183,425.4365743626417,,,,,,,,,,,,,,,,1.7770000267773867,,gate_up_proj,178301440.0,64,fp8
63f6c923da0a,ops_gemm,ops,engine,ops,ok,,,,2026-09-22T17:56:24+00:00,,,256,,140.51199704408646,136.86400651931763,151.5103980898857,135.45599579811096,142.73791998624802,50,10,False,79.28000018000603,,False,140.51199704408646,61.23199686408043,91268055040.0,201452032.0,,649.539234798322,1433.6998707433734,,8992.767810821533,0.3352406238629054,0.4473105727013568,f64663495a1b4254,5fe3095cfb8a3825d1ed13d9fa8f996433463941,False,sha256:c2914767605584b6d8f45686b82de173ecc99e781897aa3d0a66dacd72c51ae1,97fe1389edd46f63,79.28000018000603,graph,2541.019570416261,1151.2115897171416,,,,,,,,,,,,,,,,0.5488749884534627,,gate_up_proj,178301440.0,64,fp8
d218a48a4786,ops_gemm,ops,engine,ops,ok,,,,2026-09-22T17:56:24+00:00,,,784,,257.9199969768524,257.02079236507416,259.04959738254547,256.25601410865784,259.46752071380615,50,10,False,265.392005443573,,False,257.9199969768524,-7.472008466720581,279508418560.0,249200128.0,,1083.7020077395746,966.1915746004177,,16506.879806518555,0.22592362101014998,0.7463003614710229,f64663495a1b4254,5fe3095cfb8a3825d1ed13d9fa8f996433463941,False,sha256:c2914767605584b6d8f45686b82de173ecc99e781897aa3d0a66dacd72c51ae1,97fe1389edd46f63,265.392005443573,graph,938.9888274271484,1053.1908001253958,,,,,,,,,,,,,,,,0.3289795879806791,,gate_up_proj,178301440.0,64,fp8
223bc36cd394,ops_gemm,ops,engine,ops,ok,,,,2026-09-22T17:56:27+00:00,,,2048,,582.2720229625702,577.6351749897003,594.9631869792938,574.9120116233826,584.9625563621521,50,10,False,558.4959983825684,,False,582.2720229625702,23.77602458000183,730144440320.0,363506176.0,,1253.9576203662723,624.2892697308367,,37265.40946960449,0.14597694296154742,0.8635482989467549,f64663495a1b4254,5fe3095cfb8a3825d1ed13d9fa8f996433463941,False,sha256:c2914767605584b6d8f45686b82de173ecc99e781897aa3d0a66dacd72c51ae1,97fe1389edd46f63,558.4959983825684,graph,650.866213997471,1307.3405045596278,,,,,,,,,,,,,,,,0.2843125112121925,,gate_up_proj,178301440.0,64,fp8
817935cc3981,ops_gemm,ops,engine,ops,ok,,,,2026-09-22T17:56:28+00:00,,,8192,,2447.6799964904785,2369.9232816696167,2462.265682220459,2367.136001586914,2432.043504714966,50,10,False,2378.3040046691895,,False,2447.6799964904785,69.37599182128906,2920577761280.0,919120384.0,,1193.2024469977978,375.5067595918784,,156651.51977539062,0.08780437448532928,0.8217087457095118,f64663495a1b4254,5fe3095cfb8a3825d1ed13d9fa8f996433463941,False,sha256:c2914767605584b6d8f45686b82de173ecc99e781897aa3d0a66dacd72c51ae1,97fe1389edd46f63,2378.3040046691895,graph,386.4604281856075,1228.0085958507389,,,,,,,,,,,,,,,,0.2987890620715916,,gate_up_proj,178301440.0,64,fp8
fd744d70c397,ops_gemm,ops,engine,ops,ok,,,,2026-09-22T17:56:29+00:00,,,1,,59.936000034213066,57.59359896183014,71.53920009732246,56.86400085687637,62.06079989671707,50,10,False,32.48000144958496,,False,59.936000034213066,27.455998584628105,178257920.0,89231680.0,,2.974137745232342,1488.7827006984814,,3835.9040021896362,0.34812058755343017,0.002048164586278873,f64663495a1b4254,5fe3095cfb8a3825d1ed13d9fa8f996433463941,False,sha256:c2914767605584b6d8f45686b82de173ecc99e781897aa3d0a66dacd72c51ae1,97fe1389edd46f63,32.48000144958496,graph,2747.2806655659874,5.488236208261555,,,,,,,,,,,,,,,,59.936000034213066,,down_proj,89150720.0,64,fp8
b8a7f54b0ade,ops_gemm,ops,engine,ops,ok,,,,2026-09-22T17:56:29+00:00,,,8,,43.42399910092354,41.145600378513336,56.038399785757086,40.09599983692169,46.19199991226196,100,10,True,32.416000962257385,,False,43.42399910092354,11.007998138666153,1426063360.0,89798400.0,,32.84044283175362,2067.9440369205927,,2779.1359424591064,0.4835453104221735,0.02261584289884967,f64663495a1b4254,5fe3095cfb8a3825d1ed13d9fa8f996433463941,False,sha256:c2914767605584b6d8f45686b82de173ecc99e781897aa3d0a66dacd72c51ae1,97fe1389edd46f63,32.416000962257385,graph,2770.187479465901,43.99257519952553,,,,,,,,,,,,,,,,5.427999887615442,,down_proj,89150720.0,64,fp8
4c9b544e139f,ops_gemm,ops,engine,ops,ok,,,,2026-09-22T17:56:31+00:00,,,32,,95.85599973797798,93.08160096406937,111.64479851722717,90.62399715185165,99.1788800060749,50,10,False,35.58399900794029,,False,95.85599973797798,60.27200073003769,5704253440.0,91741440.0,,59.508569683614546,957.075616036293,,6134.783983230591,0.22379204542832268,0.040981069286878724,f64663495a1b4254,5fe3095cfb8a3825d1ed13d9fa8f996433463941,False,sha256:c2914767605584b6d8f45686b82de173ecc99e781897aa3d0a66dacd72c51ae1,97fe1389edd46f63,35.58399900794029,graph,2578.1655395035455,160.3038893612587,,,,,,,,,,,,,,,,2.995499991811812,,down_proj,89150720.0,64,fp8
ac023d59b91c,ops_gemm,ops,engine,ops,ok,,,,2026-09-22T17:56:33+00:00,,,64,,93.35999935865402,89.09760043025017,104.16960269212723,87.36000210046768,95.20832017064095,50,10,False,34.49600003659725,,False,93.35999935865402,58.86399932205677,11408506880.0,94332160.0,,122.19908909995603,1010.4130317911776,,5975.039958953857,0.23626388064138676,0.08415341460605893,f64663495a1b4254,5fe3095cfb8a3825d1ed13d9fa8f996433463941,False,sha256:c2914767605584b6d8f45686b82de173ecc99e781897aa3d0a66dacd72c51ae1,97fe1389edd46f63,34.49600003659725,graph,2734.582557395692,330.7197028031241,,,,,,,,,,,,,,,,1.458749989978969,,down_proj,89150720.0,64,fp8
06f42c7b72bd,ops_gemm,ops,engine,ops,ok,,,,2026-09-22T17:56:35+00:00,,,256,,108.68800058960915,105.62239959836006,126.59839391708374,103.16800326108932,112.98111960291862,50,10,False,58.639999479055405,,False,108.68800058960915,50.04800111055374,45634027520.0,109876480.0,,419.86260923418564,1010.9347803248161,,6956.032037734985,0.23638588058536797,0.2891418626170336,f64663495a1b4254,5fe3095cfb8a3825d1ed13d9fa8f996433463941,False,sha256:c2914767605584b6d8f45686b82de173ecc99e781897aa3d0a66dacd72c51ae1,97fe1389edd46f63,58.639999479055405,graph,1873.746264940621,778.2064789461539,,,,,,,,,,,,,,,,0.4245625023031607,,down_proj,89150720.0,64,fp8
c52d0f6cf63d,ops_gemm,ops,engine,ops,ok,,,,2026-09-22T17:56:37+00:00,,,784,,223.93599897623062,219.0655991435051,238.95680010318756,218.59200298786163,226.220161318779,50,10,False,182.51200020313263,,False,223.93599897623062,41.42399877309799,139754209280.0,152623360.0,,624.0810317185046,681.5490171198425,,14331.90393447876,0.1593659331042121,0.42977857033799477,f64663495a1b4254,5fe3095cfb8a3825d1ed13d9fa8f996433463941,False,sha256:c2914767605584b6d8f45686b82de173ecc99e781897aa3d0a66dacd72c51ae1,97fe1389edd46f63,182.51200020313263,graph,836.2373971581754,765.7261392371793,,,,,,,,,,,,,,,,0.2856326517553962,,down_proj,89150720.0,64,fp8
756521f1c962,ops_gemm,ops,engine,ops,ok,,,,2026-09-22T17:56:39+00:00,,,2048,,425.9040057659149,420.88960111141205,435.80159544944763,419.6160137653351,426.96832180023193,50,10,False,385.8720064163208,,False,425.9040057659149,40.031999349594116,365072220160.0,254956800.0,,857.1701961419232,598.6250341588221,,27257.856369018555,0.13997590012148234,0.5902973535660675,f64663495a1b4254,5fe3095cfb8a3825d1ed13d9fa8f996433463941,False,sha256:c2914767605584b6d8f45686b82de173ecc99e781897aa3d0a66dacd72c51ae1,97fe1389edd46f63,385.8720064163208,graph,660.7289353996953,946.0966695939077,,,,,,,,,,,,,,,,0.20796094031538814,,down_proj,89150720.0,64,fp8
cbfdab48e358,ops_gemm,ops,engine,ops,ok,,,,2026-09-22T17:56:42+00:00,,,8192,,1406.92800283432,1350.8288502693176,1461.846399307251,1347.2959995269775,1414.7942352294922,50,10,False,1439.2480254173279,,False,1406.92800283432,-32.32002258300781,1460288880640.0,752375040.0,,1037.927227049417,534.7644218355925,,90043.39218139648,0.12504343625482506,0.7147771797002543,f64663495a1b4254,5fe3095cfb8a3825d1ed13d9fa8f996433463941,False,sha256:c2914767605584b6d8f45686b82de173ecc99e781897aa3d0a66dacd72c51ae1,97fe1389edd46f63,1439.2480254173279,graph,522.7556520578443,1014.6193393015573,,,,,,,,,,,,,,,,0.17174414097098634,,down_proj,89150720.0,64,fp8
e2f8a971f4f9,ops_gemm,ops,engine,ops,ok,,,,2026-09-22T17:56:44+00:00,,,1,,54.27199974656105,51.67999863624573,63.24160173535347,51.13599821925163,56.364799812436104,50,10,False,24.575999937951565,,False,54.27199974656105,29.695999808609486,146800640.0,73467712.0,,2.7049056730087058,1353.6945817931703,,868.3519959449768,0.3165330662162053,0.001862755690304605,f64663495a1b4254,5fe3095cfb8a3825d1ed13d9fa8f996433463941,False,sha256:c2914767605584b6d8f45686b82de173ecc99e781897aa3d0a66dacd72c51ae1,97fe1389edd46f63,24.575999937951565,graph,2989.408861714199,5.973333348414551,,,,,,,,,,,,,,,,54.27199974656105,,qkv_proj,73418240.0,16,fp8
07f6d37aeed6,ops_gemm,ops,engine,ops,ok,,,,2026-09-22T17:56:44+00:00,,,8,,45.711999759078026,42.69760139286518,52.89279855787754,41.02399945259094,46.74496002495289,50,10,False,24.960000067949295,,False,45.711999759078026,20.75199969112873,1174405120.0,73814016.0,,25.69139670523324,1614.7623466274006,,731.3919961452484,0.37757828365640933,0.01769259308451758,f64663495a1b4254,5fe3095cfb8a3825d1ed13d9fa8f996433463941,False,sha256:c2914767605584b6d8f45686b82de173ecc99e781897aa3d0a66dacd72c51ae1,97fe1389edd46f63,24.960000067949295,graph,2957.29229964159,47.05148705139762,,,,,,,,,,,,,,,,5.713999969884753,,qkv_proj,73418240.0,16,fp8
e0c9d46c0a7e,ops_gemm,ops,engine,ops,ok,,,,2026-09-22T17:56:46+00:00,,,32,,88.19200098514557,85.02079918980598,102.58239805698395,83.16799998283386,91.05407938361168,50,10,False,27.103999629616737,,False,88.19200098514557,61.08800135552883,4697620480.0,75001344.0,,53.265833947811586,850.4325013856154,,1411.072015762329,0.19885579132401032,0.03668195762802368,f64663495a1b4254,5fe3095cfb8a3825d1ed13d9fa8f996433463941,False,sha256:c2914767605584b6d8f45686b82de173ecc99e781897aa3d0a66dacd72c51ae1,97fe1389edd46f63,27.103999629616737,graph,2767.168868982919,173.31834947587868,,,,,,,,,,,,,,,,2.756000030785799,,qkv_proj,73418240.0,16,fp8
d022a25f1e20,ops_gemm,ops,engine,ops,ok,,,,2026-09-22T17:56:48+00:00,,,64,,87.91999891400337,83.35040137171745,99.69280287623405,81.91999793052673,90.2105601131916,50,10,False,27.408000081777573,,False,87.91999891400337,60.5119988322258,9395240960.0,76584448.0,,106.86124972760416,871.0697104865649,,1406.719982624054,0.20368136953251245,0.07359088451381846,f64663495a1b4254,5fe3095cfb8a3825d1ed13d9fa8f996433463941,False,sha256:c2914767605584b6d8f45686b82de173ecc99e781897aa3d0a66dacd72c51ae1,97fe1389edd46f63,27.408000081777573,graph,2794.237002754455,342.7919195843298,,,,,,,,,,,,,,,,1.3737499830313027,,qkv_proj,73418240.0,16,fp8
19f80c83486d,ops_gemm,ops,engine,ops,ok,,,,2026-09-22T17:56:50+00:00,,,256,,104.15999963879585,101.37599781155586,118.37439984083176,99.35999661684036,107.34015971422195,50,10,False,45.504000037908554,,False,104.15999963879585,58.6559996008873,37580963840.0,86083072.0,,360.8003453371984,826.4503868905272,,1666.5599942207336,0.19324807719293743,0.24846814550585244,f64663495a1b4254,5fe3095cfb8a3825d1ed13d9fa8f996433463941,False,sha256:c2914767605584b6d8f45686b82de173ecc99e781897aa3d0a66dacd72c51ae1,97fe1389edd46f63,45.504000037908554,graph,1891.769337383214,825.8826434751228,,,,,,,,,,,,,,,,0.4068749985890463,,qkv_proj,73418240.0,16,fp8
2ef76f9daf17,ops_gemm,ops,engine,ops,ok,,,,2026-09-22T17:56:54+00:00,,,784,,165.72800278663635,162.300805747509,181.72159790992737,159.19999778270721,169.24992054700851,50,10,False,113.53600025177002,,False,165.72800278663635,52.19200253486633,115091701760.0,112204288.0,,694.4614055849862,677.0387991971126,,2651.6480445861816,0.158311313304749,0.47824659760185423,f64663495a1b4254,5fe3095cfb8a3825d1ed13d9fa8f996433463941,False,sha256:c2914767605584b6d8f45686b82de173ecc99e781897aa3d0a66dacd72c51ae1,97fe1389edd46f63,113.53600025177002,graph,988.2705727802908,1013.7022750914261,,,,,,,,,,,,,,,,0.21138775865642392,,qkv_proj,73418240.0,16,fp8
8c6ec5fc3490,ops_gemm,ops,engine,ops,ok,,,,2026-09-22T17:56:57+00:00,,,2048,,281.1359912157059,272.7040112018585,292.97598898410797,271.07200026512146,281.3465589284897,50,10,False,235.1359948515892,,False,281.1359912157059,45.99999636411667,300647710720.0,174736896.0,,1069.4031362541675,621.5386910953371,,4498.175859451294,0.14533377787758128,0.736453325217537,f64663495a1b4254,5fe3095cfb8a3825d1ed13d9fa8f996433463941,False,sha256:c2914767605584b6d8f45686b82de173ecc99e781897aa3d0a66dacd72c51ae1,97fe1389edd46f63,235.1359948515892,graph,743.1312084323316,1278.6120258183348,,,,,,,,,,,,,,,,0.13727343321079388,,qkv_proj,73418240.0,16,fp8
b633775bad68,ops_gemm,ops,engine,ops,ok,,,,2026-09-22T17:56:57+00:00,,,8192,,962.8960192203522,934.4735980033875,1050.1216053962708,931.2000274658203,990.1817631721497,50,10,False,1047.8879809379578,,False,962.8960192203522,-84.99196171760559,1202590842880.0,478692864.0,,1248.9311606602407,497.1386883368706,,15406.336307525635,0.11624544817600158,0.8600867858474525,f64663495a1b4254,5fe3095cfb8a3825d1ed13d9fa8f996433463941,False,sha256:c2914767605584b6d8f45686b82de173ecc99e781897aa3d0a66dacd72c51ae1,97fe1389edd46f63,1047.8879809379578,graph,456.816828428097,1147.6330149369292,,,,,,,,,,,,,,,,0.1175410179712344,,qkv_proj,73418240.0,16,fp8
b0110ad281af,ops_gemm,ops,engine,ops,ok,,,,2026-09-22T17:56:58+00:00,,,1,,40.09599983692169,38.43199834227562,49.020799994468696,37.88800165057182,42.80767984688282,100,10,True,15.135999768972397,,False,40.09599983692169,24.960000067949295,62914560.0,31500160.0,,1.5690981707872573,785.6185187579144,,641.5359973907471,0.18370040182126604,0.0010805724485872315,f64663495a1b4254,5fe3095cfb8a3825d1ed13d9fa8f996433463941,False,sha256:c2914767605584b6d8f45686b82de173ecc99e781897aa3d0a66dacd72c51ae1,97fe1389edd46f63,15.135999768972397,graph,2081.141680814031,4.1566173995965485,,,,,,,,,,,,,,,,40.09599983692169,,o_proj,31464960.0,16,fp8
2777b4fb1439,ops_gemm,ops,engine,ops,ok,,,,2026-09-22T17:56:58+00:00,,,8,,38.60799968242645,38.07999938726425,46.48960009217262,37.43999823927879,40.753919929265976,100,10,False,14.671999961137772,,False,38.60799968242645,23.93599972128868,503316480.0,31746560.0,,13.036585270930239,822.2793271118463,,617.7279949188232,0.1922727624071103,0.008977752399238042,f64663495a1b4254,5fe3095cfb8a3825d1ed13d9fa8f996433463941,False,sha256:c2914767605584b6d8f45686b82de173ecc99e781897aa3d0a66dacd72c51ae1,97fe1389edd46f63,14.671999961137772,graph,2163.7513688718786,34.3045584332846,,,,,,,,,,,,,,,,4.825999960303307,,o_proj,31464960.0,16,fp8
17ce35ec473e,ops_gemm,ops,engine,ops,ok,,,,2026-09-22T17:57:00+00:00,,,32,,74.8320035636425,71.55200093984604,89.80799838900566,68.7360018491745,77.69600048661232,100,10,False,15.647999942302704,,False,74.8320035636425,59.1840036213398,2013265920.0,32591360.0,,26.903808853491068,435.527026511885,,1197.31205701828,0.10183885418173064,0.018527530750070114,f64663495a1b4254,5fe3095cfb8a3825d1ed13d9fa8f996433463941,False,sha256:c2914767605584b6d8f45686b82de173ecc99e781897aa3d0a66dacd72c51ae1,97fe1389edd46f63,15.647999942302704,graph,2082.7811937736988,128.6596323762342,,,,,,,,,,,,,,,,2.338500111363828,,o_proj,31464960.0,16,fp8
5165dc271601,ops_gemm,ops,engine,ops,ok,,,,2026-09-22T17:57:02+00:00,,,64,,79.40800115466118,76.00959837436676,93.24160143733025,73.5040009021759,82.16639965772629,50,10,False,14.015999622642994,,False,79.40800115466118,65.39200153201818,4026531840.0,33717760.0,,50.706878166566796,424.6141384963044,,1270.5280184745789,0.09928710436215901,0.0349197115392536,f64663495a1b4254,5fe3095cfb8a3825d1ed13d9fa8f996433463941,False,sha256:c2914767605584b6d8f45686b82de173ecc99e781897aa3d0a66dacd72c51ae1,97fe1389edd46f63,14.015999622642994,graph,2405.662165224991,287.281103624967,,,,,,,,,,,,,,,,1.240750018041581,,o_proj,31464960.0,16,fp8
2f854df86eb5,ops_gemm,ops,engine,ops,ok,,,,2026-09-22T17:57:04+00:00,,,256,,85.16800031065941,80.56960254907608,97.35360220074654,79.42400127649307,87.24736034870148,50,10,False,24.447999894618988,,False,85.16800031065941,60.72000041604042,16106127360.0,40476160.0,,189.1100800917149,475.25079668841437,,1362.6880049705505,0.11112742410345455,0.13023222262422596,f64663495a1b4254,5fe3095cfb8a3825d1ed13d9fa8f996433463941,False,sha256:c2914767605584b6d8f45686b82de173ecc99e781897aa3d0a66dacd72c51ae1,97fe1389edd46f63,24.447999894618988,graph,1655.602101377169,658.7912070281448,,,,,,,,,,,,,,,,0.3326875012135133,,o_proj,31464960.0,16,fp8
7f9edb35ad3a,ops_gemm,ops,engine,ops,ok,,,,2026-09-22T17:57:06+00:00,,,784,,122.14400246739388,118.78400295972824,134.22079980373383,117.21599847078323,124.40703973174095,50,10,False,70.28799876570702,,False,122.14400246739388,51.85600370168686,49325015040.0,59061760.0,,403.82674583770273,483.5420389614827,,1954.304039478302,0.11306615709000406,0.27809863250042843,f64663495a1b4254,5fe3095cfb8a3825d1ed13d9fa8f996433463941,False,sha256:c2914767605584b6d8f45686b82de173ecc99e781897aa3d0a66dacd72c51ae1,97fe1389edd46f63,70.28799876570702,graph,840.2822819991255,701.7558602630938,,,,,,,,,,,,,,,,0.155795921514533,,o_proj,31464960.0,16,fp8
81bd79b92a43,ops_gemm,ops,engine,ops,ok,,,,2026-09-22T17:57:09+00:00,,,2048,,186.25599890947342,182.87680000066757,199.66400563716888,181.18399381637573,189.07904028892517,50,10,False,144.57599818706512,,False,186.25599890947342,41.680000722408295,128849018880.0,103554560.0,,691.7845311528725,555.9797300828466,,2980.0959825515747,0.13000419081537726,0.47640314585771104,f64663495a1b4254,5fe3095cfb8a3825d1ed13d9fa8f996433463941,False,sha256:c2914767605584b6d8f45686b82de173ecc99e781897aa3d0a66dacd72c51ae1,97fe1389edd46f63,144.57599818706512,graph,716.2638425363801,891.2199846151767,,,,,,,,,,,,,,,,0.09094531196751632,,o_proj,31464960.0,16,fp8
a11f255d891d,ops_gemm,ops,engine,ops,ok,,,,2026-09-22T17:57:12+00:00,,,8192,,508.7519884109497,504.12479639053345,518.4384107589722,502.27200984954834,509.86559867858887,50,10,False,485.76000332832336,,False,508.7519884109497,22.991985082626343,515396075520.0,319823360.0,,1013.0595796387994,628.6429680578651,,8140.031814575195,0.14699496393863457,0.6976518683887174,f64663495a1b4254,5fe3095cfb8a3825d1ed13d9fa8f996433463941,False,sha256:c2914767605584b6d8f45686b82de173ecc99e781897aa3d0a66dacd72c51ae1,97fe1389edd46f63,485.76000332832336,graph,658.3978874519082,1061.0097002400705,,,,,,,,,,,,,,,,0.06210351421032101,,o_proj,31464960.0,16,fp8
bed3161c05ba,ops_gemm,ops,engine,ops,ok,,,,2026-09-22T17:57:13+00:00,,,1,,54.08000014722347,52.111998572945595,64.96000215411186,51.52000114321709,56.29760004580021,50,10,False,27.2000003606081,,False,54.08000014722347,26.87999978661537,167772160.0,83960128.0,,3.1022958495427,1552.5171555368536,,2595.8400070667267,0.3630235521400836,0.002136421726054557,f64663495a1b4254,5fe3095cfb8a3825d1ed13d9fa8f996433463941,False,sha256:c2914767605584b6d8f45686b82de173ecc99e781897aa3d0a66dacd72c51ae1,97fe1389edd46f63,27.2000003606081,graph,3086.7693708413954,6.168094035872622,,,,,,,,,,,,,,,,54.08000014722347,,in_proj_qkvz,83906560.0,48,fp8
33825c6744ce,ops_gemm,ops,engine,ops,ok,,,,2026-09-22T17:57:13+00:00,,,8,,44.89599913358688,41.600000113248825,55.49440123140812,40.383998304605484,46.61791995167732,100,10,True,27.424000203609467,,False,44.89599913358688,17.471998929977417,1342177280.0,84335104.0,,29.89525360614843,1878.4547760940363,,2155.0079584121704,0.43923722383367564,0.020587613950326843,f64663495a1b4254,5fe3095cfb8a3825d1ed13d9fa8f996433463941,False,sha256:c2914767605584b6d8f45686b82de173ecc99e781897aa3d0a66dacd72c51ae1,97fe1389edd46f63,27.424000203609467,graph,3075.229848813233,48.941703253901906,,,,,,,,,,,,,,,,5.61199989169836,,in_proj_qkvz,83906560.0,48,fp8
6e873b88ee0b,ops_gemm,ops,engine,ops,ok,,,,2026-09-22T17:57:15+00:00,,,32,,89.20000120997429,87.41440251469612,102.54719778895378,85.21600067615509,92.35135987401009,50,10,False,28.815999627113342,,False,89.20000120997429,60.38400158286095,5368709120.0,85620736.0,,60.18732115666916,959.8737089526625,,4281.600058078766,0.2244463207296266,0.04144849710935386,f64663495a1b4254,5fe3095cfb8a3825d1ed13d9fa8f996433463941,False,sha256:c2914767605584b6d8f45686b82de173ecc99e781897aa3d0a66dacd72c51ae1,97fe1389edd46f63,28.815999627113342,graph,2971.2915431688984,186.3100079633716,,,,,,,,,,,,,,,,2.7875000378116965,,in_proj_qkvz,83906560.0,48,fp8
8f1f0d19a0bf,ops_gemm,ops,engine,ops,ok,,,,2026-09-22T17:57:17+00:00,,,64,,89.45600315928459,85.29600128531456,103.1168021261692,82.75199681520462,92.67007991671562,50,10,False,28.656000271439552,,False,89.45600315928459,60.80000288784504,10737418240.0,87334912.0,,120.03015852252024,976.289001471396,,4293.88815164566,0.22828469235619234,0.0826597626035844,f64663495a1b4254,5fe3095cfb8a3825d1ed13d9fa8f996433463941,False,sha256:c2914767605584b6d8f45686b82de173ecc99e781897aa3d0a66dacd72c51ae1,97fe1389edd46f63,28.656000271439552,graph,3047.700696982604,374.7005212971615,,,,,,,,,,,,,,,,1.3977500493638217,,in_proj_qkvz,83906560.0,48,fp8
2b0eddb3bb77,ops_gemm,ops,engine,ops,ok,,,,2026-09-22T17:57:20+00:00,,,256,,98.96000102162361,96.48639783263206,112.0352029800415,93.53599697351456,101.75104022026062,50,10,False,41.6640006005764,,False,98.96000102162361,57.29600042104721,42949672960.0,97619968.0,,434.01043367628023,986.458841877631,,4750.080049037933,0.23066269608761814,0.2988848790733629,f64663495a1b4254,5fe3095cfb8a3825d1ed13d9fa8f996433463941,False,sha256:c2914767605584b6d8f45686b82de173ecc99e781897aa3d0a66dacd72c51ae1,97fe1389edd46f63,41.6640006005764,graph,2343.0291520937017,1030.8581111004933,,,,,,,,,,,,,,,,0.38656250399071723,,in_proj_qkvz,83906560.0,48,fp8
4a351a9baad9,ops_gemm,ops,engine,ops,ok,,,,2026-09-22T17:57:23+00:00,,,784,,186.38399988412857,182.8799992799759,193.96800100803375,181.05599284172058,188.30207914113998,50,10,False,130.0160065293312,,False,186.38399988412857,56.36799335479736,131533373440.0,125903872.0,,705.7117216165112,675.5079410157099,,8946.431994438171,0.15795335424912535,0.4859942208977668,f64663495a1b4254,5fe3095cfb8a3825d1ed13d9fa8f996433463941,False,sha256:c2914767605584b6d8f45686b82de173ecc99e781897aa3d0a66dacd72c51ae1,97fe1389edd46f63,130.0160065293312,graph,968.3720901825768,1011.6706161892959,,,,,,,,,,,,,,,,0.23773469372975584,,in_proj_qkvz,83906560.0,48,fp8
370a85f02292,ops_gemm,ops,engine,ops,ok,,,,2026-09-22T17:57:23+00:00,,,2048,,264.3520087003708,263.8367921113968,265.12639820575714,263.16800713539124,266.2169587612152,50,10,False,275.93599259853363,,False,264.3520087003708,-11.583983898162842,343597383680.0,193613824.0,,1299.7721688184702,732.4091273293527,,12688.896417617798,0.17125850240990068,0.8950988671161585,f64663495a1b4254,5fe3095cfb8a3825d1ed13d9fa8f996433463941,False,sha256:c2914767605584b6d8f45686b82de173ecc99e781897aa3d0a66dacd72c51ae1,97fe1389edd46f63,275.93599259853363,graph,701.6620853869315,1245.2068338178292,,,,,,,,,,,,,,,,0.12907812924822792,,in_proj_qkvz,83906560.0,48,fp8
6f908bdb44cd,ops_gemm,ops,engine,ops,ok,,,,2026-09-22T17:57:23+00:00,,,8192,,1143.8239812850952,1120.793616771698,1214.8128271102905,1076.5119791030884,1148.684802055359,50,10,False,1181.5840005874634,,False,1143.8239812850952,-37.760019302368164,1374389534720.0,522735616.0,,1201.5743306726815,457.0070435249158,,54903.55110168457,0.10686150533137505,0.827474112727509,f64663495a1b4254,5fe3095cfb8a3825d1ed13d9fa8f996433463941,False,sha256:c2914767605584b6d8f45686b82de173ecc99e781897aa3d0a66dacd72c51ae1,97fe1389edd46f63,1181.5840005874634,graph,442.4024155202718,1163.175478033451,,,,,,,,,,,,,,,,0.13962695084046572,,in_proj_qkvz,83906560.0,48,fp8
f59542d5a3e2,ops_gemm,ops,engine,ops,ok,,,,2026-09-22T17:57:23+00:00,,,1,,16.40000008046627,16.00000075995922,21.481599472463138,15.807999297976494,17.72991992533207,100,10,True,8.911999873816967,,False,16.40000008046627,7.488000206649303,983040.0,993472.0,,0.05994146312053257,60.57756067838718,,787.200003862381,0.014164791145154945,8.37122994264229e-05,f64663495a1b4254,5fe3095cfb8a3825d1ed13d9fa8f996433463941,False,sha256:c2914767605584b6d8f45686b82de173ecc99e781897aa3d0a66dacd72c51ae1,97fe1389edd46f63,8.911999873816967,graph,111.47576459451864,0.11030520802498268,,,,,,,,,,,,,,,,16.40000008046627,,in_proj_ba,983040.0,48,bf16
e4af286933a2,ops_gemm,ops,engine,ops,ok,,,,2026-09-22T17:57:23+00:00,,,8,,16.656000167131424,16.220800578594208,18.038400635123253,16.063999384641647,17.553919926285744,50,10,False,8.895999751985073,,False,16.656000167131424,7.760000415146351,7864320.0,1066496.0,,0.47216137854749024,64.03073903088685,,799.4880080223083,0.014972244426574039,0.0006594052370573656,f64663495a1b4254,5fe3095cfb8a3825d1ed13d9fa8f996433463941,False,sha256:c2914767605584b6d8f45686b82de173ecc99e781897aa3d0a66dacd72c51ae1,97fe1389edd46f63,8.895999751985073,graph,119.88489542864698,0.8840288016245885,,,,,,,,,,,,,,,,2.082000020891428,,in_proj_ba,983040.0,48,bf16
53a015906cc2,ops_gemm,ops,engine,ops,ok,,,,2026-09-22T17:57:23+00:00,,,32,,16.751999966800213,16.37759990990162,18.092799559235573,16.095999628305435,17.46751993894577,50,10,False,9.312000125646591,,False,16.751999966800213,7.439999841153622,31457280.0,1316864.0,,1.8778223532917444,78.60936023219998,,804.0959984064102,0.018381149014153518,0.0026225056734482982,f64663495a1b4254,5fe3095cfb8a3825d1ed13d9fa8f996433463941,False,sha256:c2914767605584b6d8f45686b82de173ecc99e781897aa3d0a66dacd72c51ae1,97fe1389edd46f63,9.312000125646591,graph,141.4158056520174,3.378144284315688,,,,,,,,,,,,,,,,0.5234999989625067,,in_proj_ba,983040.0,48,bf16
6f27aea95c81,ops_gemm,ops,engine,ops,ok,,,,2026-09-22T17:57:23+00:00,,,64,,16.656000167131424,16.34879969060421,18.112000077962875,16.127999871969223,17.757440023124218,50,10,False,9.440000168979168,,False,16.656000167131424,7.215999998152256,62914560.0,1650688.0,,3.777291028379922,99.10470601804091,,799.4880080223083,0.02317355546388608,0.005275241896458924,f64663495a1b4254,5fe3095cfb8a3825d1ed13d9fa8f996433463941,False,sha256:c2914767605584b6d8f45686b82de173ecc99e781897aa3d0a66dacd72c51ae1,97fe1389edd46f63,9.440000168979168,graph,174.86101381908173,6.664677846801726,,,,,,,,,,,,,,,,0.2602500026114285,,in_proj_ba,983040.0,48,bf16
a08bcc4d2292,ops_gemm,ops,engine,ops,ok,,,,2026-09-22T17:57:23+00:00,,,256,,16.672000288963318,16.252800822257996,19.056000374257565,16.16000011563301,17.708800248801708,50,10,False,9.759999811649323,,False,16.672000288963318,6.912000477313995,251658240.0,3653632.0,,15.094663845861076,219.14778890800912,,800.2560138702393,0.05124311089852056,0.02108071698325097,f64663495a1b4254,5fe3095cfb8a3825d1ed13d9fa8f996433463941,False,sha256:c2914767605584b6d8f45686b82de173ecc99e781897aa3d0a66dacd72c51ae1,97fe1389edd46f63,9.759999811649323,graph,374.34754820784985,25.784656235303018,,,,,,,,,,,,,,,,0.06512500112876296,,in_proj_ba,983040.0,48,bf16
fb281d58e017,ops_gemm,ops,engine,ops,ok,,,,2026-09-22T17:57:23+00:00,,,784,,17.712000757455826,17.44000054895878,18.537599407136444,17.376000061631203,18.353280015289783,50,10,False,12.368000112473965,,False,17.712000757455826,5.344000644981861,770703360.0,9161728.0,,43.513060469782005,517.2610438232616,,850.1760363578796,0.12095063867263682,0.06076892617188543,f64663495a1b4254,5fe3095cfb8a3825d1ed13d9fa8f996433463941,False,sha256:c2914767605584b6d8f45686b82de173ecc99e781897aa3d0a66dacd72c51ae1,97fe1389edd46f63,12.368000112473965,graph,740.7606659673118,62.31430732464933,,,,,,,,,,,,,,,,0.022591837700836514,,in_proj_ba,983040.0,48,bf16
3f1dfe163e7c,ops_gemm,ops,engine,ops,ok,,,,2026-09-22T17:57:23+00:00,,,2048,,17.823999747633934,17.59679988026619,19.337600097060204,17.343999817967415,18.86144008487463,50,10,False,11.296000331640244,,False,17.823999747633934,6.5279994159936905,2013265920.0,22347776.0,,112.95253301758227,1253.802531217303,,855.5519878864288,0.29317540675248843,0.15774583689969754,f64663495a1b4254,5fe3095cfb8a3825d1ed13d9fa8f996433463941,False,sha256:c2914767605584b6d8f45686b82de173ecc99e781897aa3d0a66dacd72c51ae1,97fe1389edd46f63,11.296000331640244,graph,1978.379545316017,178.22821006483298,,,,,,,,,,,,,,,,0.008703124876774382,,in_proj_ba,983040.0,48,bf16
76380a701243,ops_gemm,ops,engine,ops,ok,,,,2026-09-22T17:57:23+00:00,,,8192,,26.863999664783478,26.27200074493885,27.904000133275986,26.11199952661991,27.226880006492138,50,10,False,26.623999699950218,,False,26.863999664783478,0.23999996483325958,8053063680.0,86441984.0,,299.7715820610627,3217.7629942915173,,1289.471983909607,0.752406340868218,0.41865124957939504,f64663495a1b4254,5fe3095cfb8a3825d1ed13d9fa8f996433463941,False,sha256:c2914767605584b6d8f45686b82de173ecc99e781897aa3d0a66dacd72c51ae1,97fe1389edd46f63,26.623999699950218,graph,3246.7692673599913,302.4738495626958,,,,,,,,,,,,,,,,0.0032792968340800144,,in_proj_ba,983040.0,48,bf16
9e99adb167cf,ops_gemm,ops,engine,ops,ok,,,,2026-09-22T17:57:23+00:00,,,1,,39.59999978542328,38.87680172920227,47.644799947738655,38.59199956059456,41.84128023684025,50,10,False,15.552000142633915,,False,39.59999978542328,24.047999642789364,62914560.0,31500160.0,,1.5887515237603305,795.4585901688611,,1900.7999897003174,0.18600129599443135,0.0010941068928562014,f64663495a1b4254,5fe3095cfb8a3825d1ed13d9fa8f996433463941,False,sha256:c2914767605584b6d8f45686b82de173ecc99e781897aa3d0a66dacd72c51ae1,97fe1389edd46f63,15.552000142633915,graph,2025.4732324523422,4.045432061663078,,,,,,,,,,,,,,,,39.59999978542328,,out_proj,31464960.0,48,fp8
7eada20fffbb,ops_gemm,ops,engine,ops,ok,,,,2026-09-22T17:57:23+00:00,,,8,,38.416000083088875,37.50399872660637,46.59520052373409,37.43999823927879,40.5401598662138,50,10,False,14.879999682307243,,False,38.416000083088875,23.53600040078163,503316480.0,31746560.0,,13.101740912937087,826.3890027940513,,1843.968003988266,0.19323372381032383,0.009022622371642185,f64663495a1b4254,5fe3095cfb8a3825d1ed13d9fa8f996433463941,False,sha256:c2914767605584b6d8f45686b82de173ecc99e781897aa3d0a66dacd72c51ae1,97fe1389edd46f63,14.879999682307243,graph,2133.505421895109,33.82503298023978,,,,,,,,,,,,,,,,4.802000010386109,,out_proj,31464960.0,48,fp8
97d4d6593484,ops_gemm,ops,engine,ops,ok,,,,2026-09-22T17:57:23+00:00,,,32,,73.99999722838402,70.68480178713799,87.967998534441,69.66400146484375,76.3148795068264,50,10,False,15.263999812304974,,False,73.99999722838402,58.735997416079044,2013265920.0,32591360.0,,27.206297235208222,440.4238002795358,,3551.999866962433,0.10298386195238181,0.018735841878963534,f64663495a1b4254,5fe3095cfb8a3825d1ed13d9fa8f996433463941,False,sha256:c2914767605584b6d8f45686b82de173ecc99e781897aa3d0a66dacd72c51ae1,97fe1389edd46f63,15.263999812304974,graph,2135.178223320384,131.89635382313222,,,,,,,,,,,,,,,,2.3124999133870006,,out_proj,31464960.0,48,fp8
cb8f0a03f821,ops_gemm,ops,engine,ops,ok,,,,2026-09-22T17:57:23+00:00,,,64,,73.37599992752075,70.64960151910782,87.06559762358665,69.18399780988693,76.76223993301392,50,10,False,13.999999966472387,,False,73.37599992752075,59.375999961048365,4026531840.0,33717760.0,,54.87532495607995,459.5202795642402,,3522.047996520996,0.10744917283064112,0.03779034693862436,f64663495a1b4254,5fe3095cfb8a3825d1ed13d9fa8f996433463941,False,sha256:c2914767605584b6d8f45686b82de173ecc99e781897aa3d0a66dacd72c51ae1,97fe1389edd46f63,13.999999966472387,graph,2408.4114343391634,287.6094178316327,,,,,,,,,,,,,,,,1.1464999988675117,,out_proj,31464960.0,48,fp8
5ab8bf70619e,ops_gemm,ops,engine,ops,ok,,,,2026-09-22T17:57:23+00:00,,,256,,76.78399980068207,74.29439947009087,88.33280056715012,72.60800153017044,79.31584030389786,50,10,False,24.752000346779823,,False,76.78399980068207,52.031999453902245,16106127360.0,40476160.0,,209.75890031528328,527.1431561922938,,3685.6319904327393,0.12326136324148255,0.1444522036584426,f64663495a1b4254,5fe3095cfb8a3825d1ed13d9fa8f996433463941,False,sha256:c2914767605584b6d8f45686b82de173ecc99e781897aa3d0a66dacd72c51ae1,97fe1389edd46f63,24.752000346779823,graph,1635.268238240222,650.7000296683241,,,,,,,,,,,,,,,,0.2999374992214143,,out_proj,31464960.0,48,fp8
3540ff1faca3,ops_gemm,ops,engine,ops,ok,,,,2026-09-22T17:57:23+00:00,,,784,,81.40800148248672,78.44800129532814,96.63039743900299,76.64000242948532,85.29407992959023,50,10,False,71.55200093984604,,False,81.40800148248672,9.856000542640686,49325015040.0,59061760.0,,605.89885689076,725.5031314422569,,3907.584071159363,0.16964368021675627,0.41725726508123084,f64663495a1b4254,5fe3095cfb8a3825d1ed13d9fa8f996433463941,False,sha256:c2914767605584b6d8f45686b82de173ecc99e781897aa3d0a66dacd72c51ae1,97fe1389edd46f63,71.55200093984604,graph,825.4382718053321,689.3589891562597,,,,,,,,,,,,,,,,0.1038367365848045,,out_proj,31464960.0,48,fp8
fb9d77b0c6e0,ops_gemm,ops,engine,ops,ok,,,,2026-09-22T17:57:23+00:00,,,2048,,145.74400335550308,145.20960301160812,146.43199741840363,144.6399986743927,147.02143996953964,50,10,False,145.29599994421005,,False,145.74400335550308,0.4480034112930298,128849018880.0,103554560.0,,884.0776698421524,710.523641562162,,6995.712161064148,0.16614104090219226,0.6088274081431915,f64663495a1b4254,5fe3095cfb8a3825d1ed13d9fa8f996433463941,False,sha256:c2914767605584b6d8f45686b82de173ecc99e781897aa3d0a66dacd72c51ae1,97fe1389edd46f63,145.29599994421005,graph,712.7144590337126,886.8036210871237,,,,,,,,,,,,,,,,0.07116406413842924,,out_proj,31464960.0,48,fp8
c5fbe5e633b8,ops_gemm,ops,engine,ops,ok,,,,2026-09-22T17:57:23+00:00,,,8192,,471.903994679451,470.97599506378174,507.97760486602783,470.0160026550293,477.40928053855896,50,10,False,507.79202580451965,,False,471.903994679451,-35.888031125068665,515396075520.0,319823360.0,,1092.1629851217763,677.7297153783272,,22651.391744613647,0.15847286955257603,0.7521270836083253,f64663495a1b4254,5fe3095cfb8a3825d1ed13d9fa8f996433463941,False,sha256:c2914767605584b6d8f45686b82de173ecc99e781897aa3d0a66dacd72c51ae1,97fe1389edd46f63,507.79202580451965,graph,629.8313950347848,1014.9747324279717,,,,,,,,,,,,,,,,0.05760546810051892,,out_proj,31464960.0,48,fp8
d1656de9675d,ops_gemm,ops,engine,ops,ok,,,,2026-09-22T17:57:23+00:00,,,1,,561.3439977169037,555.369621515274,575.4112005233765,553.2159805297852,564.9459171295166,50,10,False,563.3120238780975,,False,561.3439977169037,-1.9680261611938477,2542796800.0,2543303680.0,,4.529836981141785,4530.7399568608835,,561.3439977169037,1.0594184464221874,0.006326223117972759,f64663495a1b4254,5fe3095cfb8a3825d1ed13d9fa8f996433463941,False,sha256:c2914767605584b6d8f45686b82de173ecc99e781897aa3d0a66dacd72c51ae1,97fe1389edd46f63,563.3120238780975,graph,4514.911047860713,4.514011226840543,,,,,,,,,,,,,,,,561.3439977169037,,lm_head,2542796800.0,1,bf16
d8ad98cd560c,ops_gemm,ops,engine,ops,ok,,,,2026-09-22T17:57:23+00:00,,,8,,560.4639947414398,557.6287806034088,567.7312016487122,555.2639961242676,562.2297596931458,50,10,False,561.6640150547028,,False,560.4639947414398,-1.2000203132629395,20342374400.0,2546851840.0,,36.2955954189075,4544.184575451533,,560.4639947414398,1.0625621883000405,0.05068924903381459,f64663495a1b4254,5fe3095cfb8a3825d1ed13d9fa8f996433463941,False,sha256:c2914767605584b6d8f45686b82de173ecc99e781897aa3d0a66dacd72c51ae1,97fe1389edd46f63,561.6640150547028,graph,4534.475721667787,36.21804825437993,,,,,,,,,,,,,,,,70.05799934267998,,lm_head,2542796800.0,1,bf16
0d37c1040004,ops_gemm,ops,engine,ops,ok,,,,2026-09-22T17:57:23+00:00,,,32,,567.5999820232391,565.0144159793854,576.0544240474701,563.5200142860413,569.6710419654846,50,10,False,574.4320154190063,,False,567.5999820232391,-6.832033395767212,81369497600.0,2559016960.0,,143.3571180005226,4508.486682607448,,567.5999820232391,1.0542149852962224,0.2002078922037191,f64663495a1b4254,5fe3095cfb8a3825d1ed13d9fa8f996433463941,False,sha256:c2914767605584b6d8f45686b82de173ecc99e781897aa3d0a66dacd72c51ae1,97fe1389edd46f63,574.4320154190063,graph,4454.864790454591,141.65209357393996,,,,,,,,,,,,,,,,17.737499438226223,,lm_head,2542796800.0,1,bf16
5be2e572cba2,ops_gemm,ops,engine,ops,ok,,,,2026-09-22T17:57:23+00:00,,,64,,571.9520151615143,569.5903897285461,575.4304111003876,568.1279897689819,572.5216007232666,50,10,False,571.4560151100159,,False,571.9520151615143,0.4960000514984131,162738995200.0,2575237120.0,,284.5326021869928,4502.5405134253715,,571.9520151615143,1.0528245984329245,0.39736898552110594,f64663495a1b4254,5fe3095cfb8a3825d1ed13d9fa8f996433463941,False,sha256:c2914767605584b6d8f45686b82de173ecc99e781897aa3d0a66dacd72c51ae1,97fe1389edd46f63,571.4560151100159,graph,4506.448531308607,284.77956465060527,,,,,,,,,,,,,,,,8.93675023689866,,lm_head,2542796800.0,1,bf16
e5ed7f8c9b2d,ops_gemm,ops,engine,ops,ok,,,,2026-09-22T17:57:23+00:00,,,256,,876.255989074707,874.668824672699,957.046389579773,873.5679984092712,889.8284769058228,50,10,False,1029.5199751853943,,False,876.255989074707,-153.26398611068726,650955980800.0,2672558080.0,,742.8833456389665,3049.9741095317586,,876.255989074707,0.7131724317691279,1.0374867384197985,f64663495a1b4254,5fe3095cfb8a3825d1ed13d9fa8f996433463941,False,sha256:c2914767605584b6d8f45686b82de173ecc99e781897aa3d0a66dacd72c51ae1,97fe1389edd46f63,1029.5199751853943,graph,2595.9263971723617,632.2907728747826,,,,,,,,,,,,,,,,3.4228749573230743,,lm_head,2542796800.0,1,bf16
760815781e68,ops_gemm,ops,engine,ops,ok,,,,2026-09-22T17:57:24+00:00,,,784,,2962.0479345321655,2872.995185852051,2964.678406715393,2871.9680309295654,2940.8819150924683,50,10,False,2961.6960287094116,,False,2962.0479345321655,0.35190582275390625,1993552691200.0,2940190720.0,,673.0318803955709,992.6209112697504,,2962.0479345321655,0.23210356668365825,0.9399344520821882,f64663495a1b4254,5fe3095cfb8a3825d1ed13d9fa8f996433463941,False,sha256:c2914767605584b6d8f45686b82de173ecc99e781897aa3d0a66dacd72c51ae1,97fe1389edd46f63,2961.6960287094116,graph,992.7388535146929,673.1118493847292,,,,,,,,,,,,,,,,3.778122365474701,,lm_head,2542796800.0,1,bf16
82c6b3e68ae4,ops_gemm,ops,engine,ops,ok,,,,2026-09-22T17:57:25+00:00,,,2048,,8159.776210784912,7623.244905471802,8360.867404937744,7617.40779876709,8054.844207763672,50,10,False,7656.7041873931885,,False,8159.776210784912,503.07202339172363,5207647846400.0,3580887040.0,,638.2096410336555,438.84623150167806,,8159.776210784912,0.10261498060415274,0.8913028442366885,f64663495a1b4254,5fe3095cfb8a3825d1ed13d9fa8f996433463941,False,sha256:c2914767605584b6d8f45686b82de173ecc99e781897aa3d0a66dacd72c51ae1,97fe1389edd46f63,7656.7041873931885,graph,467.6799511068944,680.1422281631861,,,,,,,,,,,,,,,,3.9842657279223204,,lm_head,2542796800.0,1,bf16
2646c7ef1333,ops_gemm,ops,bf16,ops,ok,,,,2026-09-22T17:57:25+00:00,,,1,,95.72799876332283,91.9295996427536,98.90560060739517,89.72799777984619,95.87392017245293,50,10,False,95.08800134062767,,False,95.72799876332283,0.6399974226951599,356515840.0,178391872.0,,3.7242587811894725,1863.5286886238448,,6126.591920852661,0.4357470715518422,0.0025647416492387437,f64663495a1b4254,5fe3095cfb8a3825d1ed13d9fa8f996433463941,False,sha256:c2914767605584b6d8f45686b82de173ecc99e781897aa3d0a66dacd72c51ae1,97fe1389edd46f63,95.08800134062767,graph,1876.0713179884622,3.749325203743384,,,,,,,,,,,,,,,,95.72799876332283,,gate_up_proj,178301440.0,64,bf16
a7ae855718c1,ops_gemm,ops,bf16,ops,ok,,,,2026-09-22T17:57:25+00:00,,,8,,89.56799656152725,86.03199943900108,92.40640252828598,82.65600353479385,89.75551962852478,50,10,False,89.4400030374527,,False,89.56799656152725,0.12799352407455444,2852126720.0,179024896.0,,31.843145202435995,1998.7596337160655,,5732.351779937744,0.4673679897951983,0.02192904562807005,f64663495a1b4254,5fe3095cfb8a3825d1ed13d9fa8f996433463941,False,sha256:c2914767605584b6d8f45686b82de173ecc99e781897aa3d0a66dacd72c51ae1,97fe1389edd46f63,89.4400030374527,graph,2001.6199678015882,31.888714480540457,,,,,,,,,,,,,,,,11.195999570190907,,gate_up_proj,178301440.0,64,bf16
b8dbfe4a2875,ops_gemm,ops,bf16,ops,ok,,,,2026-09-22T17:57:25+00:00,,,32,,89.88799899816513,88.06079998612404,92.43840277194977,85.95199882984161,90.39999961853027,50,10,False,90.7679982483387,,False,89.88799899816513,-0.8799992501735687,11408506880.0,181195264.0,,126.91913277803503,2015.7892713097185,,5752.831935882568,0.47135001312348057,0.08740391177036418,f64663495a1b4254,5fe3095cfb8a3825d1ed13d9fa8f996433463941,False,sha256:c2914767605584b6d8f45686b82de173ecc99e781897aa3d0a66dacd72c51ae1,97fe1389edd46f63,90.7679982483387,graph,1996.2461164369279,125.68864688176383,,,,,,,,,,,,,,,,2.8089999686926603,,gate_up_proj,178301440.0,64,bf16
6ced0b25b575,ops_gemm,ops,bf16,ops,ok,,,,2026-09-22T17:57:25+00:00,,,64,,90.81599861383438,89.63199704885483,91.46240279078484,88.92799913883209,91.00159972906113,50,10,False,90.46400338411331,,False,90.81599861383438,0.35199522972106934,22817013760.0,184089088.0,,251.2444294867247,2027.055703949028,,5812.2239112854,0.47398443193301365,0.17302155685272363,f64663495a1b4254,5fe3095cfb8a3825d1ed13d9fa8f996433463941,False,sha256:c2914767605584b6d8f45686b82de173ecc99e781897aa3d0a66dacd72c51ae1,97fe1389edd46f63,90.46400338411331,graph,2034.9429730447737,252.2220209857192,,,,,,,,,,,,,,,,1.4189999783411622,,gate_up_proj,178301440.0,64,bf16
80fd952269f6,ops_gemm,ops,bf16,ops,ok,,,,2026-09-22T17:57:25+00:00,,,256,,133.00800323486328,132.34559446573257,133.92319977283478,131.6480040550232,133.6672008037567,50,10,False,133.15200060606003,,False,133.00800323486328,-0.14399737119674683,91268055040.0,201452032.0,,686.1846867879101,1514.5857925878297,,8512.51220703125,0.3541540990289469,0.4725467666649937,f64663495a1b4254,5fe3095cfb8a3825d1ed13d9fa8f996433463941,False,sha256:c2914767605584b6d8f45686b82de173ecc99e781897aa3d0a66dacd72c51ae1,97fe1389edd46f63,133.15200060606003,graph,1512.9478421883468,685.4426116361799,,,,,,,,,,,,,,,,0.5195625126361847,,gate_up_proj,178301440.0,64,bf16
af6b88161fe6,ops_gemm,ops,bf16,ops,ok,,,,2026-09-22T17:57:25+00:00,,,784,,366.7519986629486,365.4943972826004,395.66080272197723,364.80000615119934,377.09119975566864,50,10,False,430.27201294898987,,False,366.7519986629486,-63.52001428604126,279508418560.0,249200128.0,,762.1183240418359,679.4785820077268,,23472.12791442871,0.15888180530813895,0.5248390947456781,f64663495a1b4254,5fe3095cfb8a3825d1ed13d9fa8f996433463941,False,sha256:c2914767605584b6d8f45686b82de173ecc99e781897aa3d0a66dacd72c51ae1,97fe1389edd46f63,430.27201294898987,graph,579.1688060118925,649.6086432494428,,,,,,,,,,,,,,,,0.46779591666192427,,gate_up_proj,178301440.0,64,bf16
56955adba2c4,ops_gemm,ops,bf16,ops,ok,,,,2026-09-22T17:57:25+00:00,,,2048,,1094.9440002441406,1092.7583575248718,1102.3647665977478,1091.7439460754395,1097.8937482833862,50,10,False,1122.5599646568298,,False,1094.9440002441406,-27.61596441268921,730144440320.0,363506176.0,,666.8326783444625,331.98608871225264,,70076.416015625,0.07762797902464401,0.45921984580170233,f64663495a1b4254,5fe3095cfb8a3825d1ed13d9fa8f996433463941,False,sha256:c2914767605584b6d8f45686b82de173ecc99e781897aa3d0a66dacd72c51ae1,97fe1389edd46f63,1122.5599646568298,graph,323.8189383594532,650.4280067953496,,,,,,,,,,,,,,,,0.5346406251192093,,gate_up_proj,178301440.0,64,bf16
9a8bdff88a57,ops_gemm,ops,bf16,ops,ok,,,,2026-09-22T17:57:26+00:00,,,8192,,4287.727832794189,4277.916955947876,4443.254470825195,4276.063919067383,4346.929931640625,50,10,False,4292.720079421997,,False,4287.727832794189,-4.992246627807617,2920577761280.0,919120384.0,,681.1481220758229,214.36071034411611,,274414.5812988281,0.050123753048953244,0.4690782946695942,f64663495a1b4254,5fe3095cfb8a3825d1ed13d9fa8f996433463941,False,sha256:c2914767605584b6d8f45686b82de173ecc99e781897aa3d0a66dacd72c51ae1,97fe1389edd46f63,4292.720079421997,graph,214.1114181672328,680.3559764542691,,,,,,,,,,,,,,,,0.5234042764641345,,gate_up_proj,178301440.0,64,bf16
e6b12d1af517,ops_gemm,ops,bf16,ops,ok,,,,2026-09-22T17:57:26+00:00,,,1,,51.35999992489815,50.492800772190094,52.70719900727272,50.20799860358238,51.765760108828545,50,10,False,52.09600180387497,,False,51.35999992489815,-0.7360018789768219,178257920.0,89231680.0,,3.4707538991561537,1737.3769495810016,,3287.0399951934814,0.4062491350861123,0.0023901634130216163,f64663495a1b4254,5fe3095cfb8a3825d1ed13d9fa8f996433463941,False,sha256:c2914767605584b6d8f45686b82de173ecc99e781897aa3d0a66dacd72c51ae1,97fe1389edd46f63,52.09600180387497,graph,1712.8316360232243,3.421719783239507,,,,,,,,,,,,,,,,51.35999992489815,,down_proj,89150720.0,64,bf16
f0c70b39286c,ops_gemm,ops,bf16,ops,ok,,,,2026-09-22T17:57:26+00:00,,,8,,51.631998270750046,50.57600140571594,53.05920131504536,49.60000142455101,51.98335997760296,50,10,False,51.88800022006035,,False,51.631998270750046,-0.25600194931030273,1426063360.0,89798400.0,,27.619759214469077,1739.2005540655503,,3304.447889328003,0.406675546720482,0.019020575894747562,f64663495a1b4254,5fe3095cfb8a3825d1ed13d9fa8f996433463941,False,sha256:c2914767605584b6d8f45686b82de173ecc99e781897aa3d0a66dacd72c51ae1,97fe1389edd46f63,51.88800022006035,graph,1730.6197891450663,27.483490478568715,,,,,,,,,,,,,,,,6.453999783843756,,down_proj,89150720.0,64,bf16
f70cf26d5cea,ops_gemm,ops,bf16,ops,ok,,,,2026-09-22T17:57:26+00:00,,,32,,50.52800104022026,49.91680011153221,51.72159895300865,49.855999648571014,50.962560176849365,50,10,False,49.775999039411545,,False,50.52800104022026,0.7520020008087158,5704253440.0,91741440.0,,112.89291724522049,1815.6554407718181,,3233.7920665740967,0.4245529173193141,0.07774464229642085,f64663495a1b4254,5fe3095cfb8a3825d1ed13d9fa8f996433463941,False,sha256:c2914767605584b6d8f45686b82de173ecc99e781897aa3d0a66dacd72c51ae1,97fe1389edd46f63,49.775999039411545,graph,1843.085860062018,114.59847215690232,,,,,,,,,,,,,,,,1.5790000325068831,,down_proj,89150720.0,64,bf16
7ca2e0d771af,ops_gemm,ops,bf16,ops,ok,,,,2026-09-22T17:57:26+00:00,,,64,,53.90400066971779,52.82239988446236,55.0495982170105,52.25599929690361,54.099839851260185,50,10,False,52.86400020122528,,False,53.90400066971779,1.040000468492508,11408506880.0,94332160.0,,211.64490090267225,1750.002946497327,,3449.8560428619385,0.40920145946689457,0.14575101358040518,f64663495a1b4254,5fe3095cfb8a3825d1ed13d9fa8f996433463941,False,sha256:c2914767605584b6d8f45686b82de173ecc99e781897aa3d0a66dacd72c51ae1,97fe1389edd46f63,52.86400020122528,graph,1784.4309859436926,215.8086190332523,,,,,,,,,,,,,,,,0.8422500104643404,,down_proj,89150720.0,64,bf16
b6dea1f1738d,ops_gemm,ops,bf16,ops,ok,,,,2026-09-22T17:57:26+00:00,,,256,,78.22399958968163,77.11679860949516,78.96319776773453,76.64000242948532,78.49663957953453,50,10,False,77.45600119233131,,False,78.22399958968163,0.7679983973503113,45634027520.0,109876480.0,,583.376300871472,1404.638992845536,,5006.335973739624,0.328445347504665,0.4017469203753961,f64663495a1b4254,5fe3095cfb8a3825d1ed13d9fa8f996433463941,False,sha256:c2914767605584b6d8f45686b82de173ecc99e781897aa3d0a66dacd72c51ae1,97fe1389edd46f63,77.45600119233131,graph,1418.5663900614397,589.1606436883562,,,,,,,,,,,,,,,,0.30556249839719385,,down_proj,89150720.0,64,bf16
ea86b496d3e3,ops_gemm,ops,bf16,ops,ok,,,,2026-09-22T17:57:26+00:00,,,784,,186.36800348758698,185.8495995402336,186.9824007153511,185.5359971523285,187.03551977872849,50,10,False,202.09600031375885,,False,186.36800348758698,-15.727996826171875,139754209280.0,152623360.0,,749.8830628901828,818.935424235338,,11927.552223205566,0.1914908609022463,0.5164131808367272,f64663495a1b4254,5fe3095cfb8a3825d1ed13d9fa8f996433463941,False,sha256:c2914767605584b6d8f45686b82de173ecc99e781897aa3d0a66dacd72c51ae1,97fe1389edd46f63,202.09600031375885,graph,755.2022789320353,691.5238751040508,,,,,,,,,,,,,,,,0.23771429016273848,,down_proj,89150720.0,64,bf16
e7fef784b5ce,ops_gemm,ops,bf16,ops,ok,,,,2026-09-22T17:57:26+00:00,,,2048,,510.2880001068115,467.57761240005493,510.97601652145386,466.94400906562805,496.0620766878128,50,10,False,557.3440194129944,,False,510.2880001068115,-47.05601930618286,365072220160.0,254956800.0,,715.4238784442991,499.6331482351798,,32658.432006835938,0.11682872526877038,0.4926825781209484,f64663495a1b4254,5fe3095cfb8a3825d1ed13d9fa8f996433463941,False,sha256:c2914767605584b6d8f45686b82de173ecc99e781897aa3d0a66dacd72c51ae1,97fe1389edd46f63,557.3440194129944,graph,457.4496022555791,655.0213287378615,,,,,,,,,,,,,,,,0.24916406255215406,,down_proj,89150720.0,64,bf16
da0b3ec9621c,ops_gemm,ops,bf16,ops,ok,,,,2026-09-22T17:57:26+00:00,,,8192,,2161.328077316284,2134.3710899353027,2179.4496536254883,2132.4479579925537,2159.651207923889,50,10,False,2185.5039596557617,,False,2161.328077316284,-24.17588233947754,1460288880640.0,752375040.0,,675.6442466861566,348.10774351954115,,138324.9969482422,0.08139768963534212,0.4652880053064075,f64663495a1b4254,5fe3095cfb8a3825d1ed13d9fa8f996433463941,False,sha256:c2914767605584b6d8f45686b82de173ecc99e781897aa3d0a66dacd72c51ae1,97fe1389edd46f63,2185.5039596557617,graph,344.2570015377627,668.1703202541943,,,,,,,,,,,,,,,,0.26383399381302297,,down_proj,89150720.0,64,bf16
f055819e103b,ops_gemm,ops,bf16,ops,ok,,,,2026-09-22T17:57:26+00:00,,,1,,44.51199993491173,44.096000492572784,45.398399233818054,43.83999854326248,44.89663988351822,50,10,False,44.624000787734985,,False,44.51199993491173,-0.11200085282325745,146800640.0,73467712.0,,3.298001442637069,1650.5147400123371,,712.1919989585876,0.385938230467832,0.0022711960033237077,f64663495a1b4254,5fe3095cfb8a3825d1ed13d9fa8f996433463941,False,sha256:c2914767605584b6d8f45686b82de173ecc99e781897aa3d0a66dacd72c51ae1,97fe1389edd46f63,44.624000787734985,graph,1646.3721473443677,3.2897238573092826,,,,,,,,,,,,,,,,44.51199993491173,,qkv_proj,73418240.0,16,bf16
4d1e824bac23,ops_gemm,ops,bf16,ops,ok,,,,2026-09-22T17:57:26+00:00,,,8,,44.224001467227936,43.5199998319149,45.347198843955994,43.327998369932175,44.6035198867321,50,10,False,44.22399960458279,,False,44.224001467227936,1.862645149230957e-06,1174405120.0,73814016.0,,26.555831246303875,1669.0940111943435,,707.584023475647,0.39028260308658963,0.018287893089372866,f64663495a1b4254,5fe3095cfb8a3825d1ed13d9fa8f996433463941,False,sha256:c2914767605584b6d8f45686b82de173ecc99e781897aa3d0a66dacd72c51ae1,97fe1389edd46f63,44.22399960458279,graph,1669.0940814939522,26.555832364793623,,,,,,,,,,,,,,,,5.528000183403492,,qkv_proj,73418240.0,16,bf16
cf0b6bc44d68,ops_gemm,ops,bf16,ops,ok,,,,2026-09-22T17:57:26+00:00,,,32,,41.999999433755875,41.596800088882446,43.459199368953705,41.31200164556503,42.586880177259445,50,10,False,42.11200028657913,,False,41.999999433755875,-0.11200085282325745,4697620480.0,75001344.0,,111.8481081746032,1785.746309789723,,671.999990940094,0.41755929478070286,0.0770251258781609,f64663495a1b4254,5fe3095cfb8a3825d1ed13d9fa8f996433463941,False,sha256:c2914767605584b6d8f45686b82de173ecc99e781897aa3d0a66dacd72c51ae1,97fe1389edd46f63,42.11200028657913,graph,1780.9969483663433,111.5506375387518,,,,,,,,,,,,,,,,1.312499982304871,,qkv_proj,73418240.0,16,bf16
415c062fd308,ops_gemm,ops,bf16,ops,ok,,,,2026-09-22T17:57:26+00:00,,,64,,40.16000032424927,39.580799639225006,41.603200137615204,39.135999977588654,40.65855987370014,50,10,False,40.063999593257904,,False,40.16000032424927,0.09600073099136353,9395240960.0,76584448.0,,233.94524113902952,1906.98325153541,,642.5600051879883,0.4459080090516898,0.16110832754721632,f64663495a1b4254,5fe3095cfb8a3825d1ed13d9fa8f996433463941,False,sha256:c2914767605584b6d8f45686b82de173ecc99e781897aa3d0a66dacd72c51ae1,97fe1389edd46f63,40.063999593257904,graph,1911.5527350616255,234.50581707726107,,,,,,,,,,,,,,,,0.6275000050663948,,qkv_proj,73418240.0,16,bf16
d87dc06ee482,ops_gemm,ops,bf16,ops,ok,,,,2026-09-22T17:57:26+00:00,,,256,,63.79200145602226,59.356801211833954,64.65280055999756,58.9120015501976,62.74559989571571,50,10,False,59.776000678539276,,False,63.79200145602226,4.0160007774829865,37580963840.0,86083072.0,,589.1171774240074,1349.4336285928423,,1020.6720232963562,0.31553673174043534,0.4057004225519347,f64663495a1b4254,5fe3095cfb8a3825d1ed13d9fa8f996433463941,False,sha256:c2914767605584b6d8f45686b82de173ecc99e781897aa3d0a66dacd72c51ae1,97fe1389edd46f63,59.776000678539276,graph,1440.0942020683806,628.696523912686,,,,,,,,,,,,,,,,0.24918750568758696,,qkv_proj,73418240.0,16,bf16
28a36dab92f6,ops_gemm,ops,bf16,ops,ok,,,,2026-09-22T17:57:26+00:00,,,784,,155.59999644756317,153.65759432315826,158.80639553070068,152.51199901103973,156.4390406012535,50,10,False,154.4319987297058,,False,155.59999644756317,1.1679977178573608,115091701760.0,112204288.0,,739.6639099460754,721.107265820617,,2489.5999431610107,0.1686157993028437,0.5093756765397454,f64663495a1b4254,5fe3095cfb8a3825d1ed13d9fa8f996433463941,False,sha256:c2914767605584b6d8f45686b82de173ecc99e781897aa3d0a66dacd72c51ae1,97fe1389edd46f63,154.4319987297058,graph,726.561133203911,745.2581246548453,,,,,,,,,,,,,,,,0.19846938322393262,,qkv_proj,73418240.0,16,bf16
557156b120c5,ops_gemm,ops,bf16,ops,ok,,,,2026-09-22T17:57:26+00:00,,,2048,,402.5920033454895,381.3088119029999,403.4912019968033,380.511999130249,395.5667197704315,50,10,False,446.57599925994873,,False,402.5920033454895,-43.98399591445923,300647710720.0,174736896.0,,746.7801352775389,434.02972375993096,,6441.472053527832,0.10148874135901241,0.5142763240417815,f64663495a1b4254,5fe3095cfb8a3825d1ed13d9fa8f996433463941,False,sha256:c2914767605584b6d8f45686b82de173ecc99e781897aa3d0a66dacd72c51ae1,97fe1389edd46f63,446.57599925994873,graph,391.2814309088897,673.2285461337458,,,,,,,,,,,,,,,,0.1965781266335398,,qkv_proj,73418240.0,16,bf16
4c2df314c6f2,ops_gemm,ops,bf16,ops,ok,,,,2026-09-22T17:57:26+00:00,,,8192,,1729.8239469528198,1729.024052619934,1743.8047647476196,1728.5759449005127,1735.1539158821106,50,10,False,1742.896020412445,,False,1729.8239469528198,-13.072073459625244,1202590842880.0,478692864.0,,695.2099634176242,276.72923874319343,,27677.183151245117,0.06470732440623947,0.4787620981519039,f64663495a1b4254,5fe3095cfb8a3825d1ed13d9fa8f996433463941,False,sha256:c2914767605584b6d8f45686b82de173ecc99e781897aa3d0a66dacd72c51ae1,97fe1389edd46f63,1742.896020412445,graph,274.6537133561877,689.995747764353,,,,,,,,,,,,,,,,0.21116014977451414,,qkv_proj,73418240.0,16,bf16
e9a6e05e3207,ops_gemm,ops,bf16,ops,ok,,,,2026-09-22T17:57:26+00:00,,,1,,22.752000018954277,22.431999444961548,24.3008004501462,22.336000576615334,23.374080136418343,50,10,False,22.752000018954277,,False,22.752000018954277,0.0,62914560.0,31500160.0,,2.7652320652068845,1384.5007020814783,,364.03200030326843,0.32373643087780163,0.0019042999598383036,f64663495a1b4254,5fe3095cfb8a3825d1ed13d9fa8f996433463941,False,sha256:c2914767605584b6d8f45686b82de173ecc99e781897aa3d0a66dacd72c51ae1,97fe1389edd46f63,22.752000018954277,graph,1384.5007020814783,2.7652320652068845,,,,,,,,,,,,,,,,22.752000018954277,,o_proj,31464960.0,16,bf16
c14b6f577664,ops_gemm,ops,bf16,ops,ok,,,,2026-09-22T17:57:26+00:00,,,8,,23.360000923275948,22.784000262618065,24.53760039061308,22.624000906944275,23.965440057218075,50,10,False,23.19999970495701,,False,23.360000923275948,0.1600012183189392,503316480.0,31746560.0,,21.546081340197833,1359.0136449167546,,373.76001477241516,0.31777681748960956,0.014837887332158442,f64663495a1b4254,5fe3095cfb8a3825d1ed13d9fa8f996433463941,False,sha256:c2914767605584b6d8f45686b82de173ecc99e781897aa3d0a66dacd72c51ae1,97fe1389edd46f63,23.19999970495701,graph,1368.3862242988262,21.694676137968198,,,,,,,,,,,,,,,,2.9200001154094934,,o_proj,31464960.0,16,bf16
842d355e3390,ops_gemm,ops,bf16,ops,ok,,,,2026-09-22T17:57:26+00:00,,,32,,21.99999988079071,21.532800048589706,23.02080001682043,21.344000473618507,22.421119958162308,50,10,False,21.983999758958817,,False,21.99999988079071,0.01600012183189392,2013265920.0,32591360.0,,91.51208776859505,1481.4254625727126,,351.99999809265137,0.3464002518335756,0.06302055702851721,f64663495a1b4254,5fe3095cfb8a3825d1ed13d9fa8f996433463941,False,sha256:c2914767605584b6d8f45686b82de173ecc99e781897aa3d0a66dacd72c51ae1,97fe1389edd46f63,21.983999758958817,graph,1482.5036552649397,91.5786909604365,,,,,,,,,,,,,,,,0.6874999962747097,,o_proj,31464960.0,16,bf16
0f87342fcb13,ops_gemm,ops,bf16,ops,ok,,,,2026-09-22T17:57:26+00:00,,,64,,21.47199958562851,21.023999899625778,22.66879938542843,20.927999168634415,21.93536002188921,50,10,False,21.215999498963356,,False,21.47199958562851,0.2560000866651535,4026531840.0,33717760.0,,187.52477262038562,1570.3129960270558,,343.55199337005615,0.36718473593443435,0.12914048750659565,f64663495a1b4254,5fe3095cfb8a3825d1ed13d9fa8f996433463941,False,sha256:c2914767605584b6d8f45686b82de173ecc99e781897aa3d0a66dacd72c51ae1,97fe1389edd46f63,21.215999498963356,graph,1589.2609726752446,189.7875157942355,,,,,,,,,,,,,,,,0.33549999352544546,,o_proj,31464960.0,16,bf16
84c3937b241d,ops_gemm,ops,bf16,ops,ok,,,,2026-09-22T17:57:26+00:00,,,256,,31.679999083280563,31.036799773573875,32.39680081605911,30.559999868273735,31.982079930603504,50,10,False,31.440000981092453,,False,31.679999083280563,0.23999810218811035,16106127360.0,40476160.0,,508.40049955999433,1277.6566026279243,,506.879985332489,0.29875318069566426,0.35011421394805703,f64663495a1b4254,5fe3095cfb8a3825d1ed13d9fa8f996433463941,False,sha256:c2914767605584b6d8f45686b82de173ecc99e781897aa3d0a66dacd72c51ae1,97fe1389edd46f63,31.440000981092453,graph,1287.4096290372815,512.2813885942938,,,,,,,,,,,,,,,,0.1237499964190647,,o_proj,31464960.0,16,bf16
74cd51e55180,ops_gemm,ops,bf16,ops,ok,,,,2026-09-22T17:57:26+00:00,,,784,,76.57600194215775,76.25599950551987,77.16479897499084,75.87199658155441,77.03232064843178,50,10,False,76.1759988963604,,False,76.57600194215775,0.400003045797348,49325015040.0,59061760.0,,644.1315005875864,771.2828889214239,,1225.216031074524,0.18034831566437678,0.4435864917571596,f64663495a1b4254,5fe3095cfb8a3825d1ed13d9fa8f996433463941,False,sha256:c2914767605584b6d8f45686b82de173ecc99e781897aa3d0a66dacd72c51ae1,97fe1389edd46f63,76.1759988963604,graph,775.3329244865591,647.5138594127013,,,,,,,,,,,,,,,,0.09767347186499713,,o_proj,31464960.0,16,bf16
95cc56745ab5,ops_gemm,ops,bf16,ops,ok,,,,2026-09-22T17:57:26+00:00,,,2048,,165.072001516819,164.41600024700165,165.61280190944672,164.19200599193573,165.54111927747726,50,10,False,165.072001516819,,False,165.072001516819,0.0,128849018880.0,103554560.0,,780.5625284483615,627.3296443276538,,2641.152024269104,0.14668787074874556,0.5375408488416652,f64663495a1b4254,5fe3095cfb8a3825d1ed13d9fa8f996433463941,False,sha256:c2914767605584b6d8f45686b82de173ecc99e781897aa3d0a66dacd72c51ae1,97fe1389edd46f63,165.072001516819,graph,627.3296443276538,780.5625284483615,,,,,,,,,,,,,,,,0.08060156324063428,,o_proj,31464960.0,16,bf16
29d03a6c3bc0,ops_gemm,ops,bf16,ops,ok,,,,2026-09-22T17:57:26+00:00,,,8192,,689.8560225963593,688.8223886489868,741.3152039051056,688.256025314331,711.2115204334259,50,10,False,746.9920217990875,,False,689.8560225963593,-57.13599920272827,515396075520.0,319823360.0,,747.1067275461951,463.6088539117262,,11037.696361541748,0.10840520012961158,0.5145012345120131,f64663495a1b4254,5fe3095cfb8a3825d1ed13d9fa8f996433463941,False,sha256:c2914767605584b6d8f45686b82de173ecc99e781897aa3d0a66dacd72c51ae1,97fe1389edd46f63,746.9920217990875,graph,428.14829431474215,689.961954719005,,,,,,,,,,,,,,,,0.08421094025834464,,o_proj,31464960.0,16,bf16
3c7985da4336,ops_gemm,ops,bf16,ops,ok,,,,2026-09-22T17:57:26+00:00,,,1,,43.68000105023384,43.39199885725975,44.995199888944626,43.07200014591217,44.457599967718124,50,10,False,43.5199998319149,,False,43.68000105023384,0.1600012183189392,167772160.0,83960128.0,,3.840937636586935,1922.1640563479457,,2096.6400504112244,0.44945772163794867,0.002645093509194029,f64663495a1b4254,5fe3095cfb8a3825d1ed13d9fa8f996433463941,False,sha256:c2914767605584b6d8f45686b82de173ecc99e781897aa3d0a66dacd72c51ae1,97fe1389edd46f63,43.5199998319149,graph,1929.2308898041124,3.8550588384186106,,,,,,,,,,,,,,,,43.68000105023384,,in_proj_qkvz,83906560.0,48,bf16
ced5a8830bdd,ops_gemm,ops,bf16,ops,ok,,,,2026-09-22T17:57:26+00:00,,,8,,43.136000633239746,42.59200021624565,44.58240047097206,42.33599826693535,43.76511983573437,50,10,False,43.088000267744064,,False,43.136000633239746,0.04800036549568176,1342177280.0,84335104.0,,31.115014380024483,1955.0978941476797,,2070.528030395508,0.4571586083824372,0.021427612307763334,f64663495a1b4254,5fe3095cfb8a3825d1ed13d9fa8f996433463941,False,sha256:c2914767605584b6d8f45686b82de173ecc99e781897aa3d0a66dacd72c51ae1,97fe1389edd46f63,43.088000267744064,graph,1957.2758883204372,31.14967674665473,,,,,,,,,,,,,,,,5.392000079154968,,in_proj_qkvz,83906560.0,48,bf16
3100381563b6,ops_gemm,ops,bf16,ops,ok,,,,2026-09-22T17:57:26+00:00,,,32,,44.28800009191036,43.776001781225204,45.41119933128357,43.455999344587326,44.703359976410866,50,10,False,44.11200061440468,,False,44.28800009191036,0.1759994775056839,5368709120.0,85620736.0,,121.22265870796562,1933.2716722884825,,2125.8240044116974,0.4520550044957649,0.08348098773106061,f64663495a1b4254,5fe3095cfb8a3825d1ed13d9fa8f996433463941,False,sha256:c2914767605584b6d8f45686b82de173ecc99e781897aa3d0a66dacd72c51ae1,97fe1389edd46f63,44.11200061440468,graph,1940.985101728547,121.70631676693573,,,,,,,,,,,,,,,,1.3840000028721988,,in_proj_qkvz,83906560.0,48,bf16
4669c76399e3,ops_gemm,ops,bf16,ops,ok,,,,2026-09-22T17:57:26+00:00,,,64,,45.32799869775772,44.79999840259552,46.79039865732193,44.51199993491173,45.8892797678709,50,10,False,45.21599970757961,,False,45.32799869775772,0.11199899017810822,10737418240.0,87334912.0,,236.88268947402605,1926.7321414814696,,2175.7439374923706,0.45052587247012205,0.1631312256673213,f64663495a1b4254,5fe3095cfb8a3825d1ed13d9fa8f996433463941,False,sha256:c2914767605584b6d8f45686b82de173ecc99e781897aa3d0a66dacd72c51ae1,97fe1389edd46f63,45.21599970757961,graph,1931.504612632947,237.46944244163365,,,,,,,,,,,,,,,,0.7082499796524644,,in_proj_qkvz,83906560.0,48,bf16
be81d6fb4f74,ops_gemm,ops,bf16,ops,ok,,,,2026-09-22T17:57:27+00:00,,,256,,71.72800227999687,61.980798840522766,72.8096030652523,61.43999844789505,68.68607997894287,50,10,False,62.25600093603134,,False,71.72800227999687,9.47200134396553,42949672960.0,97619968.0,,598.7852943727888,1360.9743042742423,,3442.94410943985,0.3182352765294684,0.4123584513477562,f64663495a1b4254,5fe3095cfb8a3825d1ed13d9fa8f996433463941,False,sha256:c2914767605584b6d8f45686b82de173ecc99e781897aa3d0a66dacd72c51ae1,97fe1389edd46f63,62.25600093603134,graph,1568.0410969587572,689.8880800925715,,,,,,,,,,,,,,,,0.2801875089062378,,in_proj_qkvz,83906560.0,48,bf16
7c4db5d3c38d,ops_gemm,ops,bf16,ops,ok,,,,2026-09-22T17:57:27+00:00,,,784,,178.52799594402313,178.14079374074936,179.6479970216751,177.5680035352707,179.3823990225792,50,10,False,178.3199980854988,,False,178.52799594402313,0.2079978585243225,131533373440.0,125903872.0,,736.766089511484,705.2332119354364,,8569.34380531311,0.16490398497106026,0.5073800685014023,f64663495a1b4254,5fe3095cfb8a3825d1ed13d9fa8f996433463941,False,sha256:c2914767605584b6d8f45686b82de173ecc99e781897aa3d0a66dacd72c51ae1,97fe1389edd46f63,178.3199980854988,graph,706.0558173606141,737.6254758422211,,,,,,,,,,,,,,,,0.22771428054084583,,in_proj_qkvz,83906560.0,48,bf16
561da02b4927,ops_gemm,ops,bf16,ops,ok,,,,2026-09-22T17:57:27+00:00,,,2048,,444.4960057735443,442.05759167671204,484.35519337654114,441.4080083370209,460.83903789520264,50,10,False,492.7680045366287,,False,444.4960057735443,-48.27199876308441,343597383680.0,193613824.0,,773.0044347238775,435.58057099536614,,21335.808277130127,0.10185137443538549,0.5323359050117837,f64663495a1b4254,5fe3095cfb8a3825d1ed13d9fa8f996433463941,False,sha256:c2914767605584b6d8f45686b82de173ecc99e781897aa3d0a66dacd72c51ae1,97fe1389edd46f63,492.7680045366287,graph,392.91070487026354,697.280222166818,,,,,,,,,,,,,,,,0.21703906531911343,,in_proj_qkvz,83906560.0,48,bf16
a76779254413,ops_gemm,ops,bf16,ops,ok,,,,2026-09-22T17:57:27+00:00,,,8192,,2106.46390914917,2062.2847080230713,2107.1104526519775,2058.1440925598145,2101.1500883102417,50,10,False,2057.5679540634155,,False,2106.46390914917,48.895955085754395,1374389534720.0,522735616.0,,652.4628923147015,248.15787905482807,,101110.26763916016,0.05802651160713338,0.44932397366002313,f64663495a1b4254,5fe3095cfb8a3825d1ed13d9fa8f996433463941,False,sha256:c2914767605584b6d8f45686b82de173ecc99e781897aa3d0a66dacd72c51ae1,97fe1389edd46f63,2057.5679540634155,graph,254.05509206520674,667.9679920197866,,,,,,,,,,,,,,,,0.2571367076598108,,in_proj_qkvz,83906560.0,48,bf16
c57d0305b390,ops_gemm,ops,bf16,ops,ok,,,,2026-09-22T17:57:27+00:00,,,1,,16.607999801635742,16.28479938954115,17.651199735701084,15.552000142633915,17.227519918233156,50,10,False,10.832000058144331,,False,16.607999801635742,5.775999743491411,983040.0,993472.0,,0.059190752152055014,59.81888318075195,,797.1839904785156,0.013987390335677221,8.266388088432751e-05,f64663495a1b4254,5fe3095cfb8a3825d1ed13d9fa8f996433463941,False,sha256:c2914767605584b6d8f45686b82de173ecc99e781897aa3d0a66dacd72c51ae1,97fe1389edd46f63,10.832000058144331,graph,91.71639537178838,0.09075332299881914,,,,,,,,,,,,,,,,16.607999801635742,,in_proj_ba,983040.0,48,bf16
bbf32597cf8d,ops_gemm,ops,bf16,ops,ok,,,,2026-09-22T17:57:27+00:00,,,8,,17.03999936580658,16.66880026459694,20.255999453365803,16.35199971497059,18.66303987801075,50,10,False,10.944000445306301,,False,17.03999936580658,6.0959989205002785,7864320.0,1066496.0,,0.46152114393742216,62.587795756617865,,817.9199695587158,0.014634842426799915,0.0006445454311855216,f64663495a1b4254,5fe3095cfb8a3825d1ed13d9fa8f996433463941,False,sha256:c2914767605584b6d8f45686b82de173ecc99e781897aa3d0a66dacd72c51ae1,97fe1389edd46f63,10.944000445306301,graph,97.45028843245365,0.7185964619887124,,,,,,,,,,,,,,,,2.1299999207258224,,in_proj_ba,983040.0,48,bf16
58baede8422b,ops_gemm,ops,bf16,ops,ok,,,,2026-09-22T17:57:27+00:00,,,32,,17.216000705957413,16.921600326895714,18.97920034825802,16.704000532627106,18.026239946484566,50,10,False,11.359999887645245,,False,17.216000705957413,5.856000818312168,31457280.0,1316864.0,,1.8272118209843324,76.49070318313319,,826.3680338859558,0.017885745530220425,0.0025518246487604397,f64663495a1b4254,5fe3095cfb8a3825d1ed13d9fa8f996433463941,False,sha256:c2914767605584b6d8f45686b82de173ecc99e781897aa3d0a66dacd72c51ae1,97fe1389edd46f63,11.359999887645245,graph,115.92112790706778,2.769126787951106,,,,,,,,,,,,,,,,0.5380000220611691,,in_proj_ba,983040.0,48,bf16
6aa3a0f57c83,ops_gemm,ops,bf16,ops,ok,,,,2026-09-22T17:57:27+00:00,,,64,,17.295999452471733,17.055999487638474,18.508799374103546,16.896000131964684,17.934079952538013,50,10,False,11.392000131309032,,False,17.295999452471733,5.903999321162701,62914560.0,1650688.0,,3.637520929211698,95.4375608380413,,830.2079737186432,0.022316070530654215,0.005080043518186052,f64663495a1b4254,5fe3095cfb8a3825d1ed13d9fa8f996433463941,False,sha256:c2914767605584b6d8f45686b82de173ecc99e781897aa3d0a66dacd72c51ae1,97fe1389edd46f63,11.392000131309032,graph,144.8988747343284,5.5226965655565365,,,,,,,,,,,,,,,,0.27024999144487083,,in_proj_ba,983040.0,48,bf16
9324a0661a75,ops_gemm,ops,bf16,ops,ok,,,,2026-09-22T17:57:27+00:00,,,256,,17.855999991297722,17.46560074388981,19.311999529600143,17.27999933063984,18.76415990293026,50,10,False,10.56000031530857,,False,17.855999991297722,7.295999675989151,251658240.0,3653632.0,,14.093763447728934,204.61648755491876,,857.0879995822906,0.04784527106428522,0.019682892014314522,f64663495a1b4254,5fe3095cfb8a3825d1ed13d9fa8f996433463941,False,sha256:c2914767605584b6d8f45686b82de173ecc99e781897aa3d0a66dacd72c51ae1,97fe1389edd46f63,10.56000031530857,graph,345.98786845710794,23.831272015700346,,,,,,,,,,,,,,,,0.06974999996600673,,in_proj_ba,983040.0,48,bf16
50423bb750f6,ops_gemm,ops,bf16,ops,ok,,,,2026-09-22T17:57:27+00:00,,,784,,17.855999991297722,17.628800123929977,18.80319956690073,17.44000054895878,18.353919945657253,50,10,False,11.42400037497282,,False,17.855999991297722,6.431999616324902,770703360.0,9161728.0,,43.16215055866986,513.0896059848258,,857.0879995822906,0.11997523548547082,0.060278856793838216,f64663495a1b4254,5fe3095cfb8a3825d1ed13d9fa8f996433463941,False,sha256:c2914767605584b6d8f45686b82de173ecc99e781897aa3d0a66dacd72c51ae1,97fe1389edd46f63,11.42400037497282,graph,801.9719624721912,67.46352719739241,,,,,,,,,,,,,,,,0.02277551019298179,,in_proj_ba,983040.0,48,bf16
8e4984a58f0c,ops_gemm,ops,bf16,ops,ok,,,,2026-09-22T17:57:27+00:00,,,2048,,18.703999929130077,18.33599992096424,19.961600750684738,18.239999189972878,19.177599884569645,50,10,False,11.776000261306763,,False,18.703999929130077,6.927999667823315,2013265920.0,22347776.0,,107.638255326578,1194.8126649206738,,897.7919965982437,0.2793818646155155,0.15032408937895475,f64663495a1b4254,5fe3095cfb8a3825d1ed13d9fa8f996433463941,False,sha256:c2914767605584b6d8f45686b82de173ecc99e781897aa3d0a66dacd72c51ae1,97fe1389edd46f63,11.776000261306763,graph,1897.7390883243838,170.96347446722893,,,,,,,,,,,,,,,,0.009132812465395546,,in_proj_ba,983040.0,48,bf16
c7977f30edb6,ops_gemm,ops,bf16,ops,ok,,,,2026-09-22T17:57:27+00:00,,,8192,,27.31199935078621,26.809599436819553,28.659200109541416,26.559999212622643,27.75807999074459,50,10,False,27.2000003606081,,False,27.31199935078621,0.11199899017810822,8053063680.0,86441984.0,,294.8544182565742,3164.9819147169706,,1310.975968837738,0.7400645931943801,0.411784098407219,f64663495a1b4254,5fe3095cfb8a3825d1ed13d9fa8f996433463941,False,sha256:c2914767605584b6d8f45686b82de173ecc99e781897aa3d0a66dacd72c51ae1,97fe1389edd46f63,27.2000003606081,graph,3178.0140755140583,296.0685137218859,,,,,,,,,,,,,,,,0.0033339842957502697,,in_proj_ba,983040.0,48,bf16
73fca4822e47,ops_gemm,ops,bf16,ops,ok,,,,2026-09-22T17:57:27+00:00,,,1,,21.91999927163124,21.62880077958107,23.110400699079037,21.536000072956085,22.62527994811535,50,10,False,21.99999988079071,,False,21.91999927163124,-0.0800006091594696,62914560.0,31500160.0,,2.8701898763940075,1437.0511426415676,,1052.1599650382996,0.3360242484588275,0.001976580025639364,f64663495a1b4254,5fe3095cfb8a3825d1ed13d9fa8f996433463941,False,sha256:c2914767605584b6d8f45686b82de173ecc99e781897aa3d0a66dacd72c51ae1,97fe1389edd46f63,21.99999988079071,graph,1431.82546230395,2.8597527427685954,,,,,,,,,,,,,,,,21.91999927163124,,out_proj,31464960.0,48,bf16
cc461b2dc20f,ops_gemm,ops,bf16,ops,ok,,,,2026-09-22T17:57:27+00:00,,,8,,22.47999981045723,22.172799333930016,23.734399862587455,21.91999927163124,23.190400153398514,50,10,False,22.415999323129654,,False,22.47999981045723,0.06400048732757568,503316480.0,31746560.0,,22.389523320452504,1412.2135350389174,,1079.039990901947,0.3302164952198897,0.015418730636174136,f64663495a1b4254,5fe3095cfb8a3825d1ed13d9fa8f996433463941,False,sha256:c2914767605584b6d8f45686b82de173ecc99e781897aa3d0a66dacd72c51ae1,97fe1389edd46f63,22.415999323129654,graph,1416.2455816655352,22.45344821547436,,,,,,,,,,,,,,,,2.8099999763071537,,out_proj,31464960.0,48,bf16
407028bb1326,ops_gemm,ops,bf16,ops,ok,,,,2026-09-22T17:57:27+00:00,,,32,,20.68800013512373,20.25279961526394,21.731199324131012,20.096000283956528,21.409920006990433,50,10,False,20.576000213623047,,False,20.68800013512373,0.11199992150068283,2013265920.0,32591360.0,,97.31563741542674,1575.3750863848338,,993.024006485939,0.3683683995199741,0.0670172195504218,f64663495a1b4254,5fe3095cfb8a3825d1ed13d9fa8f996433463941,False,sha256:c2914767605584b6d8f45686b82de173ecc99e781897aa3d0a66dacd72c51ae1,97fe1389edd46f63,20.576000213623047,graph,1583.9502168366898,97.84534890639476,,,,,,,,,,,,,,,,0.6465000042226166,,out_proj,31464960.0,48,bf16
5b84d9712a21,ops_gemm,ops,bf16,ops,ok,,,,2026-09-22T17:57:27+00:00,,,64,,20.70399932563305,20.22079937160015,22.20479939132929,19.967999309301376,21.32607989013195,50,10,False,20.608000457286835,,False,20.70399932563305,0.0959988683462143,4026531840.0,33717760.0,,194.48087186782615,1628.5626496449395,,993.7919676303864,0.3808051948722819,0.13393086285490885,f64663495a1b4254,5fe3095cfb8a3825d1ed13d9fa8f996433463941,False,sha256:c2914767605584b6d8f45686b82de173ecc99e781897aa3d0a66dacd72c51ae1,97fe1389edd46f63,20.608000457286835,graph,1636.1490320172065,195.3868279625474,,,,,,,,,,,,,,,,0.3234999894630164,,out_proj,31464960.0,48,bf16
929a185eb07c,ops_gemm,ops,bf16,ops,ok,,,,2026-09-22T17:57:27+00:00,,,256,,32.03200176358223,31.55200183391571,32.90240056812763,31.231999397277832,32.494720220565796,50,10,False,31.82400017976761,,False,32.03200176358223,0.20800158381462097,16106127360.0,40476160.0,,502.81363865031227,1263.616314045602,,1537.536084651947,0.295470153892354,0.3462667759193309,f64663495a1b4254,5fe3095cfb8a3825d1ed13d9fa8f996433463941,False,sha256:c2914767605584b6d8f45686b82de173ecc99e781897aa3d0a66dacd72c51ae1,97fe1389edd46f63,31.82400017976761,graph,1271.8753070436783,506.1000273070515,,,,,,,,,,,,,,,,0.12512500688899308,,out_proj,31464960.0,48,bf16
2c97da5799e5,ops_gemm,ops,bf16,ops,ok,,,,2026-09-22T17:57:27+00:00,,,784,,77.47200131416321,77.05599814653397,77.76320278644562,76.86399668455124,77.89568066596985,50,10,False,76.84800028800964,,False,77.47200131416321,0.6240010261535645,49325015040.0,59061760.0,,636.6818231528316,762.362647125814,,3718.656063079834,0.1782625043411061,0.4384562097029659,f64663495a1b4254,5fe3095cfb8a3825d1ed13d9fa8f996433463941,False,sha256:c2914767605584b6d8f45686b82de173ecc99e781897aa3d0a66dacd72c51ae1,97fe1389edd46f63,76.84800028800964,graph,768.5529848356408,641.8516403177771,,,,,,,,,,,,,,,,0.09881632820684083,,out_proj,31464960.0,48,bf16
6837cc9f59e6,ops_gemm,ops,bf16,ops,ok,,,,2026-09-22T17:57:27+00:00,,,2048,,165.93600064516068,164.9888038635254,174.12160634994507,164.76799547672272,169.76960092782974,50,10,False,176.4480024576187,,False,165.93600064516068,-10.512001812458038,128849018880.0,103554560.0,,776.4982787281473,624.0632508761145,,7964.928030967712,0.14592409319612015,0.5347419696168947,f64663495a1b4254,5fe3095cfb8a3825d1ed13d9fa8f996433463941,False,sha256:c2914767605584b6d8f45686b82de173ecc99e781897aa3d0a66dacd72c51ae1,97fe1389edd46f63,176.4480024576187,graph,586.8842863487384,730.2379006016145,,,,,,,,,,,,,,,,0.08102343781501986,,out_proj,31464960.0,48,bf16
1256f19ec4a2,ops_gemm,ops,bf16,ops,ok,,,,2026-09-22T17:57:27+00:00,,,8192,,689.6159946918488,688.4736180305481,691.7791783809662,688.0000233650208,690.5951988697052,50,10,False,784.3999862670898,,False,689.6159946918488,-94.78399157524109,515396075520.0,319823360.0,,747.3667656886381,463.7702177179219,,33101.56774520874,0.1084429316689399,0.5146803119321116,f64663495a1b4254,5fe3095cfb8a3825d1ed13d9fa8f996433463941,False,sha256:c2914767605584b6d8f45686b82de173ecc99e781897aa3d0a66dacd72c51ae1,97fe1389edd46f63,784.3999862670898,graph,407.7299408456383,657.0577314422677,,,,,,,,,,,,,,,,0.08418163997703232,,out_proj,31464960.0,48,bf16
257831d5d26d,ops_gemm,ops,bf16,ops,ok,,,,2026-09-22T17:57:27+00:00,,,1,,574.4799971580505,556.0512185096741,598.9183962345123,552.4160265922546,575.5008018016815,50,10,False,563.9999806880951,,False,574.4799971580505,10.480016469955444,2542796800.0,2543303680.0,,4.42625820320847,4427.140531579358,,574.4799971580505,1.0351938951950124,0.006181568362797014,f64663495a1b4254,5fe3095cfb8a3825d1ed13d9fa8f996433463941,False,sha256:c2914767605584b6d8f45686b82de173ecc99e781897aa3d0a66dacd72c51ae1,97fe1389edd46f63,563.9999806880951,graph,4509.403842349607,4.508505118914578,,,,,,,,,,,,,,,,574.4799971580505,,lm_head,2542796800.0,1,bf16
cf0a93eaa83f,ops_gemm,ops,bf16,ops,ok,,,,2026-09-22T17:57:27+00:00,,,8,,561.4239871501923,557.4111819267273,571.071982383728,555.7439923286438,563.27103972435,50,10,False,560.1119995117188,,False,561.4239871501923,1.3119876384735107,20342374400.0,2546851840.0,,36.23353270539544,4536.414364708407,,561.4239871501923,1.0607452876012065,0.05060257426502739,f64663495a1b4254,5fe3095cfb8a3825d1ed13d9fa8f996433463941,False,sha256:c2914767605584b6d8f45686b82de173ecc99e781897aa3d0a66dacd72c51ae1,97fe1389edd46f63,560.1119995117188,graph,4547.040310188382,36.31840492211129,,,,,,,,,,,,,,,,70.17799839377403,,lm_head,2542796800.0,1,bf16
d484f83e3da4,ops_gemm,ops,bf16,ops,ok,,,,2026-09-22T17:57:27+00:00,,,32,,567.6479935646057,565.2000069618225,576.4287889003754,563.1359815597534,569.1264009475708,50,10,False,568.2080090045929,,False,567.6479935646057,-0.5600154399871826,81369497600.0,2559016960.0,,143.344992887285,4508.105355804012,,567.6479935646057,1.054125820026637,0.20019095866461137,f64663495a1b4254,5fe3095cfb8a3825d1ed13d9fa8f996433463941,False,sha256:c2914767605584b6d8f45686b82de173ecc99e781897aa3d0a66dacd72c51ae1,97fe1389edd46f63,568.2080090045929,graph,4503.662249469129,143.20371467932316,,,,,,,,,,,,,,,,17.73899979889393,,lm_head,2542796800.0,1,bf16
debb7b159e75,ops_gemm,ops,bf16,ops,ok,,,,2026-09-22T17:57:27+00:00,,,64,,572.6880133152008,570.195209980011,575.5199730396271,567.8719878196716,573.1398391723633,50,10,False,571.8719959259033,,False,572.6880133152008,0.8160173892974854,162738995200.0,2575237120.0,,284.1669310623939,4496.754009381754,,572.6880133152008,1.0514715459111568,0.39685830111201065,f64663495a1b4254,5fe3095cfb8a3825d1ed13d9fa8f996433463941,False,sha256:c2914767605584b6d8f45686b82de173ecc99e781897aa3d0a66dacd72c51ae1,97fe1389edd46f63,571.8719959259033,graph,4503.1705317734595,284.57241543453,,,,,,,,,,,,,,,,8.948250208050013,,lm_head,2542796800.0,1,bf16
456a084cff81,ops_gemm,ops,bf16,ops,ok,,,,2026-09-22T17:57:27+00:00,,,256,,947.0880031585693,889.4304096698761,1010.0544333457947,883.3280205726624,949.7414457798004,50,10,False,1001.9360184669495,,False,947.0880031585693,-54.84801530838013,650955980800.0,2672558080.0,,687.3236474636365,2821.8687926432726,,947.0880031585693,0.659834790955579,0.9598938695179762,f64663495a1b4254,5fe3095cfb8a3825d1ed13d9fa8f996433463941,False,sha256:c2914767605584b6d8f45686b82de173ecc99e781897aa3d0a66dacd72c51ae1,97fe1389edd46f63,1001.9360184669495,graph,2667.3939560424724,649.6981531775053,,,,,,,,,,,,,,,,3.6995625123381615,,lm_head,2542796800.0,1,bf16
b2461d695aff,ops_gemm,ops,bf16,ops,ok,,,,2026-09-22T17:57:28+00:00,,,784,,2998.0640411376953,2931.2096118927,3033.401584625244,2926.464080810547,2984.9702405929565,50,10,False,2971.8719720840454,,False,2998.0640411376953,26.192069053649902,1993552691200.0,2940190720.0,,664.9466668642252,980.6964359854923,,2998.0640411376953,0.2293152784127946,0.9286429056162374,f64663495a1b4254,5fe3095cfb8a3825d1ed13d9fa8f996433463941,False,sha256:c2914767605584b6d8f45686b82de173ecc99e781897aa3d0a66dacd72c51ae1,97fe1389edd46f63,2971.8719720840454,graph,989.3396309189494,670.807056941288,,,,,,,,,,,,,,,,3.8240612769613462,,lm_head,2542796800.0,1,bf16
4cab0ca5f4b9,ops_gemm,ops,bf16,ops,ok,,,,2026-09-22T17:57:29+00:00,,,2048,,7968.208074569702,7702.044630050659,8359.449291229248,7700.064182281494,7982.942714691162,50,10,False,7703.920125961304,,False,7968.208074569702,264.28794860839844,5207647846400.0,3580887040.0,,653.5531951054406,449.39677860927026,,7968.208074569702,0.10508200460730778,0.9127311532210717,f64663495a1b4254,5fe3095cfb8a3825d1ed13d9fa8f996433463941,False,sha256:c2914767605584b6d8f45686b82de173ecc99e781897aa3d0a66dacd72c51ae1,97fe1389edd46f63,7703.920125961304,graph,464.81362494048096,675.9737589763996,,,,,,,,,,,,,,,,3.8907265989109874,,lm_head,2542796800.0,1,bf16
