mode,trace,step,step_instances,step_tokens,prefill_sequences,decode_sequences,block,frame,op,input_dims,input_types,kernel,grid,block_dims,graph,count,total_us,mean_us,min_us,max_us
eager,prompt_1001_decode_7,execute_context_0(0)_generation_1(1),7,1,0,1,mlp,model_executor/kernels/linear/scaled_mm/flashinfer.py:184 apply_block_scaled_mm,vllm::dynamic_flashinfer_deepgemm_blockscale_gemm,"[[1,5120],[34816,5120],[272,40],[],[]]","[""c10::BFloat16"",""c10::Float8_e4m3fn"",""float"",""Scalar"",""Scalar""]","void deep_gemm::fp8_gemm_kernel_swapAB<34816u, 5120u, 128u, 16u, 128u, 1u, 8u, 128u, 128u, 1u, deep_gemm::NormalSchedulerSwapAB<34816u, 128u, 16u, 1u, 1u, 272u, 16u>, deep_gemm::NormalSchedulerInputSwapAB>(__nv_bfloat16*, float*, deep_gemm::NormalSchedulerInputSwapAB, CUtensorMap_st, CUtensorMap_st, CUtensorMap_st, CUtensorMap_st)",132x1x1,384x1x1,False,448,22237.752999999986,49.63784151785711,48.064,51.52
eager,prompt_1001_decode_7,execute_context_0(0)_generation_1(1),7,1,0,1,mlp,model_executor/kernels/linear/scaled_mm/flashinfer.py:184 apply_block_scaled_mm,vllm::dynamic_flashinfer_deepgemm_blockscale_gemm,"[[1,17408],[5120,17408],[40,136],[],[]]","[""c10::BFloat16"",""c10::Float8_e4m3fn"",""float"",""Scalar"",""Scalar""]","void deep_gemm::fp8_gemm_kernel_swapAB<5120u, 17408u, 128u, 16u, 128u, 1u, 8u, 128u, 128u, 1u, deep_gemm::NormalSchedulerSwapAB<5120u, 128u, 16u, 1u, 1u, 40u, 16u>, deep_gemm::NormalSchedulerInputSwapAB>(__nv_bfloat16*, float*, deep_gemm::NormalSchedulerInputSwapAB, CUtensorMap_st, CUtensorMap_st, CUtensorMap_st, CUtensorMap_st)",132x1x1,384x1x1,False,448,12107.371999999996,27.02538392857142,26.368,28.417
eager,prompt_1001_decode_7,execute_context_0(0)_generation_1(1),7,1,0,1,gdn,model_executor/kernels/linear/scaled_mm/flashinfer.py:184 apply_block_scaled_mm,vllm::dynamic_flashinfer_deepgemm_blockscale_gemm,"[[1,5120],[16384,5120],[128,40],[],[]]","[""c10::BFloat16"",""c10::Float8_e4m3fn"",""float"",""Scalar"",""Scalar""]","void deep_gemm::fp8_gemm_kernel_swapAB<16384u, 5120u, 128u, 16u, 128u, 1u, 8u, 128u, 128u, 1u, deep_gemm::NormalSchedulerSwapAB<16384u, 128u, 16u, 1u, 1u, 128u, 16u>, deep_gemm::NormalSchedulerInputSwapAB>(__nv_bfloat16*, float*, deep_gemm::NormalSchedulerInputSwapAB, CUtensorMap_st, CUtensorMap_st, CUtensorMap_st, CUtensorMap_st)",132x1x1,384x1x1,False,336,7452.739000000005,22.180770833333348,21.632,23.393
eager,prompt_1001_decode_7,execute_context_0(0)_generation_1(1),7,1,0,1,norm,ir/ops/layernorm.py:43 fused_add_rms_norm,aten::copy_,"[[1,5120],[1,5120],[]]","[""float"",""c10::BFloat16"",""Scalar""]","void at::native::unrolled_elementwise_kernel<at::native::direct_copy_kernel_cuda(at::TensorIteratorBase&)::{lambda()#3}::operator()() const::{lambda()#7}::operator()() const::{lambda(float)#1}, std::array<char*, 2ul>, 4, TrivialOffsetCalculator<1, unsigned int>, TrivialOffsetCalculator<1, unsigned int>, at::native::memory::LoadWithCast<1>, at::native::memory::StoreWithCast<1> >(int, at::native::direct_copy_kernel_cuda(at::TensorIteratorBase&)::{lambda()#3}::operator()() const::{lambda()#7}::operator()() const::{lambda(float)#1}, std::array<char*, 2ul>, TrivialOffsetCalculator<1, unsigned int>, TrivialOffsetCalculator<1, unsigned int>, at::native::memory::LoadWithCast<1>, at::native::memory::StoreWithCast<1>)",10x1x1,128x1x1,False,1792,4903.483999999976,2.736319196428558,2.208,4.064
eager,prompt_1001_decode_7,execute_context_0(0)_generation_1(1),7,1,0,1,gdn,model_executor/kernels/linear/scaled_mm/flashinfer.py:184 apply_block_scaled_mm,vllm::dynamic_flashinfer_deepgemm_blockscale_gemm,"[[1,6144],[5120,6144],[40,48],[],[]]","[""c10::BFloat16"",""c10::Float8_e4m3fn"",""float"",""Scalar"",""Scalar""]","void deep_gemm::fp8_gemm_kernel_swapAB<5120u, 6144u, 128u, 16u, 128u, 1u, 8u, 128u, 128u, 1u, deep_gemm::NormalSchedulerSwapAB<5120u, 128u, 16u, 1u, 1u, 40u, 16u>, deep_gemm::NormalSchedulerInputSwapAB>(__nv_bfloat16*, float*, deep_gemm::NormalSchedulerInputSwapAB, CUtensorMap_st, CUtensorMap_st, CUtensorMap_st, CUtensorMap_st)",132x1x1,384x1x1,False,336,3818.6979999999962,11.365172619047607,10.976,12.511
eager,prompt_1001_decode_7,execute_context_0(0)_generation_1(1),7,1,0,1,norm,model_executor/layers/layernorm.py:151 forward_native,aten::copy_,"[[5120],[5120],[]]","[""float"",""c10::BFloat16"",""Scalar""]","void at::native::unrolled_elementwise_kernel<at::native::direct_copy_kernel_cuda(at::TensorIteratorBase&)::{lambda()#3}::operator()() const::{lambda()#7}::operator()() const::{lambda(float)#1}, std::array<char*, 2ul>, 4, TrivialOffsetCalculator<1, unsigned int>, TrivialOffsetCalculator<1, unsigned int>, at::native::memory::LoadWithCast<1>, at::native::memory::StoreWithCast<1> >(int, at::native::direct_copy_kernel_cuda(at::TensorIteratorBase&)::{lambda()#3}::operator()() const::{lambda()#7}::operator()() const::{lambda(float)#1}, std::array<char*, 2ul>, TrivialOffsetCalculator<1, unsigned int>, TrivialOffsetCalculator<1, unsigned int>, at::native::memory::LoadWithCast<1>, at::native::memory::StoreWithCast<1>)",10x1x1,128x1x1,False,903,3141.0689999999922,3.478481727574742,3.04,4.32
eager,prompt_1001_decode_7,execute_context_0(0)_generation_1(1),7,1,0,1,norm,ir/ops/layernorm.py:43 fused_add_rms_norm,aten::mean,"[[1,5120],[],[],[]]","[""float"",""ScalarList"",""Scalar"",""""]","void at::native::reduce_kernel<512, 1, at::native::ReduceOp<float, at::native::MeanOps<float, float, float, float>, unsigned int, float, 4, 4> >(at::native::ReduceOp<float, at::native::MeanOps<float, float, float, float>, unsigned int, float, 4, 4>)",1x1x1,512x1x1,False,896,2272.220000000003,2.5359598214285746,2.336,3.297
eager,prompt_1001_decode_7,execute_context_0(0)_generation_1(1),7,1,0,1,attention,model_executor/kernels/linear/scaled_mm/flashinfer.py:184 apply_block_scaled_mm,vllm::dynamic_flashinfer_deepgemm_blockscale_gemm,"[[1,5120],[14336,5120],[112,40],[],[]]","[""c10::BFloat16"",""c10::Float8_e4m3fn"",""float"",""Scalar"",""Scalar""]","void deep_gemm::fp8_gemm_kernel_swapAB<14336u, 5120u, 128u, 16u, 128u, 1u, 8u, 128u, 128u, 1u, deep_gemm::NormalSchedulerSwapAB<14336u, 128u, 16u, 1u, 1u, 112u, 16u>, deep_gemm::NormalSchedulerInputSwapAB>(__nv_bfloat16*, float*, deep_gemm::NormalSchedulerInputSwapAB, CUtensorMap_st, CUtensorMap_st, CUtensorMap_st, CUtensorMap_st)",132x1x1,384x1x1,False,112,2250.93,20.097589285714285,19.52,21.153
eager,prompt_1001_decode_7,execute_context_0(0)_generation_1(1),7,1,0,1,mlp,model_executor/layers/activation.py:139 forward_cuda,_C::silu_and_mul,"[[1,17408],[1,34816]]","[""c10::BFloat16"",""c10::BFloat16""]","void vllm::act_and_mul_kernel<c10::BFloat16, __nv_bfloat162, &(c10::BFloat16 vllm::silu_kernel<c10::BFloat16>(c10::BFloat16 const&, float)), &(__nv_bfloat162 vllm::packed_silu_kernel<__nv_bfloat162>(__nv_bfloat162 const&, float)), true, true, false, false>(c10::BFloat16*, c10::BFloat16 const*, int, float, float, float)",1x1x1,1024x1x1,False,448,2093.6820000000025,4.673397321428577,4.224,5.76
eager,prompt_1001_decode_7,execute_context_0(0)_generation_1(1),7,1,0,1,gdn,model_executor/layers/mamba/gdn/qwen_gdn_linear_attn.py:889 forward_cuda,vllm::qwen_gdn_attention_core_fused_norm_packed,"[[1,16384],[1,96],[1,48,128],[]]","[""c10::BFloat16"",""c10::BFloat16"",""c10::BFloat16"",""""]",fused_recurrent_gated_delta_rule_packed_decode_kernel,4x48x1,32x1x1,False,336,1895.9219999999991,5.642624999999997,5.504,6.624
eager,prompt_1001_decode_7,execute_context_0(0)_generation_1(1),7,1,0,1,norm,ir/ops/layernorm.py:43 fused_add_rms_norm,aten::copy_,"[[1,5120],[1,5120],[]]","[""c10::BFloat16"",""float"",""Scalar""]","void at::native::vectorized_elementwise_kernel<8, at::native::bfloat16_copy_kernel_cuda(at::TensorIteratorBase&)::{lambda(float)#1}, std::array<char*, 2ul> >(int, at::native::bfloat16_copy_kernel_cuda(at::TensorIteratorBase&)::{lambda(float)#1}, std::array<char*, 2ul>)",5x1x1,128x1x1,False,1792,1639.3820000000042,0.9148337053571451,0.863,1.6
eager,prompt_1001_decode_7,execute_context_0(0)_generation_1(1),7,1,0,1,gdn,model_executor/parameter.py:122 __torch_function__,aten::mm,"[[1,5120],[5120,96]]","[""c10::BFloat16"",""c10::BFloat16""]",nvjet_sm90_tst_64x8_64x16_2x1_v_bz_splitK_TNT,2x3x1,384x1x1,False,336,1604.655,4.775758928571428,4.545,5.856
eager,prompt_1001_decode_7,execute_context_0(0)_generation_1(1),7,1,0,1,norm,ir/ops/layernorm.py:43 fused_add_rms_norm,aten::mul,"[[1,5120],[1,1]]","[""float"",""float""]","void at::native::elementwise_kernel<128, 2, at::native::gpu_kernel_impl_nocast<at::native::BinaryFunctor<float, float, float, at::native::binary_internal::MulFunctor<float> > >(at::TensorIteratorBase&, at::native::BinaryFunctor<float, float, float, at::native::binary_internal::MulFunctor<float> > const&)::{lambda(int)#1}>(int, at::native::gpu_kernel_impl_nocast<at::native::BinaryFunctor<float, float, float, at::native::binary_internal::MulFunctor<float> > >(at::TensorIteratorBase&, at::native::BinaryFunctor<float, float, float, at::native::binary_internal::MulFunctor<float> > const&)::{lambda(int)#1})",20x1x1,128x1x1,False,896,1431.646999999993,1.5978203124999923,1.472,2.432
eager,prompt_1001_decode_7,execute_context_0(0)_generation_1(1),7,1,0,1,attention,model_executor/kernels/linear/scaled_mm/flashinfer.py:184 apply_block_scaled_mm,vllm::dynamic_flashinfer_deepgemm_blockscale_gemm,"[[1,6144],[5120,6144],[40,48],[],[]]","[""c10::BFloat16"",""c10::Float8_e4m3fn"",""float"",""Scalar"",""Scalar""]","void deep_gemm::fp8_gemm_kernel_swapAB<5120u, 6144u, 128u, 16u, 128u, 1u, 8u, 128u, 128u, 1u, deep_gemm::NormalSchedulerSwapAB<5120u, 128u, 16u, 1u, 1u, 40u, 16u>, deep_gemm::NormalSchedulerInputSwapAB>(__nv_bfloat16*, float*, deep_gemm::NormalSchedulerInputSwapAB, CUtensorMap_st, CUtensorMap_st, CUtensorMap_st, CUtensorMap_st)",132x1x1,384x1x1,False,112,1281.3499999999997,11.440624999999997,11.008,12.608
eager,prompt_1001_decode_7,execute_context_0(0)_generation_1(1),7,1,0,1,attention,vllm_flash_attn/flash_attn_interface.py:176 flash_attn_varlen_func,_vllm_fa3_C::fwd,"[[1,24,256],[2052,784,4,256],[2052,784,4,256],[],[],[],[1,24,256],[2],[],[],[],[1],[],[],[1,48],[],[],[],[],[],[1,4],[1,4],[1,4],[],[],[],[],[],[],[9],[],[],[],[],[],[],[]]","[""c10::BFloat16"",""c10::BFloat16"",""c10::BFloat16"","""","""","""",""c10::BFloat16"",""int"","""","""","""",""int"",""Scalar"",""Scalar"",""int"","""","""","""","""","""",""float"",""float"",""float"",""Scalar"",""Scalar"",""Scalar"",""Scalar"",""Scalar"",""Scalar"",""int"",""Scalar"","""",""Scalar"","""",""Scalar"",""Scalar"",""""]","void cutlass::device_kernel<flash::enable_sm90_or_later<flash::FlashAttnFwdSm90<flash::CollectiveMainloopFwdSm90<2, cute::tuple<cute::C<1>, cute::C<1>, cute::C<1> >, cute::tuple<cute::C<128>, cute::C<80>, cute::C<256> >, 256, cutlass::bfloat16_t, float, cutlass::arch::Sm90, false, false, false, true, true, false, false, true, true, true, true, false, cutlass::bfloat16_t, 1>, flash::CollectiveEpilogueFwd<cute::tuple<cute::C<128>, cute::C<256>, cute::C<80> >, cute::tuple<cute::C<1>, cute::C<1>, cute::C<1> >, cutlass::bfloat16_t, cutlass::arch::Sm90, 256, true, true, true, false, 1>, flash::VarlenDynamicPersistentTileScheduler<128, 80, 256, 128, true, true, true, false, false, true> > > >(flash::enable_sm90_or_later<flash::FlashAttnFwdSm90<flash::CollectiveMainloopFwdSm90<2, cute::tuple<cute::C<1>, cute::C<1>, cute::C<1> >, cute::tuple<cute::C<128>, cute::C<80>, cute::C<256> >, 256, cutlass::bfloat16_t, float, cutlass::arch::Sm90, false, false, false, true, true, false, false, true, true, true, true, false, cutlass::bfloat16_t, 1>, flash::CollectiveEpilogueFwd<cute::tuple<cute::C<128>, cute::C<256>, cute::C<80> >, cute::tuple<cute::C<1>, cute::C<1>, cute::C<1> >, cutlass::bfloat16_t, cutlass::arch::Sm90, 256, true, true, true, false, 1>, flash::VarlenDynamicPersistentTileScheduler<128, 80, 256, 128, true, true, true, false, false, true> > >::Params)",132x1x1,384x1x1,False,112,1209.1580000000006,10.796053571428576,9.984,11.552
eager,prompt_1001_decode_7,execute_context_0(0)_generation_1(1),7,1,0,1,norm,ir/ops/layernorm.py:43 fused_add_rms_norm,aten::rsqrt,"[[1,1]]","[""float""]","void at::native::vectorized_elementwise_kernel<4, at::native::rsqrt_kernel_cuda(at::TensorIteratorBase&)::{lambda()#2}::operator()() const::{lambda()#2}::operator()() const::{lambda(float)#1}, std::array<char*, 2ul> >(int, at::native::rsqrt_kernel_cuda(at::TensorIteratorBase&)::{lambda()#2}::operator()() const::{lambda()#2}::operator()() const::{lambda(float)#1}, std::array<char*, 2ul>)",1x1x1,128x1x1,False,896,967.8840000000016,1.0802276785714304,0.895,1.983
eager,prompt_1001_decode_7,execute_context_0(0)_generation_1(1),7,1,0,1,norm,ir/ops/layernorm.py:43 fused_add_rms_norm,aten::mul,"[[1,5120],[5120]]","[""float"",""float""]","void at::native::vectorized_elementwise_kernel<4, at::native::BinaryFunctor<float, float, float, at::native::binary_internal::MulFunctor<float> >, std::array<char*, 3ul> >(int, at::native::BinaryFunctor<float, float, float, at::native::binary_internal::MulFunctor<float> >, std::array<char*, 3ul>)",5x1x1,128x1x1,False,896,940.5850000000003,1.0497600446428574,0.991,1.888
eager,prompt_1001_decode_7,execute_context_0(0)_generation_1(1),7,1,0,1,norm,ir/ops/layernorm.py:43 fused_add_rms_norm,aten::add,"[[1,5120],[1,5120],[]]","[""float"",""float"",""Scalar""]","void at::native::vectorized_elementwise_kernel<4, at::native::CUDAFunctor_add<float>, std::array<char*, 3ul> >(int, at::native::CUDAFunctor_add<float>, std::array<char*, 3ul>)",5x1x1,128x1x1,False,896,927.452000000001,1.0351026785714297,0.928,1.825
eager,prompt_1001_decode_7,execute_context_0(0)_generation_1(1),7,1,0,1,norm,ir/ops/layernorm.py:43 fused_add_rms_norm,aten::add,"[[1,1],[],[]]","[""float"",""double"",""Scalar""]","void at::native::vectorized_elementwise_kernel<4, at::native::CUDAFunctorOnSelf_add<float>, std::array<char*, 2ul> >(int, at::native::CUDAFunctorOnSelf_add<float>, std::array<char*, 2ul>)",1x1x1,128x1x1,False,896,914.1450000000013,1.02025111607143,0.8,1.824
eager,prompt_1001_decode_7,execute_context_0(0)_generation_1(1),7,1,0,1,norm,model_executor/layers/layernorm.py:151 forward_native,aten::add,"[[5120],[],[]]","[""float"",""double"",""Scalar""]","void at::native::vectorized_elementwise_kernel<4, at::native::CUDAFunctorOnSelf_add<float>, std::array<char*, 2ul> >(int, at::native::CUDAFunctorOnSelf_add<float>, std::array<char*, 2ul>)",5x1x1,128x1x1,False,903,909.3680000000004,1.0070520487264678,0.895,1.6
eager,prompt_1001_decode_7,execute_context_0(0)_generation_1(1),7,1,0,1,norm,ir/ops/layernorm.py:43 fused_add_rms_norm,aten::pow,"[[1,5120],[]]","[""float"",""Scalar""]","void at::native::vectorized_elementwise_kernel<4, at::native::(anonymous namespace)::pow_tensor_scalar_kernel_impl<float, float>(at::TensorIteratorBase&, float)::{lambda(float)#1}, std::array<char*, 2ul> >(int, at::native::(anonymous namespace)::pow_tensor_scalar_kernel_impl<float, float>(at::TensorIteratorBase&, float)::{lambda(float)#1}, std::array<char*, 2ul>)",5x1x1,128x1x1,False,896,846.817999999997,0.9451093749999967,0.895,1.76
eager,prompt_1001_decode_7,execute_context_0(0)_generation_1(1),7,1,0,1,gdn,model_executor/layers/mamba/gdn/qwen_gdn_linear_attn.py:889 forward_cuda,vllm::qwen_gdn_attention_core_fused_norm_packed,"[[1,16384],[1,96],[1,48,128],[]]","[""c10::BFloat16"",""c10::BFloat16"",""c10::BFloat16"",""""]",_causal_conv1d_update_kernel,1x40x1,128x1x1,False,336,807.0040000000012,2.4017976190476227,2.112,2.944
eager,prompt_1001_decode_7,execute_context_0(0)_generation_1(1),7,1,0,1,mlp,model_executor/kernels/linear/scaled_mm/flashinfer.py:184 apply_block_scaled_mm,vllm::dynamic_flashinfer_deepgemm_blockscale_gemm,"[[1,17408],[5120,17408],[40,136],[],[]]","[""c10::BFloat16"",""c10::Float8_e4m3fn"",""float"",""Scalar"",""Scalar""]","void tensorrt_llm::kernels::fp8_blockscale_gemm::scale_1x128_kernel<__nv_bfloat16, __nv_fp8_e4m3, float>(__nv_fp8_e4m3*, float*, __nv_bfloat16 const*, int, int)",1056x1x1,256x1x1,False,448,692.9949999999983,1.5468638392857106,1.44,2.176
eager,prompt_1001_decode_7,execute_context_0(0)_generation_1(1),7,1,0,1,mlp,model_executor/kernels/linear/scaled_mm/flashinfer.py:184 apply_block_scaled_mm,vllm::dynamic_flashinfer_deepgemm_blockscale_gemm,"[[1,5120],[34816,5120],[272,40],[],[]]","[""c10::BFloat16"",""c10::Float8_e4m3fn"",""float"",""Scalar"",""Scalar""]","void tensorrt_llm::kernels::fp8_blockscale_gemm::scale_1x128_kernel<__nv_bfloat16, __nv_fp8_e4m3, float>(__nv_fp8_e4m3*, float*, __nv_bfloat16 const*, int, int)",1056x1x1,256x1x1,False,448,648.9980000000007,1.4486562500000015,1.376,1.985
eager,prompt_1001_decode_7,execute_context_0(0)_generation_1(1),7,1,0,1,gdn,model_executor/kernels/linear/scaled_mm/flashinfer.py:184 apply_block_scaled_mm,vllm::dynamic_flashinfer_deepgemm_blockscale_gemm,"[[1,6144],[5120,6144],[40,48],[],[]]","[""c10::BFloat16"",""c10::Float8_e4m3fn"",""float"",""Scalar"",""Scalar""]","void tensorrt_llm::kernels::fp8_blockscale_gemm::scale_1x128_kernel<__nv_bfloat16, __nv_fp8_e4m3, float>(__nv_fp8_e4m3*, float*, __nv_bfloat16 const*, int, int)",1056x1x1,256x1x1,False,336,519.9130000000007,1.5473601190476212,1.472,2.016
eager,prompt_1001_decode_7,execute_context_0(0)_generation_1(1),7,1,0,1,gdn,model_executor/layers/mamba/gdn/qwen_gdn_linear_attn.py:889 forward_cuda,vllm::qwen_gdn_attention_core_fused_norm_packed,"[[1,16384],[1,96],[1,48,128],[]]","[""c10::BFloat16"",""c10::BFloat16"",""c10::BFloat16"",""""]",layer_norm_fwd_kernel,48x1x1,32x1x1,False,336,514.7820000000003,1.5320892857142865,1.44,2.369
eager,prompt_1001_decode_7,execute_context_0(0)_generation_1(1),7,1,0,1,gdn,model_executor/kernels/linear/scaled_mm/flashinfer.py:184 apply_block_scaled_mm,vllm::dynamic_flashinfer_deepgemm_blockscale_gemm,"[[1,5120],[16384,5120],[128,40],[],[]]","[""c10::BFloat16"",""c10::Float8_e4m3fn"",""float"",""Scalar"",""Scalar""]","void tensorrt_llm::kernels::fp8_blockscale_gemm::scale_1x128_kernel<__nv_bfloat16, __nv_fp8_e4m3, float>(__nv_fp8_e4m3*, float*, __nv_bfloat16 const*, int, int)",1056x1x1,256x1x1,False,336,492.3189999999987,1.4652351190476152,1.408,2.08
eager,prompt_1001_decode_7,execute_context_0(0)_generation_1(1),7,1,0,1,gdn,model_executor/parameter.py:122 __torch_function__,aten::mm,"[[1,5120],[5120,96]]","[""c10::BFloat16"",""c10::BFloat16""]","void cublasLt::splitKreduce_kernel<32, 16, int, float, __nv_bfloat16, float, __nv_bfloat16, false, float, __nv_bfloat16, __nv_bfloat16, true, false, false, false>(cublasLt::cublasSplitKParams<float>, float const*, __nv_bfloat16 const*, float*, __nv_bfloat16*, float const*, float const*, __nv_bfloat16 const*, float const*, __nv_bfloat16*, void*, long, float*, int*, float*, float*, float const*, float const*, float const*, float const*, float const*)",3x1x1,32x16x1,False,336,453.384999999999,1.349360119047616,1.247,2.08
eager,prompt_1001_decode_7,execute_context_0(0)_generation_1(1),7,1,0,1,attention,vllm_flash_attn/flash_attn_interface.py:176 flash_attn_varlen_func,_vllm_fa3_C::fwd,"[[1,24,256],[2052,784,4,256],[2052,784,4,256],[],[],[],[1,24,256],[2],[],[],[],[1],[],[],[1,48],[],[],[],[],[],[1,4],[1,4],[1,4],[],[],[],[],[],[],[9],[],[],[],[],[],[],[]]","[""c10::BFloat16"",""c10::BFloat16"",""c10::BFloat16"","""","""","""",""c10::BFloat16"",""int"","""","""","""",""int"",""Scalar"",""Scalar"",""int"","""","""","""","""","""",""float"",""float"",""float"",""Scalar"",""Scalar"",""Scalar"",""Scalar"",""Scalar"",""Scalar"",""int"",""Scalar"","""",""Scalar"","""",""Scalar"",""Scalar"",""""]","void cutlass::device_kernel<flash::FlashAttnFwdCombine<cute::tuple<cute::C<8>, cute::C<128> >, 5, 256, 1, false, true, cutlass::bfloat16_t, float, cutlass::arch::Sm90> >(flash::FlashAttnFwdCombine<cute::tuple<cute::C<8>, cute::C<128> >, 5, 256, 1, false, true, cutlass::bfloat16_t, float, cutlass::arch::Sm90>::Params)",3x2x1,256x1x1,False,112,372.77199999999993,3.328321428571428,2.624,3.68
eager,prompt_1001_decode_7,execute_context_0(0)_generation_1(1),7,1,0,1,attention,,,,,_fused_qk_rmsnorm_rope_gate_kernel,1x28x1,128x1x1,False,112,264.4829999999999,2.361455357142856,2.24,3.232
eager,prompt_1001_decode_7,execute_context_0(0)_generation_1(1),7,1,0,1,gdn,model_executor/layers/mamba/gdn/qwen_gdn_linear_attn.py:889 forward_cuda,aten::fill_,"[[1,48,128],[]]","[""c10::BFloat16"",""Scalar""]","void at::native::vectorized_elementwise_kernel<8, at::native::FillFunctor<c10::BFloat16>, std::array<char*, 1ul> >(int, at::native::FillFunctor<c10::BFloat16>, std::array<char*, 1ul>)",6x1x1,128x1x1,False,336,261.4439999999992,0.7781071428571406,0.735,1.344
eager,prompt_1001_decode_7,execute_context_0(0)_generation_1(1),7,1,0,1,attention,_custom_ops.py:2684 reshape_and_cache_flash,_C_cache_ops::reshape_and_cache_flash,"[[1,4,256],[1,4,256],[2052,784,4,256],[2052,784,4,256],[1],[],[],[]]","[""c10::BFloat16"",""c10::BFloat16"",""c10::BFloat16"",""c10::BFloat16"",""long int"","""",""float"",""float""]","void vllm::reshape_and_cache_flash_kernel<__nv_bfloat16, __nv_bfloat16, (vllm::Fp8KVCacheDataType)0>(__nv_bfloat16 const*, __nv_bfloat16 const*, __nv_bfloat16*, __nv_bfloat16*, long const*, long, long, long, long, long, int, int, int, float const*, float const*, int)",1x1x1,512x1x1,False,112,238.56300000000007,2.1300267857142865,1.92,2.816
eager,prompt_1001_decode_7,execute_context_0(0)_generation_1(1),7,1,0,1,attention,model_executor/models/qwen3_next.py:446 forward,aten::sigmoid,"[[1,6144]]","[""c10::BFloat16""]","void at::native::vectorized_elementwise_kernel<8, at::native::sigmoid_kernel_cuda(at::TensorIteratorBase&)::{lambda()#2}::operator()() const::{lambda()#4}::operator()() const::{lambda(c10::BFloat16)#1}, std::array<char*, 2ul> >(int, at::native::sigmoid_kernel_cuda(at::TensorIteratorBase&)::{lambda()#2}::operator()() const::{lambda()#4}::operator()() const::{lambda(c10::BFloat16)#1}, std::array<char*, 2ul>)",6x1x1,128x1x1,False,112,169.2809999999999,1.511437499999999,1.44,1.952
eager,prompt_1001_decode_7,execute_context_0(0)_generation_1(1),7,1,0,1,attention,model_executor/kernels/linear/scaled_mm/flashinfer.py:184 apply_block_scaled_mm,vllm::dynamic_flashinfer_deepgemm_blockscale_gemm,"[[1,6144],[5120,6144],[40,48],[],[]]","[""c10::BFloat16"",""c10::Float8_e4m3fn"",""float"",""Scalar"",""Scalar""]","void tensorrt_llm::kernels::fp8_blockscale_gemm::scale_1x128_kernel<__nv_bfloat16, __nv_fp8_e4m3, float>(__nv_fp8_e4m3*, float*, __nv_bfloat16 const*, int, int)",1056x1x1,256x1x1,False,112,165.72499999999994,1.4796874999999994,1.439,1.663
eager,prompt_1001_decode_7,execute_context_0(0)_generation_1(1),7,1,0,1,attention,model_executor/kernels/linear/scaled_mm/flashinfer.py:184 apply_block_scaled_mm,vllm::dynamic_flashinfer_deepgemm_blockscale_gemm,"[[1,5120],[14336,5120],[112,40],[],[]]","[""c10::BFloat16"",""c10::Float8_e4m3fn"",""float"",""Scalar"",""Scalar""]","void tensorrt_llm::kernels::fp8_blockscale_gemm::scale_1x128_kernel<__nv_bfloat16, __nv_fp8_e4m3, float>(__nv_fp8_e4m3*, float*, __nv_bfloat16 const*, int, int)",1056x1x1,256x1x1,False,112,164.2279999999999,1.4663214285714277,1.409,2.016
eager,prompt_1001_decode_7,execute_context_0(0)_generation_1(1),7,1,0,1,attention,model_executor/models/qwen3_next.py:446 forward,aten::mul,"[[1,6144],[1,6144]]","[""c10::BFloat16"",""c10::BFloat16""]","void at::native::vectorized_elementwise_kernel<8, at::native::BinaryFunctor<c10::BFloat16, c10::BFloat16, c10::BFloat16, at::native::binary_internal::MulFunctor<float> >, std::array<char*, 3ul> >(int, at::native::BinaryFunctor<c10::BFloat16, c10::BFloat16, c10::BFloat16, at::native::binary_internal::MulFunctor<float> >, std::array<char*, 3ul>)",6x1x1,128x1x1,False,112,120.67100000000006,1.0774196428571434,0.96,1.28
eager,prompt_1001_decode_7,execute_context_0(0)_generation_1(1),7,1,0,1,attention,v1/attention/backends/utils.py:1131 mamba_get_block_table_tensor,aten::gather,"[[1,42],[],[1,1],[]]","[""int"",""Scalar"",""long int"",""Scalar""]","void at::native::_scatter_gather_elementwise_kernel<128, 8, at::native::_cuda_scatter_gather_internal_kernel<false, at::native::OpaqueType<4>, long>::operator()<at::native::TensorAssign>(at::TensorIterator&, long, long, long, at::native::TensorAssign const&)::{lambda(int)#1}>(int, at::native::_cuda_scatter_gather_internal_kernel<false, at::native::OpaqueType<4>, long>::operator()<at::native::TensorAssign>(at::TensorIterator&, long, long, long, at::native::TensorAssign const&)::{lambda(int)#1})",1x1x1,128x1x1,False,21,37.379000000000005,1.7799523809523812,1.536,2.08
eager,prompt_1001_decode_7,execute_context_0(0)_generation_1(1),7,1,0,1,attention,v1/attention/backends/utils.py:1131 mamba_get_block_table_tensor,aten::floor_divide,"[[1],[]]","[""int"",""long int""]","void at::native::vectorized_elementwise_kernel<4, at::native::BUnaryFunctor<int, int, int, at::native::binary_internal::div_floor_kernel_cuda(at::TensorIteratorBase&)::{lambda()#1}::operator()() const::{lambda()#3}::operator()() const::{lambda(int, int)#1}>, std::array<char*, 2ul> >(int, at::native::BUnaryFunctor<int, int, int, at::native::binary_internal::div_floor_kernel_cuda(at::TensorIteratorBase&)::{lambda()#1}::operator()() const::{lambda()#3}::operator()() const::{lambda(int, int)#1}>, std::array<char*, 2ul>)",1x1x1,128x1x1,False,21,24.60900000000001,1.1718571428571434,1.056,1.344
eager,prompt_1001_decode_7,execute_context_0(0)_generation_1(1),7,1,0,1,attention,v1/attention/backends/utils.py:1131 mamba_get_block_table_tensor,aten::copy_,"[[1,1],[1,1],[]]","[""long int"",""int"",""Scalar""]","void at::native::unrolled_elementwise_kernel<at::native::direct_copy_kernel_cuda(at::TensorIteratorBase&)::{lambda()#3}::operator()() const::{lambda()#4}::operator()() const::{lambda(long)#1}, std::array<char*, 2ul>, 4, TrivialOffsetCalculator<1, unsigned int>, TrivialOffsetCalculator<1, unsigned int>, at::native::memory::LoadWithCast<1>, at::native::memory::StoreWithCast<1> >(int, at::native::direct_copy_kernel_cuda(at::TensorIteratorBase&)::{lambda()#3}::operator()() const::{lambda()#4}::operator()() const::{lambda(long)#1}, std::array<char*, 2ul>, TrivialOffsetCalculator<1, unsigned int>, TrivialOffsetCalculator<1, unsigned int>, at::native::memory::LoadWithCast<1>, at::native::memory::StoreWithCast<1>)",1x1x1,128x1x1,False,21,23.96900000000001,1.1413809523809528,1.024,1.376
eager,prompt_1001_decode_7,execute_context_0(0)_generation_1(1),7,1,0,1,kv_cache,,,,,_gather_block_tables_kernel,4x1x1,128x1x1,False,7,23.742,3.391714285714286,3.232,3.936
eager,prompt_1001_decode_7,execute_context_0(0)_generation_1(1),7,1,0,1,attention,v1/attention/backends/utils.py:1131 mamba_get_block_table_tensor,aten::clamp_,"[[1],[],[]]","[""int"",""Scalar"",""""]","void at::native::vectorized_elementwise_kernel<4, at::native::(anonymous namespace)::launch_clamp_scalar(at::TensorIteratorBase&, c10::Scalar, c10::Scalar, at::native::detail::ClampLimits)::{lambda()#1}::operator()() const::{lambda()#3}::operator()() const::{lambda(int)#1}, std::array<char*, 2ul> >(int, at::native::(anonymous namespace)::launch_clamp_scalar(at::TensorIteratorBase&, c10::Scalar, c10::Scalar, at::native::detail::ClampLimits)::{lambda()#1}::operator()() const::{lambda()#3}::operator()() const::{lambda(int)#1}, std::array<char*, 2ul>)",1x1x1,128x1x1,False,21,21.277000000000005,1.0131904761904764,0.864,1.376
eager,prompt_1001_decode_7,execute_context_0(0)_generation_1(1),7,1,0,1,sampler,,,,,_combine_sampled_and_draft_tokens_kernel,1x1x1,128x1x1,False,7,19.391999999999996,2.7702857142857136,2.592,3.136
eager,prompt_1001_decode_7,execute_context_0(0)_generation_1(1),7,1,0,1,attention,v1/attention/backends/utils.py:1131 mamba_get_block_table_tensor,aten::add,"[[1,1],[1],[]]","[""int"",""int"",""Scalar""]","void at::native::vectorized_elementwise_kernel<4, at::native::CUDAFunctor_add<int>, std::array<char*, 3ul> >(int, at::native::CUDAFunctor_add<int>, std::array<char*, 3ul>)",1x1x1,128x1x1,False,21,18.819000000000006,0.8961428571428575,0.832,0.96
eager,prompt_1001_decode_7,execute_context_0(0)_generation_1(1),7,1,0,1,attention,v1/attention/backends/utils.py:1131 mamba_get_block_table_tensor,aten::sub,"[[1],[],[]]","[""int"",""long int"",""Scalar""]","void at::native::vectorized_elementwise_kernel<4, at::native::CUDAFunctorOnSelf_add<int>, std::array<char*, 2ul> >(int, at::native::CUDAFunctorOnSelf_add<int>, std::array<char*, 2ul>)",1x1x1,128x1x1,False,21,18.68700000000001,0.8898571428571432,0.8,0.992
eager,prompt_1001_decode_7,execute_context_0(0)_generation_1(1),7,1,0,1,kv_cache,,,,,_compute_slot_mappings_kernel,4x2x1,128x1x1,False,7,17.953000000000003,2.564714285714286,2.432,2.72
eager,prompt_1001_decode_7,execute_context_0(0)_generation_1(1),7,1,0,1,norm,ir/ops/layernorm.py:9 rms_norm,aten::mean,"[[1,5120],[],[],[]]","[""float"",""ScalarList"",""Scalar"",""""]","void at::native::reduce_kernel<512, 1, at::native::ReduceOp<float, at::native::MeanOps<float, float, float, float>, unsigned int, float, 4, 4> >(at::native::ReduceOp<float, at::native::MeanOps<float, float, float, float>, unsigned int, float, 4, 4>)",1x1x1,512x1x1,False,7,17.537,2.5052857142857143,2.432,2.56
eager,prompt_1001_decode_7,execute_context_0(0)_generation_1(1),7,1,0,1,attention,,,,,_prepare_rope_positions_kernel,1x1x1,128x1x1,False,7,17.25,2.4642857142857144,2.432,2.56
eager,prompt_1001_decode_7,execute_context_0(0)_generation_1(1),7,1,0,1,gdn,,,,,precopy_mamba_align_fused_kernel,1x96x16,128x1x1,False,7,16.673000000000002,2.381857142857143,2.336,2.401
eager,prompt_1001_decode_7,execute_context_0(0)_generation_1(1),7,1,0,1,norm,ir/ops/layernorm.py:9 rms_norm,aten::copy_,"[[1,5120],[1,5120],[]]","[""float"",""c10::BFloat16"",""Scalar""]","void at::native::unrolled_elementwise_kernel<at::native::direct_copy_kernel_cuda(at::TensorIteratorBase&)::{lambda()#3}::operator()() const::{lambda()#7}::operator()() const::{lambda(float)#1}, std::array<char*, 2ul>, 4, TrivialOffsetCalculator<1, unsigned int>, TrivialOffsetCalculator<1, unsigned int>, at::native::memory::LoadWithCast<1>, at::native::memory::StoreWithCast<1> >(int, at::native::direct_copy_kernel_cuda(at::TensorIteratorBase&)::{lambda()#3}::operator()() const::{lambda()#7}::operator()() const::{lambda(float)#1}, std::array<char*, 2ul>, TrivialOffsetCalculator<1, unsigned int>, TrivialOffsetCalculator<1, unsigned int>, at::native::memory::LoadWithCast<1>, at::native::memory::StoreWithCast<1>)",10x1x1,128x1x1,False,7,16.482,2.3545714285714285,2.176,2.432
eager,prompt_1001_decode_7,execute_context_0(0)_generation_1(1),7,1,0,1,attention,v1/attention/backends/utils.py:1131 mamba_get_block_table_tensor,aten::arange,"[[],[],[],[0]]","[""Scalar"",""Scalar"",""Scalar"",""int""]","void (anonymous namespace)::elementwise_kernel_with_index<int, at::native::arange_cuda_out(c10::Scalar const&, c10::Scalar const&, c10::Scalar const&, at::Tensor&)::{lambda()#1}::operator()() const::{lambda()#3}::operator()() const::{lambda(long)#1}>(int, at::native::arange_cuda_out(c10::Scalar const&, c10::Scalar const&, c10::Scalar const&, at::Tensor&)::{lambda()#1}::operator()() const::{lambda()#3}::operator()() const::{lambda(long)#1}, function_traits<at::native::arange_cuda_out(c10::Scalar const&, c10::Scalar const&, c10::Scalar const&, at::Tensor&)::{lambda()#1}::operator()() const::{lambda()#3}::operator()() const::{lambda(long)#1}>::result_type*)",1x1x1,64x1x1,False,21,14.338000000000003,0.6827619047619049,0.608,0.736
eager,prompt_1001_decode_7,execute_context_0(0)_generation_1(1),7,1,0,1,embedding,model_executor/layers/vocab_parallel_embedding.py:78 embedding,aten::index_select,"[[248320,5120],[],[1]]","[""c10::BFloat16"",""Scalar"",""long int""]","void at::native::(anonymous namespace)::indexSelectSmallIndex<c10::BFloat16, long, unsigned int, 2, 2, -2>(at::cuda::detail::TensorInfo<c10::BFloat16, unsigned int>, at::cuda::detail::TensorInfo<c10::BFloat16 const, unsigned int>, at::cuda::detail::TensorInfo<long const, unsigned int>, int, int, unsigned int, long)",40x1x1,128x1x1,False,7,14.273,2.039,1.92,2.208
eager,prompt_1001_decode_7,execute_context_0(0)_generation_1(1),7,1,0,1,attention,vllm_flash_attn/flash_attn_interface.py:122 get_scheduler_metadata,_vllm_fa3_C::get_scheduler_metadata,"[[],[],[],[],[],[],[],[],[1],[2],[],[],[],[],[],[],[],[],[],[],[],[],[]]","[""Scalar"",""Scalar"",""Scalar"",""Scalar"",""Scalar"",""Scalar"",""Scalar"",""Scalar"",""int"",""int"","""","""","""","""",""Scalar"",""Scalar"",""Scalar"",""Scalar"",""Scalar"",""Scalar"",""Scalar"","""",""Scalar""]","void flash::prepare_varlen_num_blocks_kernel<1, false>(int, int, int, int const*, int const*, int const*, int const*, int const*, int const*, int, int, int, int, int, cutlass::FastDivmod, cutlass::FastDivmod, int*, int*, int*, int*, int*, bool, bool, bool, int)",1x1x1,32x1x1,False,7,11.935,1.705,1.695,1.728
eager,prompt_1001_decode_7,execute_context_0(0)_generation_1(1),7,1,0,1,norm,ir/ops/layernorm.py:9 rms_norm,aten::mul,"[[1,5120],[1,1]]","[""float"",""float""]","void at::native::elementwise_kernel<128, 2, at::native::gpu_kernel_impl_nocast<at::native::BinaryFunctor<float, float, float, at::native::binary_internal::MulFunctor<float> > >(at::TensorIteratorBase&, at::native::BinaryFunctor<float, float, float, at::native::binary_internal::MulFunctor<float> > const&)::{lambda(int)#1}>(int, at::native::gpu_kernel_impl_nocast<at::native::BinaryFunctor<float, float, float, at::native::binary_internal::MulFunctor<float> > >(at::TensorIteratorBase&, at::native::BinaryFunctor<float, float, float, at::native::binary_internal::MulFunctor<float> > const&)::{lambda(int)#1})",20x1x1,128x1x1,False,7,10.496999999999998,1.4995714285714283,1.472,1.664
eager,prompt_1001_decode_7,execute_context_0(0)_generation_1(1),7,1,0,1,gdn,,,,,preprocess_mamba_align_fused_kernel,1x1x1,128x1x1,False,7,10.462,1.4945714285714284,1.471,1.536
eager,prompt_1001_decode_7,execute_context_0(0)_generation_1(1),7,1,0,1,other,,,,,_prepare_pos_seq_lens_kernel,2x1x1,128x1x1,False,7,8.801,1.2572857142857143,1.088,1.472
eager,prompt_1001_decode_7,execute_context_0(0)_generation_1(1),7,1,0,1,embedding,model_executor/layers/vocab_parallel_embedding.py:499 forward,aten::copy_,"[[1],[1],[]]","[""long int"",""int"",""Scalar""]","void at::native::unrolled_elementwise_kernel<at::native::direct_copy_kernel_cuda(at::TensorIteratorBase&)::{lambda()#3}::operator()() const::{lambda()#4}::operator()() const::{lambda(long)#1}, std::array<char*, 2ul>, 4, TrivialOffsetCalculator<1, unsigned int>, TrivialOffsetCalculator<1, unsigned int>, at::native::memory::LoadWithCast<1>, at::native::memory::StoreWithCast<1> >(int, at::native::direct_copy_kernel_cuda(at::TensorIteratorBase&)::{lambda()#3}::operator()() const::{lambda()#4}::operator()() const::{lambda(long)#1}, std::array<char*, 2ul>, TrivialOffsetCalculator<1, unsigned int>, TrivialOffsetCalculator<1, unsigned int>, at::native::memory::LoadWithCast<1>, at::native::memory::StoreWithCast<1>)",1x1x1,128x1x1,False,7,7.807,1.1152857142857144,1.024,1.248
eager,prompt_1001_decode_7,execute_context_0(0)_generation_1(1),7,1,0,1,norm,ir/ops/layernorm.py:9 rms_norm,aten::mul,"[[1,5120],[5120]]","[""float"",""float""]","void at::native::vectorized_elementwise_kernel<4, at::native::BinaryFunctor<float, float, float, at::native::binary_internal::MulFunctor<float> >, std::array<char*, 3ul> >(int, at::native::BinaryFunctor<float, float, float, at::native::binary_internal::MulFunctor<float> >, std::array<char*, 3ul>)",5x1x1,128x1x1,False,7,7.4239999999999995,1.0605714285714285,1.023,1.28
eager,prompt_1001_decode_7,execute_context_0(0)_generation_1(1),7,1,0,1,norm,ir/ops/layernorm.py:9 rms_norm,aten::rsqrt,"[[1,1]]","[""float""]","void at::native::vectorized_elementwise_kernel<4, at::native::rsqrt_kernel_cuda(at::TensorIteratorBase&)::{lambda()#2}::operator()() const::{lambda()#2}::operator()() const::{lambda(float)#1}, std::array<char*, 2ul> >(int, at::native::rsqrt_kernel_cuda(at::TensorIteratorBase&)::{lambda()#2}::operator()() const::{lambda()#2}::operator()() const::{lambda(float)#1}, std::array<char*, 2ul>)",1x1x1,128x1x1,False,7,7.0409999999999995,1.0058571428571428,0.928,1.088
eager,prompt_1001_decode_7,execute_context_0(0)_generation_1(1),7,1,0,1,norm,ir/ops/layernorm.py:9 rms_norm,aten::add,"[[1,1],[],[]]","[""float"",""double"",""Scalar""]","void at::native::vectorized_elementwise_kernel<4, at::native::CUDAFunctorOnSelf_add<float>, std::array<char*, 2ul> >(int, at::native::CUDAFunctorOnSelf_add<float>, std::array<char*, 2ul>)",1x1x1,128x1x1,False,7,7.008,1.0011428571428571,0.832,1.12
eager,prompt_1001_decode_7,execute_context_0(0)_generation_1(1),7,1,0,1,norm,ir/ops/layernorm.py:9 rms_norm,aten::pow,"[[1,5120],[]]","[""float"",""Scalar""]","void at::native::vectorized_elementwise_kernel<4, at::native::(anonymous namespace)::pow_tensor_scalar_kernel_impl<float, float>(at::TensorIteratorBase&, float)::{lambda(float)#1}, std::array<char*, 2ul> >(int, at::native::(anonymous namespace)::pow_tensor_scalar_kernel_impl<float, float>(at::TensorIteratorBase&, float)::{lambda(float)#1}, std::array<char*, 2ul>)",5x1x1,128x1x1,False,7,6.686999999999999,0.9552857142857142,0.928,1.055
eager,prompt_1001_decode_7,execute_context_0(0)_generation_1(1),7,1,0,1,norm,ir/ops/layernorm.py:9 rms_norm,aten::copy_,"[[1,5120],[1,5120],[]]","[""c10::BFloat16"",""float"",""Scalar""]","void at::native::vectorized_elementwise_kernel<8, at::native::bfloat16_copy_kernel_cuda(at::TensorIteratorBase&)::{lambda(float)#1}, std::array<char*, 2ul> >(int, at::native::bfloat16_copy_kernel_cuda(at::TensorIteratorBase&)::{lambda(float)#1}, std::array<char*, 2ul>)",5x1x1,128x1x1,False,7,6.5600000000000005,0.9371428571428572,0.897,1.024
eager,prompt_1001_decode_7,execute_context_0(0)_generation_1(1),7,1,0,1,other,v1/worker/gpu/model_runner.py:1159 prepare_inputs,aten::fill_,"[[1],[]]","[""bool"",""Scalar""]","void at::native::vectorized_elementwise_kernel<8, at::native::FillFunctor<bool>, std::array<char*, 1ul> >(int, at::native::FillFunctor<bool>, std::array<char*, 1ul>)",1x1x1,128x1x1,False,7,5.984,0.8548571428571429,0.832,0.928
eager,prompt_1001_decode_7,execute_context_0(0)_generation_1(1),7,1,0,1,other,v1/worker/gpu/model_runner.py:1159 prepare_inputs,aten::fill_,"[[1],[]]","[""int"",""Scalar""]","void at::native::vectorized_elementwise_kernel<4, at::native::FillFunctor<int>, std::array<char*, 1ul> >(int, at::native::FillFunctor<int>, std::array<char*, 1ul>)",1x1x1,128x1x1,False,7,5.0889999999999995,0.727,0.672,0.768
eager,prompt_1001_decode_7,execute_context_0(0)_generation_1(1),7,1,0,1,other,v1/worker/gpu/model_runner.py:1159 prepare_inputs,aten::arange,"[[],[],[],[0]]","[""Scalar"",""Scalar"",""Scalar"",""int""]","void (anonymous namespace)::elementwise_kernel_with_index<int, at::native::arange_cuda_out(c10::Scalar const&, c10::Scalar const&, c10::Scalar const&, at::Tensor&)::{lambda()#1}::operator()() const::{lambda()#3}::operator()() const::{lambda(long)#1}>(int, at::native::arange_cuda_out(c10::Scalar const&, c10::Scalar const&, c10::Scalar const&, at::Tensor&)::{lambda()#1}::operator()() const::{lambda()#3}::operator()() const::{lambda(long)#1}, function_traits<at::native::arange_cuda_out(c10::Scalar const&, c10::Scalar const&, c10::Scalar const&, at::Tensor&)::{lambda()#1}::operator()() const::{lambda()#3}::operator()() const::{lambda(long)#1}>::result_type*)",1x1x1,64x1x1,False,7,4.93,0.7042857142857143,0.64,0.833
eager,prompt_1001_decode_7,execute_context_1(217)_generation_0(0),1,217,1,0,mlp,model_executor/kernels/linear/scaled_mm/flashinfer.py:184 apply_block_scaled_mm,vllm::dynamic_flashinfer_deepgemm_blockscale_gemm,"[[217,5120],[34816,5120],[272,40],[],[]]","[""c10::BFloat16"",""c10::Float8_e4m3fn"",""float"",""Scalar"",""Scalar""]","void deep_gemm::sm90_fp8_gemm_1d2d_impl<(cute::UMMA::Major)0, 0u, 34816u, 5120u, 1u, 128u, 192u, 128u, 128u, 128u, 128u, 4u, 128u, 256u, 2u, false, 132u, (deep_gemm::GemmType)0, cutlass::bfloat16_t, deep_gemm::epilogue::transform::EpilogueIdentity>(float*, int*, unsigned int, unsigned int, unsigned int, CUtensorMap_st, CUtensorMap_st, CUtensorMap_st, CUtensorMap_st)",132x1x1,384x1x1,False,64,4928.770999999998,77.01204687499997,75.392,78.401
eager,prompt_1001_decode_7,execute_context_1(217)_generation_0(0),1,217,1,0,mlp,model_executor/kernels/linear/scaled_mm/flashinfer.py:184 apply_block_scaled_mm,vllm::dynamic_flashinfer_deepgemm_blockscale_gemm,"[[217,17408],[5120,17408],[40,136],[],[]]","[""c10::BFloat16"",""c10::Float8_e4m3fn"",""float"",""Scalar"",""Scalar""]","void deep_gemm::sm90_fp8_gemm_1d2d_impl<(cute::UMMA::Major)0, 0u, 5120u, 17408u, 1u, 128u, 80u, 128u, 128u, 128u, 32u, 7u, 128u, 256u, 1u, false, 132u, (deep_gemm::GemmType)0, cutlass::bfloat16_t, deep_gemm::epilogue::transform::EpilogueIdentity>(float*, int*, unsigned int, unsigned int, unsigned int, CUtensorMap_st, CUtensorMap_st, CUtensorMap_st, CUtensorMap_st)",132x1x1,384x1x1,False,64,2915.154000000002,45.54928125000003,43.296,48.736
eager,prompt_1001_decode_7,execute_context_1(217)_generation_0(0),1,217,1,0,gdn,model_executor/kernels/linear/scaled_mm/flashinfer.py:184 apply_block_scaled_mm,vllm::dynamic_flashinfer_deepgemm_blockscale_gemm,"[[217,5120],[16384,5120],[128,40],[],[]]","[""c10::BFloat16"",""c10::Float8_e4m3fn"",""float"",""Scalar"",""Scalar""]","void deep_gemm::sm90_fp8_gemm_1d2d_impl<(cute::UMMA::Major)0, 0u, 16384u, 5120u, 1u, 256u, 128u, 128u, 128u, 128u, 128u, 3u, 128u, 256u, 1u, false, 132u, (deep_gemm::GemmType)0, cutlass::bfloat16_t, deep_gemm::epilogue::transform::EpilogueIdentity>(float*, int*, unsigned int, unsigned int, unsigned int, CUtensorMap_st, CUtensorMap_st, CUtensorMap_st, CUtensorMap_st)",132x1x1,384x1x1,False,48,1772.235,36.9215625,35.808,38.624
eager,prompt_1001_decode_7,execute_context_1(217)_generation_0(0),1,217,1,0,norm,ir/ops/layernorm.py:43 fused_add_rms_norm,aten::mean,"[[217,5120],[],[],[]]","[""float"",""ScalarList"",""Scalar"",""""]","void at::native::reduce_kernel<512, 1, at::native::ReduceOp<float, at::native::MeanOps<float, float, float, float>, unsigned int, float, 4, 4> >(at::native::ReduceOp<float, at::native::MeanOps<float, float, float, float>, unsigned int, float, 4, 4>)",14x1x1,32x16x1,False,128,1424.4619999999995,11.128609374999996,11.007,11.52
eager,prompt_1001_decode_7,execute_context_1(217)_generation_0(0),1,217,1,0,norm,ir/ops/layernorm.py:43 fused_add_rms_norm,aten::copy_,"[[217,5120],[217,5120],[]]","[""float"",""c10::BFloat16"",""Scalar""]","void at::native::unrolled_elementwise_kernel<at::native::direct_copy_kernel_cuda(at::TensorIteratorBase&)::{lambda()#3}::operator()() const::{lambda()#7}::operator()() const::{lambda(float)#1}, std::array<char*, 2ul>, 4, TrivialOffsetCalculator<1, unsigned int>, TrivialOffsetCalculator<1, unsigned int>, at::native::memory::LoadWithCast<1>, at::native::memory::StoreWithCast<1> >(int, at::native::direct_copy_kernel_cuda(at::TensorIteratorBase&)::{lambda()#3}::operator()() const::{lambda()#7}::operator()() const::{lambda(float)#1}, std::array<char*, 2ul>, TrivialOffsetCalculator<1, unsigned int>, TrivialOffsetCalculator<1, unsigned int>, at::native::memory::LoadWithCast<1>, at::native::memory::StoreWithCast<1>)",2170x1x1,128x1x1,False,256,1404.8070000000007,5.487527343750003,4.512,7.263
eager,prompt_1001_decode_7,execute_context_1(217)_generation_0(0),1,217,1,0,gdn,model_executor/layers/mamba/gdn/qwen_gdn_linear_attn.py:889 forward_cuda,vllm::qwen_gdn_attention_core_fused_norm_packed,"[[217,16384],[217,96],[217,48,128],[]]","[""c10::BFloat16"",""c10::BFloat16"",""c10::BFloat16"",""""]",kernel_cutlass_kernel_flashinfergdn_kernelsdelta_rule_dsldelta_rule_cp_sm90CPDeltaRuleMNPrecomputeSm90_object_at__tensorptrf32gmemalign16o1_CopyAtom_ThrID10_TVLayoutSrc1409601_TVLayoutDst_0,96x1x1,384x1x1,False,48,1015.1130000000004,21.14818750000001,20.704,21.377
eager,prompt_1001_decode_7,execute_context_1(217)_generation_0(0),1,217,1,0,gdn,model_executor/kernels/linear/scaled_mm/flashinfer.py:184 apply_block_scaled_mm,vllm::dynamic_flashinfer_deepgemm_blockscale_gemm,"[[217,6144],[5120,6144],[40,48],[],[]]","[""c10::BFloat16"",""c10::Float8_e4m3fn"",""float"",""Scalar"",""Scalar""]","void deep_gemm::sm90_fp8_gemm_1d2d_impl<(cute::UMMA::Major)0, 0u, 5120u, 6144u, 1u, 128u, 80u, 128u, 128u, 128u, 32u, 7u, 128u, 256u, 1u, false, 132u, (deep_gemm::GemmType)0, cutlass::bfloat16_t, deep_gemm::epilogue::transform::EpilogueIdentity>(float*, int*, unsigned int, unsigned int, unsigned int, CUtensorMap_st, CUtensorMap_st, CUtensorMap_st, CUtensorMap_st)",132x1x1,384x1x1,False,48,928.7090000000001,19.34810416666667,18.784,20.256
eager,prompt_1001_decode_7,execute_context_1(217)_generation_0(0),1,217,1,0,mlp,model_executor/layers/quantization/utils/fp8_utils.py:534 per_token_group_quant_fp8,_C::per_token_group_fp8_quant,"[[217,17408],[217,17408],[217,136],[],[],[],[],[],[],[]]","[""c10::BFloat16"",""c10::Float8_e4m3fn"",""float"",""Scalar"",""Scalar"",""Scalar"",""Scalar"",""Scalar"",""Scalar"",""Scalar""]","void per_token_group_quant_8bit_kernel<c10::BFloat16, c10::Float8_e4m3fn, true, true, float>(c10::BFloat16 const*, void*, float*, int, int, int, float, float, float, int, int)",3689x1x1,128x1x1,False,64,663.4300000000002,10.366093750000003,10.24,10.976
eager,prompt_1001_decode_7,execute_context_1(217)_generation_0(0),1,217,1,0,mlp,model_executor/layers/activation.py:139 forward_cuda,_C::silu_and_mul,"[[217,17408],[217,34816]]","[""c10::BFloat16"",""c10::BFloat16""]","void vllm::act_and_mul_kernel<c10::BFloat16, __nv_bfloat162, &(c10::BFloat16 vllm::silu_kernel<c10::BFloat16>(c10::BFloat16 const&, float)), &(__nv_bfloat162 vllm::packed_silu_kernel<__nv_bfloat162>(__nv_bfloat162 const&, float)), true, true, false, false>(c10::BFloat16*, c10::BFloat16 const*, int, float, float, float)",217x1x1,1024x1x1,False,64,656.7720000000002,10.262062500000003,8.512,11.296
eager,prompt_1001_decode_7,execute_context_1(217)_generation_0(0),1,217,1,0,gdn,model_executor/layers/mamba/gdn/qwen_gdn_linear_attn.py:889 forward_cuda,vllm::qwen_gdn_attention_core_fused_norm_packed,"[[217,16384],[217,96],[217,48,128],[]]","[""c10::BFloat16"",""c10::BFloat16"",""c10::BFloat16"",""""]",kernel_cutlass_kernel_flashinfergdn_kernelsdelta_rule_dsldelta_rule_cp_sm90CPDeltaRuleFixupHmmaSm90_object_at__CopyAtom_ThrID10_TVLayoutSrc151201_TVLayoutDst151201_Valuetypef32_tensor0000_0,96x1x1,256x1x1,False,48,650.1779999999999,13.545374999999998,13.408,13.695
eager,prompt_1001_decode_7,execute_context_1(217)_generation_0(0),1,217,1,0,attention,model_executor/kernels/linear/scaled_mm/flashinfer.py:184 apply_block_scaled_mm,vllm::dynamic_flashinfer_deepgemm_blockscale_gemm,"[[217,5120],[14336,5120],[112,40],[],[]]","[""c10::BFloat16"",""c10::Float8_e4m3fn"",""float"",""Scalar"",""Scalar""]","void deep_gemm::sm90_fp8_gemm_1d2d_impl<(cute::UMMA::Major)0, 0u, 14336u, 5120u, 1u, 128u, 112u, 128u, 128u, 128u, 32u, 6u, 128u, 256u, 2u, true, 132u, (deep_gemm::GemmType)0, cutlass::bfloat16_t, deep_gemm::epilogue::transform::EpilogueIdentity>(float*, int*, unsigned int, unsigned int, unsigned int, CUtensorMap_st, CUtensorMap_st, CUtensorMap_st, CUtensorMap_st)",132x1x1,384x1x1,False,16,620.581,38.7863125,38.305,39.616
eager,prompt_1001_decode_7,execute_context_1(217)_generation_0(0),1,217,1,0,gdn,model_executor/layers/mamba/gdn/qwen_gdn_linear_attn.py:889 forward_cuda,vllm::qwen_gdn_attention_core_fused_norm_packed,"[[217,16384],[217,96],[217,48,128],[]]","[""c10::BFloat16"",""c10::BFloat16"",""c10::BFloat16"",""""]",kernel_cutlass_kernel_flashinfergdn_kernelsdelta_rule_dsldelta_rule_cp_sm90CPDeltaRulePrefillSm90_object_at__tensorptrf32gmemalign16o1_CopyAtom_ThrID10_TVLayoutSrc1409601_TVLayoutDst14096_0,96x1x1,512x1x1,False,48,607.043,12.646729166666667,12.416,13.184
eager,prompt_1001_decode_7,execute_context_1(217)_generation_0(0),1,217,1,0,norm,ir/ops/layernorm.py:43 fused_add_rms_norm,aten::mul,"[[217,5120],[217,1]]","[""float"",""float""]","void at::native::elementwise_kernel<128, 2, at::native::gpu_kernel_impl_nocast<at::native::BinaryFunctor<float, float, float, at::native::binary_internal::MulFunctor<float> > >(at::TensorIteratorBase&, at::native::BinaryFunctor<float, float, float, at::native::binary_internal::MulFunctor<float> > const&)::{lambda(int)#1}>(int, at::native::gpu_kernel_impl_nocast<at::native::BinaryFunctor<float, float, float, at::native::binary_internal::MulFunctor<float> > >(at::TensorIteratorBase&, at::native::BinaryFunctor<float, float, float, at::native::binary_internal::MulFunctor<float> > const&)::{lambda(int)#1})",4340x1x1,128x1x1,False,128,560.5159999999998,4.379031249999999,4.32,4.481
eager,prompt_1001_decode_7,execute_context_1(217)_generation_0(0),1,217,1,0,norm,ir/ops/layernorm.py:43 fused_add_rms_norm,aten::mul,"[[217,5120],[5120]]","[""float"",""float""]","void at::native::elementwise_kernel<128, 2, at::native::gpu_kernel_impl_nocast<at::native::BinaryFunctor<float, float, float, at::native::binary_internal::MulFunctor<float> > >(at::TensorIteratorBase&, at::native::BinaryFunctor<float, float, float, at::native::binary_internal::MulFunctor<float> > const&)::{lambda(int)#1}>(int, at::native::gpu_kernel_impl_nocast<at::native::BinaryFunctor<float, float, float, at::native::binary_internal::MulFunctor<float> > >(at::TensorIteratorBase&, at::native::BinaryFunctor<float, float, float, at::native::binary_internal::MulFunctor<float> > const&)::{lambda(int)#1})",4340x1x1,128x1x1,False,128,539.2670000000002,4.213023437500001,4.191,4.64
eager,prompt_1001_decode_7,execute_context_1(217)_generation_0(0),1,217,1,0,norm,ir/ops/layernorm.py:43 fused_add_rms_norm,aten::copy_,"[[217,5120],[217,5120],[]]","[""c10::BFloat16"",""float"",""Scalar""]","void at::native::vectorized_elementwise_kernel<8, at::native::bfloat16_copy_kernel_cuda(at::TensorIteratorBase&)::{lambda(float)#1}, std::array<char*, 2ul> >(int, at::native::bfloat16_copy_kernel_cuda(at::TensorIteratorBase&)::{lambda(float)#1}, std::array<char*, 2ul>)",1085x1x1,128x1x1,False,256,529.7630000000001,2.0693867187500006,1.92,2.72
eager,prompt_1001_decode_7,execute_context_1(217)_generation_0(0),1,217,1,0,norm,model_executor/layers/layernorm.py:151 forward_native,aten::copy_,"[[5120],[5120],[]]","[""float"",""c10::BFloat16"",""Scalar""]","void at::native::unrolled_elementwise_kernel<at::native::direct_copy_kernel_cuda(at::TensorIteratorBase&)::{lambda()#3}::operator()() const::{lambda()#7}::operator()() const::{lambda(float)#1}, std::array<char*, 2ul>, 4, TrivialOffsetCalculator<1, unsigned int>, TrivialOffsetCalculator<1, unsigned int>, at::native::memory::LoadWithCast<1>, at::native::memory::StoreWithCast<1> >(int, at::native::direct_copy_kernel_cuda(at::TensorIteratorBase&)::{lambda()#3}::operator()() const::{lambda()#7}::operator()() const::{lambda(float)#1}, std::array<char*, 2ul>, TrivialOffsetCalculator<1, unsigned int>, TrivialOffsetCalculator<1, unsigned int>, at::native::memory::LoadWithCast<1>, at::native::memory::StoreWithCast<1>)",10x1x1,128x1x1,False,129,466.8499999999998,3.618992248062014,3.008,4.48
eager,prompt_1001_decode_7,execute_context_1(217)_generation_0(0),1,217,1,0,norm,ir/ops/layernorm.py:43 fused_add_rms_norm,aten::add,"[[217,5120],[217,5120],[]]","[""float"",""float"",""Scalar""]","void at::native::vectorized_elementwise_kernel<4, at::native::CUDAFunctor_add<float>, std::array<char*, 3ul> >(int, at::native::CUDAFunctor_add<float>, std::array<char*, 3ul>)",1085x1x1,128x1x1,False,128,395.292,3.08821875,2.623,3.744
eager,prompt_1001_decode_7,execute_context_1(217)_generation_0(0),1,217,1,0,attention,vllm_flash_attn/flash_attn_interface.py:176 flash_attn_varlen_func,_vllm_fa3_C::fwd,"[[217,24,256],[2052,784,4,256],[2052,784,4,256],[],[],[],[217,24,256],[2],[],[],[],[1],[],[],[1,48],[],[],[],[],[],[1,4],[1,4],[1,4],[],[],[],[],[],[],[13],[],[],[],[],[],[],[]]","[""c10::BFloat16"",""c10::BFloat16"",""c10::BFloat16"","""","""","""",""c10::BFloat16"",""int"","""","""","""",""int"",""Scalar"",""Scalar"",""int"","""","""","""","""","""",""float"",""float"",""float"",""Scalar"",""Scalar"",""Scalar"",""Scalar"",""Scalar"",""Scalar"",""int"",""Scalar"","""",""Scalar"","""",""Scalar"",""Scalar"",""""]","void cutlass::device_kernel<flash::enable_sm90_or_later<flash::FlashAttnFwdSm90<flash::CollectiveMainloopFwdSm90<2, cute::tuple<cute::C<1>, cute::C<1>, cute::C<1> >, cute::tuple<cute::C<128>, cute::C<80>, cute::C<256> >, 256, cutlass::bfloat16_t, float, cutlass::arch::Sm90, true, false, false, true, true, false, false, true, true, true, true, false, cutlass::bfloat16_t, 1>, flash::CollectiveEpilogueFwd<cute::tuple<cute::C<128>, cute::C<256>, cute::C<80> >, cute::tuple<cute::C<1>, cute::C<1>, cute::C<1> >, cutlass::bfloat16_t, cutlass::arch::Sm90, 256, true, true, true, false, 1>, flash::VarlenDynamicPersistentTileScheduler<128, 80, 256, 128, true, true, true, true, false, true> > > >(flash::enable_sm90_or_later<flash::FlashAttnFwdSm90<flash::CollectiveMainloopFwdSm90<2, cute::tuple<cute::C<1>, cute::C<1>, cute::C<1> >, cute::tuple<cute::C<128>, cute::C<80>, cute::C<256> >, 256, cutlass::bfloat16_t, float, cutlass::arch::Sm90, true, false, false, true, true, false, false, true, true, true, true, false, cutlass::bfloat16_t, 1>, flash::CollectiveEpilogueFwd<cute::tuple<cute::C<128>, cute::C<256>, cute::C<80> >, cute::tuple<cute::C<1>, cute::C<1>, cute::C<1> >, cutlass::bfloat16_t, cutlass::arch::Sm90, 256, true, true, true, false, 1>, flash::VarlenDynamicPersistentTileScheduler<128, 80, 256, 128, true, true, true, true, false, true> > >::Params)",132x1x1,384x1x1,False,16,374.7869999999999,23.424187499999995,22.08,24.128
eager,prompt_1001_decode_7,execute_context_1(217)_generation_0(0),1,217,1,0,gdn,model_executor/layers/mamba/gdn/qwen_gdn_linear_attn.py:889 forward_cuda,vllm::qwen_gdn_attention_core_fused_norm_packed,"[[217,16384],[217,96],[217,48,128],[]]","[""c10::BFloat16"",""c10::BFloat16"",""c10::BFloat16"",""""]",_causal_conv1d_fwd_kernel,28x40x1,128x1x1,False,48,343.428,7.15475,6.912,7.776
eager,prompt_1001_decode_7,execute_context_1(217)_generation_0(0),1,217,1,0,attention,model_executor/kernels/linear/scaled_mm/flashinfer.py:184 apply_block_scaled_mm,vllm::dynamic_flashinfer_deepgemm_blockscale_gemm,"[[217,6144],[5120,6144],[40,48],[],[]]","[""c10::BFloat16"",""c10::Float8_e4m3fn"",""float"",""Scalar"",""Scalar""]","void deep_gemm::sm90_fp8_gemm_1d2d_impl<(cute::UMMA::Major)0, 0u, 5120u, 6144u, 1u, 128u, 80u, 128u, 128u, 128u, 32u, 7u, 128u, 256u, 1u, false, 132u, (deep_gemm::GemmType)0, cutlass::bfloat16_t, deep_gemm::epilogue::transform::EpilogueIdentity>(float*, int*, unsigned int, unsigned int, unsigned int, CUtensorMap_st, CUtensorMap_st, CUtensorMap_st, CUtensorMap_st)",132x1x1,384x1x1,False,16,305.154,19.072125,18.56,20.448
eager,prompt_1001_decode_7,execute_context_1(217)_generation_0(0),1,217,1,0,gdn,model_executor/layers/mamba/gdn/qwen_gdn_linear_attn.py:1833 _rms_norm_gated_cuda,aten::copy_,"[[217,48,128],[217,48,128],[]]","[""c10::BFloat16"",""c10::BFloat16"",""Scalar""]","void at::native::elementwise_kernel<128, 4, at::native::gpu_kernel_impl_nocast<at::native::direct_copy_kernel_cuda(at::TensorIteratorBase&)::{lambda()#3}::operator()() const::{lambda()#12}::operator()() const::{lambda(c10::BFloat16)#1}>(at::TensorIteratorBase&, at::native::direct_copy_kernel_cuda(at::TensorIteratorBase&)::{lambda()#3}::operator()() const::{lambda()#12}::operator()() const::{lambda(c10::BFloat16)#1} const&)::{lambda(int)#1}>(int, at::native::gpu_kernel_impl_nocast<at::native::direct_copy_kernel_cuda(at::TensorIteratorBase&)::{lambda()#3}::operator()() const::{lambda()#12}::operator()() const::{lambda(c10::BFloat16)#1}>(at::TensorIteratorBase&, at::native::direct_copy_kernel_cuda(at::TensorIteratorBase&)::{lambda()#3}::operator()() const::{lambda()#12}::operator()() const::{lambda(c10::BFloat16)#1} const&)::{lambda(int)#1})",2604x1x1,128x1x1,False,48,302.531,6.3027291666666665,6.112,7.039
eager,prompt_1001_decode_7,execute_context_1(217)_generation_0(0),1,217,1,0,mlp,model_executor/layers/quantization/utils/fp8_utils.py:534 per_token_group_quant_fp8,_C::per_token_group_fp8_quant,"[[217,5120],[217,5120],[217,40],[],[],[],[],[],[],[]]","[""c10::BFloat16"",""c10::Float8_e4m3fn"",""float"",""Scalar"",""Scalar"",""Scalar"",""Scalar"",""Scalar"",""Scalar"",""Scalar""]","void per_token_group_quant_8bit_kernel<c10::BFloat16, c10::Float8_e4m3fn, true, true, float>(c10::BFloat16 const*, void*, float*, int, int, int, float, float, float, int, int)",1085x1x1,128x1x1,False,64,287.69199999999984,4.4951874999999974,4.352,4.736
eager,prompt_1001_decode_7,execute_context_1(217)_generation_0(0),1,217,1,0,norm,ir/ops/layernorm.py:43 fused_add_rms_norm,aten::pow,"[[217,5120],[]]","[""float"",""Scalar""]","void at::native::vectorized_elementwise_kernel<4, at::native::(anonymous namespace)::pow_tensor_scalar_kernel_impl<float, float>(at::TensorIteratorBase&, float)::{lambda(float)#1}, std::array<char*, 2ul> >(int, at::native::(anonymous namespace)::pow_tensor_scalar_kernel_impl<float, float>(at::TensorIteratorBase&, float)::{lambda(float)#1}, std::array<char*, 2ul>)",1085x1x1,128x1x1,False,128,275.9400000000001,2.155781250000001,2.08,2.336
eager,prompt_1001_decode_7,execute_context_1(217)_generation_0(0),1,217,1,0,gdn,model_executor/parameter.py:122 __torch_function__,aten::mm,"[[217,5120],[5120,96]]","[""c10::BFloat16"",""c10::BFloat16""]",nvjet_sm90_tst_64x16_64x16_2x4_h_bz_splitK_TNT,8x12x1,384x1x1,False,48,264.549,5.5114374999999995,5.28,6.528
eager,prompt_1001_decode_7,execute_context_1(217)_generation_0(0),1,217,1,0,gdn,model_executor/layers/mamba/gdn/qwen_gdn_linear_attn.py:1259 _forward_core,aten::index,"[[2052,48,128,128],[]]","[""float"",""""]","void at::native::index_elementwise_kernel<128, 4, at::native::gpu_index_kernel<at::native::index_kernel_impl<at::native::OpaqueType<4> >(at::TensorIteratorBase&, c10::ArrayRef<long>, c10::ArrayRef<long>)::{lambda(char*, char const*, long)#1}>(at::TensorIteratorBase&, c10::ArrayRef<long>, c10::ArrayRef<long>, at::native::index_kernel_impl<at::native::OpaqueType<4> >(at::TensorIteratorBase&, c10::ArrayRef<long>, c10::ArrayRef<long>)::{lambda(char*, char const*, long)#1} const&, bool)::{lambda(int)#1}>(long, at::native::gpu_index_kernel<at::native::index_kernel_impl<at::native::OpaqueType<4> >(at::TensorIteratorBase&, c10::ArrayRef<long>, c10::ArrayRef<long>)::{lambda(char*, char const*, long)#1}>(at::TensorIteratorBase&, c10::ArrayRef<long>, c10::ArrayRef<long>, at::native::index_kernel_impl<at::native::OpaqueType<4> >(at::TensorIteratorBase&, c10::ArrayRef<long>, c10::ArrayRef<long>)::{lambda(char*, char const*, long)#1} const&, bool)::{lambda(int)#1})",1536x1x1,128x1x1,False,48,260.5779999999999,5.428708333333332,5.184,5.697
eager,prompt_1001_decode_7,execute_context_1(217)_generation_0(0),1,217,1,0,gdn,model_executor/layers/mamba/gdn/qwen_gdn_linear_attn.py:1259 _forward_core,aten::_index_put_impl_,"[[2052,48,128,128],[],[48,128,128],[],[]]","[""float"","""",""float"",""Scalar"",""Scalar""]","void at::native::index_elementwise_kernel<128, 4, at::native::gpu_index_kernel<at::native::index_put_kernel_impl<at::native::OpaqueType<4> >(at::TensorIterator&, c10::ArrayRef<long>, c10::ArrayRef<long>)::{lambda(char*, char const*, long)#1}>(at::TensorIteratorBase&, c10::ArrayRef<long>, c10::ArrayRef<long>, at::native::index_put_kernel_impl<at::native::OpaqueType<4> >(at::TensorIterator&, c10::ArrayRef<long>, c10::ArrayRef<long>)::{lambda(char*, char const*, long)#1} const&, bool)::{lambda(int)#1}>(long, at::native::gpu_index_kernel<at::native::index_put_kernel_impl<at::native::OpaqueType<4> >(at::TensorIterator&, c10::ArrayRef<long>, c10::ArrayRef<long>)::{lambda(char*, char const*, long)#1}>(at::TensorIteratorBase&, c10::ArrayRef<long>, c10::ArrayRef<long>, at::native::index_put_kernel_impl<at::native::OpaqueType<4> >(at::TensorIterator&, c10::ArrayRef<long>, c10::ArrayRef<long>)::{lambda(char*, char const*, long)#1} const&, bool)::{lambda(int)#1})",1536x1x1,128x1x1,False,48,228.7019999999999,4.764624999999998,4.608,5.312
eager,prompt_1001_decode_7,execute_context_1(217)_generation_0(0),1,217,1,0,gdn,model_executor/layers/mamba/gdn/qwen_gdn_linear_attn.py:889 forward_cuda,vllm::qwen_gdn_attention_core_fused_norm_packed,"[[217,16384],[217,96],[217,48,128],[]]","[""c10::BFloat16"",""c10::BFloat16"",""c10::BFloat16"",""""]",kernel_cutlass_kernel_flashinfergdn_kernelsdelta_rule_dsldelta_rule_cp_sm90CPDeltaRuleTPrecomputeSm90_object_at__CopyAtom_ThrID10_TVLayoutSrc1409601_TVLayoutDst1409601_Valuetypebf16_tenso_0,192x1x1,128x1x1,False,48,227.138,4.7320416666666665,4.64,4.896
eager,prompt_1001_decode_7,execute_context_1(217)_generation_0(0),1,217,1,0,gdn,model_executor/layers/quantization/utils/fp8_utils.py:534 per_token_group_quant_fp8,_C::per_token_group_fp8_quant,"[[217,6144],[217,6144],[217,48],[],[],[],[],[],[],[]]","[""c10::BFloat16"",""c10::Float8_e4m3fn"",""float"",""Scalar"",""Scalar"",""Scalar"",""Scalar"",""Scalar"",""Scalar"",""Scalar""]","void per_token_group_quant_8bit_kernel<c10::BFloat16, c10::Float8_e4m3fn, true, true, float>(c10::BFloat16 const*, void*, float*, int, int, int, float, float, float, int, int)",651x1x1,256x1x1,False,48,224.06299999999993,4.667979166666665,4.544,4.8
eager,prompt_1001_decode_7,execute_context_1(217)_generation_0(0),1,217,1,0,gdn,model_executor/layers/quantization/utils/fp8_utils.py:534 per_token_group_quant_fp8,_C::per_token_group_fp8_quant,"[[217,5120],[217,5120],[217,40],[],[],[],[],[],[],[]]","[""c10::BFloat16"",""c10::Float8_e4m3fn"",""float"",""Scalar"",""Scalar"",""Scalar"",""Scalar"",""Scalar"",""Scalar"",""Scalar""]","void per_token_group_quant_8bit_kernel<c10::BFloat16, c10::Float8_e4m3fn, true, true, float>(c10::BFloat16 const*, void*, float*, int, int, int, float, float, float, int, int)",1085x1x1,128x1x1,False,48,215.489,4.489354166666667,4.288,4.672
eager,prompt_1001_decode_7,execute_context_1(217)_generation_0(0),1,217,1,0,gdn,model_executor/layers/mamba/gdn/qwen_gdn_linear_attn.py:1867 _forward_core_fused_norm,aten::copy_,"[[217,48],[217,48],[]]","[""c10::BFloat16"",""c10::BFloat16"",""Scalar""]","void at::native::elementwise_kernel<128, 4, at::native::gpu_kernel_impl_nocast<at::native::direct_copy_kernel_cuda(at::TensorIteratorBase&)::{lambda()#3}::operator()() const::{lambda()#12}::operator()() const::{lambda(c10::BFloat16)#1}>(at::TensorIteratorBase&, at::native::direct_copy_kernel_cuda(at::TensorIteratorBase&)::{lambda()#3}::operator()() const::{lambda()#12}::operator()() const::{lambda(c10::BFloat16)#1} const&)::{lambda(int)#1}>(int, at::native::gpu_kernel_impl_nocast<at::native::direct_copy_kernel_cuda(at::TensorIteratorBase&)::{lambda()#3}::operator()() const::{lambda()#12}::operator()() const::{lambda(c10::BFloat16)#1}>(at::TensorIteratorBase&, at::native::direct_copy_kernel_cuda(at::TensorIteratorBase&)::{lambda()#3}::operator()() const::{lambda()#12}::operator()() const::{lambda(c10::BFloat16)#1} const&)::{lambda(int)#1})",21x1x1,128x1x1,False,96,203.20000000000002,2.1166666666666667,1.952,2.432
eager,prompt_1001_decode_7,execute_context_1(217)_generation_0(0),1,217,1,0,attention,vllm_flash_attn/flash_attn_interface.py:176 flash_attn_varlen_func,_vllm_fa3_C::fwd,"[[217,24,256],[2052,784,4,256],[2052,784,4,256],[],[],[],[217,24,256],[2],[],[],[],[1],[],[],[1,48],[],[],[],[],[],[1,4],[1,4],[1,4],[],[],[],[],[],[],[13],[],[],[],[],[],[],[]]","[""c10::BFloat16"",""c10::BFloat16"",""c10::BFloat16"","""","""","""",""c10::BFloat16"",""int"","""","""","""",""int"",""Scalar"",""Scalar"",""int"","""","""","""","""","""",""float"",""float"",""float"",""Scalar"",""Scalar"",""Scalar"",""Scalar"",""Scalar"",""Scalar"",""int"",""Scalar"","""",""Scalar"","""",""Scalar"",""Scalar"",""""]","void cutlass::device_kernel<flash::FlashAttnFwdCombine<cute::tuple<cute::C<8>, cute::C<128> >, 5, 256, 1, false, true, cutlass::bfloat16_t, float, cutlass::arch::Sm90> >(flash::FlashAttnFwdCombine<cute::tuple<cute::C<8>, cute::C<128> >, 5, 256, 1, false, true, cutlass::bfloat16_t, float, cutlass::arch::Sm90>::Params)",651x2x1,256x1x1,False,16,200.22700000000003,12.514187500000002,9.696,13.28
eager,prompt_1001_decode_7,execute_context_1(217)_generation_0(0),1,217,1,0,gdn,model_executor/layers/mamba/gdn/qwen_gdn_linear_attn.py:889 forward_cuda,vllm::qwen_gdn_attention_core_fused_norm_packed,"[[217,16384],[217,96],[217,48,128],[]]","[""c10::BFloat16"",""c10::BFloat16"",""c10::BFloat16"",""""]",layer_norm_fwd_kernel,2604x1x1,32x1x1,False,48,180.28400000000002,3.7559166666666672,3.648,4.64
eager,prompt_1001_decode_7,execute_context_1(217)_generation_0(0),1,217,1,0,gdn,model_executor/layers/mamba/gdn/qwen_gdn_linear_attn.py:1259 _forward_core,aten::masked_fill_,"[[1,48,128,128],[1,1,1,1],[]]","[""float"",""bool"",""Scalar""]","void at::native::elementwise_kernel<128, 2, at::native::gpu_kernel_impl_nocast<at::native::(anonymous namespace)::masked_fill_kernel(at::TensorIterator&, c10::Scalar const&)::{lambda()#1}::operator()() const::{lambda()#7}::operator()() const::{lambda(float, bool)#1}>(at::TensorIteratorBase&, at::native::(anonymous namespace)::masked_fill_kernel(at::TensorIterator&, c10::Scalar const&)::{lambda()#1}::operator()() const::{lambda()#7}::operator()() const::{lambda(float, bool)#1} const&)::{lambda(int)#1}>(int, at::native::gpu_kernel_impl_nocast<at::native::(anonymous namespace)::masked_fill_kernel(at::TensorIterator&, c10::Scalar const&)::{lambda()#1}::operator()() const::{lambda()#7}::operator()() const::{lambda(float, bool)#1}>(at::TensorIteratorBase&, at::native::(anonymous namespace)::masked_fill_kernel(at::TensorIterator&, c10::Scalar const&)::{lambda()#1}::operator()() const::{lambda()#7}::operator()() const::{lambda(float, bool)#1} const&)::{lambda(int)#1})",3072x1x1,128x1x1,False,48,171.71800000000002,3.577458333333334,3.52,3.808
eager,prompt_1001_decode_7,execute_context_1(217)_generation_0(0),1,217,1,0,norm,ir/ops/layernorm.py:43 fused_add_rms_norm,aten::rsqrt,"[[217,1]]","[""float""]","void at::native::vectorized_elementwise_kernel<4, at::native::rsqrt_kernel_cuda(at::TensorIteratorBase&)::{lambda()#2}::operator()() const::{lambda()#2}::operator()() const::{lambda(float)#1}, std::array<char*, 2ul> >(int, at::native::rsqrt_kernel_cuda(at::TensorIteratorBase&)::{lambda()#2}::operator()() const::{lambda()#2}::operator()() const::{lambda(float)#1}, std::array<char*, 2ul>)",1x1x1,128x1x1,False,128,156.8359999999999,1.2252812499999992,1.183,1.472
eager,prompt_1001_decode_7,execute_context_1(217)_generation_0(0),1,217,1,0,gdn,model_executor/layers/mamba/gdn/qwen_gdn_linear_attn.py:889 forward_cuda,vllm::qwen_gdn_attention_core_fused_norm_packed,"[[217,16384],[217,96],[217,48,128],[]]","[""c10::BFloat16"",""c10::BFloat16"",""c10::BFloat16"",""""]",_fused_post_conv_kernel,14x64x1,128x1x1,False,48,151.78000000000003,3.162083333333334,2.944,3.488
eager,prompt_1001_decode_7,execute_context_1(217)_generation_0(0),1,217,1,0,norm,ir/ops/layernorm.py:43 fused_add_rms_norm,aten::add,"[[217,1],[],[]]","[""float"",""double"",""Scalar""]","void at::native::vectorized_elementwise_kernel<4, at::native::CUDAFunctorOnSelf_add<float>, std::array<char*, 2ul> >(int, at::native::CUDAFunctorOnSelf_add<float>, std::array<char*, 2ul>)",1x1x1,128x1x1,False,128,139.12699999999992,1.0869296874999994,0.991,1.505
eager,prompt_1001_decode_7,execute_context_1(217)_generation_0(0),1,217,1,0,norm,model_executor/layers/layernorm.py:151 forward_native,aten::add,"[[5120],[],[]]","[""float"",""double"",""Scalar""]","void at::native::vectorized_elementwise_kernel<4, at::native::CUDAFunctorOnSelf_add<float>, std::array<char*, 2ul> >(int, at::native::CUDAFunctorOnSelf_add<float>, std::array<char*, 2ul>)",5x1x1,128x1x1,False,129,130.91699999999994,1.0148604651162787,0.928,1.792
eager,prompt_1001_decode_7,execute_context_1(217)_generation_0(0),1,217,1,0,gdn,model_executor/layers/mamba/gdn/qwen_gdn_linear_attn.py:1259 _forward_core,aten::copy_,"[[1],[1],[]]","[""long int"",""int"",""Scalar""]","void at::native::unrolled_elementwise_kernel<at::native::direct_copy_kernel_cuda(at::TensorIteratorBase&)::{lambda()#3}::operator()() const::{lambda()#4}::operator()() const::{lambda(long)#1}, std::array<char*, 2ul>, 4, TrivialOffsetCalculator<1, unsigned int>, TrivialOffsetCalculator<1, unsigned int>, at::native::memory::LoadWithCast<1>, at::native::memory::StoreWithCast<1> >(int, at::native::direct_copy_kernel_cuda(at::TensorIteratorBase&)::{lambda()#3}::operator()() const::{lambda()#4}::operator()() const::{lambda(long)#1}, std::array<char*, 2ul>, TrivialOffsetCalculator<1, unsigned int>, TrivialOffsetCalculator<1, unsigned int>, at::native::memory::LoadWithCast<1>, at::native::memory::StoreWithCast<1>)",1x1x1,128x1x1,False,96,122.39800000000002,1.274979166666667,1.119,2.016
eager,prompt_1001_decode_7,execute_context_1(217)_generation_0(0),1,217,1,0,attention,,,,,_fused_qk_rmsnorm_rope_gate_kernel,217x28x1,128x1x1,False,16,119.873,7.4920625,7.296,8.224
eager,prompt_1001_decode_7,execute_context_1(217)_generation_0(0),1,217,1,0,mlp,utils/deep_gemm.py:455 fp8_gemm_nt,aten::copy_,"[[1,217,136],[1,217,136],[]]","[""float"",""float"",""Scalar""]","void at::native::elementwise_kernel<128, 2, at::native::gpu_kernel_impl_nocast<at::native::direct_copy_kernel_cuda(at::TensorIteratorBase&)::{lambda()#3}::operator()() const::{lambda()#7}::operator()() const::{lambda(float)#1}>(at::TensorIteratorBase&, at::native::direct_copy_kernel_cuda(at::TensorIteratorBase&)::{lambda()#3}::operator()() const::{lambda()#7}::operator()() const::{lambda(float)#1} const&)::{lambda(int)#1}>(int, at::native::gpu_kernel_impl_nocast<at::native::direct_copy_kernel_cuda(at::TensorIteratorBase&)::{lambda()#3}::operator()() const::{lambda()#7}::operator()() const::{lambda(float)#1}>(at::TensorIteratorBase&, at::native::direct_copy_kernel_cuda(at::TensorIteratorBase&)::{lambda()#3}::operator()() const::{lambda()#7}::operator()() const::{lambda(float)#1} const&)::{lambda(int)#1})",116x1x1,128x1x1,False,64,106.59200000000008,1.6655000000000013,1.6,2.08
eager,prompt_1001_decode_7,execute_context_1(217)_generation_0(0),1,217,1,0,mlp,utils/deep_gemm.py:455 fp8_gemm_nt,aten::copy_,"[[1,217,40],[1,217,40],[]]","[""float"",""float"",""Scalar""]","void at::native::elementwise_kernel<128, 2, at::native::gpu_kernel_impl_nocast<at::native::direct_copy_kernel_cuda(at::TensorIteratorBase&)::{lambda()#3}::operator()() const::{lambda()#7}::operator()() const::{lambda(float)#1}>(at::TensorIteratorBase&, at::native::direct_copy_kernel_cuda(at::TensorIteratorBase&)::{lambda()#3}::operator()() const::{lambda()#7}::operator()() const::{lambda(float)#1} const&)::{lambda(int)#1}>(int, at::native::gpu_kernel_impl_nocast<at::native::direct_copy_kernel_cuda(at::TensorIteratorBase&)::{lambda()#3}::operator()() const::{lambda()#7}::operator()() const::{lambda(float)#1}>(at::TensorIteratorBase&, at::native::direct_copy_kernel_cuda(at::TensorIteratorBase&)::{lambda()#3}::operator()() const::{lambda()#7}::operator()() const::{lambda(float)#1} const&)::{lambda(int)#1})",34x1x1,128x1x1,False,64,102.04699999999997,1.5944843749999995,1.504,1.76
eager,prompt_1001_decode_7,execute_context_1(217)_generation_0(0),1,217,1,0,gdn,,,,,precopy_mamba_align_fused_kernel,1x96x16,128x1x1,False,1,88.257,88.257,88.257,88.257
eager,prompt_1001_decode_7,execute_context_1(217)_generation_0(0),1,217,1,0,gdn,model_executor/layers/mamba/gdn/qwen_gdn_linear_attn.py:889 forward_cuda,aten::fill_,"[[217,48,128],[]]","[""c10::BFloat16"",""Scalar""]","void at::native::vectorized_elementwise_kernel<8, at::native::FillFunctor<c10::BFloat16>, std::array<char*, 1ul> >(int, at::native::FillFunctor<c10::BFloat16>, std::array<char*, 1ul>)",1302x1x1,128x1x1,False,48,83.65000000000002,1.7427083333333337,1.696,1.888
eager,prompt_1001_decode_7,execute_context_1(217)_generation_0(0),1,217,1,0,gdn,model_executor/parameter.py:122 __torch_function__,aten::mm,"[[217,5120],[5120,96]]","[""c10::BFloat16"",""c10::BFloat16""]","void cublasLt::splitKreduce_kernel<32, 16, int, float, __nv_bfloat16, float, __nv_bfloat16, false, float, __nv_bfloat16, __nv_bfloat16, true, false, false, false>(cublasLt::cublasSplitKParams<float>, float const*, __nv_bfloat16 const*, float*, __nv_bfloat16*, float const*, float const*, __nv_bfloat16 const*, float const*, __nv_bfloat16*, void*, long, float*, int*, float*, float*, float const*, float const*, float const*, float const*, float const*)",3x14x1,32x16x1,False,48,82.53099999999998,1.7193958333333328,1.664,1.824
eager,prompt_1001_decode_7,execute_context_1(217)_generation_0(0),1,217,1,0,gdn,utils/deep_gemm.py:455 fp8_gemm_nt,aten::copy_,"[[1,217,40],[1,217,40],[]]","[""float"",""float"",""Scalar""]","void at::native::elementwise_kernel<128, 2, at::native::gpu_kernel_impl_nocast<at::native::direct_copy_kernel_cuda(at::TensorIteratorBase&)::{lambda()#3}::operator()() const::{lambda()#7}::operator()() const::{lambda(float)#1}>(at::TensorIteratorBase&, at::native::direct_copy_kernel_cuda(at::TensorIteratorBase&)::{lambda()#3}::operator()() const::{lambda()#7}::operator()() const::{lambda(float)#1} const&)::{lambda(int)#1}>(int, at::native::gpu_kernel_impl_nocast<at::native::direct_copy_kernel_cuda(at::TensorIteratorBase&)::{lambda()#3}::operator()() const::{lambda()#7}::operator()() const::{lambda(float)#1}>(at::TensorIteratorBase&, at::native::direct_copy_kernel_cuda(at::TensorIteratorBase&)::{lambda()#3}::operator()() const::{lambda()#7}::operator()() const::{lambda(float)#1} const&)::{lambda(int)#1})",34x1x1,128x1x1,False,48,79.425,1.6546874999999999,1.504,1.985
eager,prompt_1001_decode_7,execute_context_1(217)_generation_0(0),1,217,1,0,gdn,utils/deep_gemm.py:455 fp8_gemm_nt,aten::copy_,"[[1,217,48],[1,217,48],[]]","[""float"",""float"",""Scalar""]","void at::native::elementwise_kernel<128, 2, at::native::gpu_kernel_impl_nocast<at::native::direct_copy_kernel_cuda(at::TensorIteratorBase&)::{lambda()#3}::operator()() const::{lambda()#7}::operator()() const::{lambda(float)#1}>(at::TensorIteratorBase&, at::native::direct_copy_kernel_cuda(at::TensorIteratorBase&)::{lambda()#3}::operator()() const::{lambda()#7}::operator()() const::{lambda(float)#1} const&)::{lambda(int)#1}>(int, at::native::gpu_kernel_impl_nocast<at::native::direct_copy_kernel_cuda(at::TensorIteratorBase&)::{lambda()#3}::operator()() const::{lambda()#7}::operator()() const::{lambda(float)#1}>(at::TensorIteratorBase&, at::native::direct_copy_kernel_cuda(at::TensorIteratorBase&)::{lambda()#3}::operator()() const::{lambda()#7}::operator()() const::{lambda(float)#1} const&)::{lambda(int)#1})",41x1x1,128x1x1,False,48,76.484,1.5934166666666665,1.535,1.76
eager,prompt_1001_decode_7,execute_context_1(217)_generation_0(0),1,217,1,0,attention,model_executor/layers/quantization/utils/fp8_utils.py:534 per_token_group_quant_fp8,_C::per_token_group_fp8_quant,"[[217,6144],[217,6144],[217,48],[],[],[],[],[],[],[]]","[""c10::BFloat16"",""c10::Float8_e4m3fn"",""float"",""Scalar"",""Scalar"",""Scalar"",""Scalar"",""Scalar"",""Scalar"",""Scalar""]","void per_token_group_quant_8bit_kernel<c10::BFloat16, c10::Float8_e4m3fn, true, true, float>(c10::BFloat16 const*, void*, float*, int, int, int, float, float, float, int, int)",651x1x1,256x1x1,False,16,74.78399999999998,4.673999999999999,4.608,4.8
eager,prompt_1001_decode_7,execute_context_1(217)_generation_0(0),1,217,1,0,attention,model_executor/layers/quantization/utils/fp8_utils.py:534 per_token_group_quant_fp8,_C::per_token_group_fp8_quant,"[[217,5120],[217,5120],[217,40],[],[],[],[],[],[],[]]","[""c10::BFloat16"",""c10::Float8_e4m3fn"",""float"",""Scalar"",""Scalar"",""Scalar"",""Scalar"",""Scalar"",""Scalar"",""Scalar""]","void per_token_group_quant_8bit_kernel<c10::BFloat16, c10::Float8_e4m3fn, true, true, float>(c10::BFloat16 const*, void*, float*, int, int, int, float, float, float, int, int)",1085x1x1,128x1x1,False,16,71.647,4.4779375,4.384,4.608
eager,prompt_1001_decode_7,execute_context_1(217)_generation_0(0),1,217,1,0,gdn,model_executor/layers/mamba/gdn/qwen_gdn_linear_attn.py:180 fi_chunk_gated_delta_rule,aten::exp,"[[217,48]]","[""float""]","void at::native::vectorized_elementwise_kernel<4, at::native::exp_kernel_cuda(at::TensorIteratorBase&)::{lambda()#2}::operator()() const::{lambda()#2}::operator()() const::{lambda(float)#1}, std::array<char*, 2ul> >(int, at::native::exp_kernel_cuda(at::TensorIteratorBase&)::{lambda()#2}::operator()() const::{lambda()#2}::operator()() const::{lambda(float)#1}, std::array<char*, 2ul>)",11x1x1,128x1x1,False,48,67.166,1.3992916666666666,1.248,1.6
eager,prompt_1001_decode_7,execute_context_1(217)_generation_0(0),1,217,1,0,gdn,model_executor/layers/mamba/gdn/qwen_gdn_linear_attn.py:1259 _forward_core,aten::bitwise_not,[[1]],"[""bool""]","void at::native::vectorized_elementwise_kernel<8, at::native::bitwise_not_kernel_cuda(at::TensorIteratorBase&)::{lambda(bool)#1}, std::array<char*, 2ul> >(int, at::native::bitwise_not_kernel_cuda(at::TensorIteratorBase&)::{lambda(bool)#1}, std::array<char*, 2ul>)",1x1x1,128x1x1,False,48,52.92800000000002,1.1026666666666671,1.055,1.312
eager,prompt_1001_decode_7,execute_context_1(217)_generation_0(0),1,217,1,0,gdn,model_executor/layers/mamba/gdn/qwen_gdn_linear_attn.py:180 fi_chunk_gated_delta_rule,aten::copy_,"[[2],[2],[]]","[""long int"",""int"",""Scalar""]","void at::native::unrolled_elementwise_kernel<at::native::direct_copy_kernel_cuda(at::TensorIteratorBase&)::{lambda()#3}::operator()() const::{lambda()#4}::operator()() const::{lambda(long)#1}, std::array<char*, 2ul>, 4, TrivialOffsetCalculator<1, unsigned int>, TrivialOffsetCalculator<1, unsigned int>, at::native::memory::LoadWithCast<1>, at::native::memory::StoreWithCast<1> >(int, at::native::direct_copy_kernel_cuda(at::TensorIteratorBase&)::{lambda()#3}::operator()() const::{lambda()#4}::operator()() const::{lambda(long)#1}, std::array<char*, 2ul>, TrivialOffsetCalculator<1, unsigned int>, TrivialOffsetCalculator<1, unsigned int>, at::native::memory::LoadWithCast<1>, at::native::memory::StoreWithCast<1>)",1x1x1,128x1x1,False,48,52.643,1.0967291666666668,1.056,1.12
eager,prompt_1001_decode_7,execute_context_1(217)_generation_0(0),1,217,1,0,attention,model_executor/models/qwen3_next.py:446 forward,aten::sigmoid,"[[217,6144]]","[""c10::BFloat16""]","void at::native::vectorized_elementwise_kernel<8, at::native::sigmoid_kernel_cuda(at::TensorIteratorBase&)::{lambda()#2}::operator()() const::{lambda()#4}::operator()() const::{lambda(c10::BFloat16)#1}, std::array<char*, 2ul> >(int, at::native::sigmoid_kernel_cuda(at::TensorIteratorBase&)::{lambda()#2}::operator()() const::{lambda()#4}::operator()() const::{lambda(c10::BFloat16)#1}, std::array<char*, 2ul>)",1302x1x1,128x1x1,False,16,44.57599999999999,2.7859999999999996,2.72,2.912
eager,prompt_1001_decode_7,execute_context_1(217)_generation_0(0),1,217,1,0,attention,_custom_ops.py:2684 reshape_and_cache_flash,_C_cache_ops::reshape_and_cache_flash,"[[217,4,256],[217,4,256],[2052,784,4,256],[2052,784,4,256],[217],[],[],[]]","[""c10::BFloat16"",""c10::BFloat16"",""c10::BFloat16"",""c10::BFloat16"",""long int"","""",""float"",""float""]","void vllm::reshape_and_cache_flash_kernel<__nv_bfloat16, __nv_bfloat16, (vllm::Fp8KVCacheDataType)0>(__nv_bfloat16 const*, __nv_bfloat16 const*, __nv_bfloat16*, __nv_bfloat16*, long const*, long, long, long, long, long, int, int, int, float const*, float const*, int)",217x1x1,512x1x1,False,16,43.2,2.7,2.56,2.911
eager,prompt_1001_decode_7,execute_context_1(217)_generation_0(0),1,217,1,0,attention,model_executor/models/qwen3_next.py:446 forward,aten::mul,"[[217,6144],[217,6144]]","[""c10::BFloat16"",""c10::BFloat16""]","void at::native::vectorized_elementwise_kernel<8, at::native::BinaryFunctor<c10::BFloat16, c10::BFloat16, c10::BFloat16, at::native::binary_internal::MulFunctor<float> >, std::array<char*, 3ul> >(int, at::native::BinaryFunctor<c10::BFloat16, c10::BFloat16, c10::BFloat16, at::native::binary_internal::MulFunctor<float> >, std::array<char*, 3ul>)",1302x1x1,128x1x1,False,16,35.199000000000005,2.1999375000000003,2.175,2.368
eager,prompt_1001_decode_7,execute_context_1(217)_generation_0(0),1,217,1,0,attention,utils/deep_gemm.py:455 fp8_gemm_nt,aten::copy_,"[[1,217,40],[1,217,40],[]]","[""float"",""float"",""Scalar""]","void at::native::elementwise_kernel<128, 2, at::native::gpu_kernel_impl_nocast<at::native::direct_copy_kernel_cuda(at::TensorIteratorBase&)::{lambda()#3}::operator()() const::{lambda()#7}::operator()() const::{lambda(float)#1}>(at::TensorIteratorBase&, at::native::direct_copy_kernel_cuda(at::TensorIteratorBase&)::{lambda()#3}::operator()() const::{lambda()#7}::operator()() const::{lambda(float)#1} const&)::{lambda(int)#1}>(int, at::native::gpu_kernel_impl_nocast<at::native::direct_copy_kernel_cuda(at::TensorIteratorBase&)::{lambda()#3}::operator()() const::{lambda()#7}::operator()() const::{lambda(float)#1}>(at::TensorIteratorBase&, at::native::direct_copy_kernel_cuda(at::TensorIteratorBase&)::{lambda()#3}::operator()() const::{lambda()#7}::operator()() const::{lambda(float)#1} const&)::{lambda(int)#1})",34x1x1,128x1x1,False,16,25.730000000000004,1.6081250000000002,1.44,1.856
eager,prompt_1001_decode_7,execute_context_1(217)_generation_0(0),1,217,1,0,attention,utils/deep_gemm.py:455 fp8_gemm_nt,aten::copy_,"[[1,217,48],[1,217,48],[]]","[""float"",""float"",""Scalar""]","void at::native::elementwise_kernel<128, 2, at::native::gpu_kernel_impl_nocast<at::native::direct_copy_kernel_cuda(at::TensorIteratorBase&)::{lambda()#3}::operator()() const::{lambda()#7}::operator()() const::{lambda(float)#1}>(at::TensorIteratorBase&, at::native::direct_copy_kernel_cuda(at::TensorIteratorBase&)::{lambda()#3}::operator()() const::{lambda()#7}::operator()() const::{lambda(float)#1} const&)::{lambda(int)#1}>(int, at::native::gpu_kernel_impl_nocast<at::native::direct_copy_kernel_cuda(at::TensorIteratorBase&)::{lambda()#3}::operator()() const::{lambda()#7}::operator()() const::{lambda(float)#1}>(at::TensorIteratorBase&, at::native::direct_copy_kernel_cuda(at::TensorIteratorBase&)::{lambda()#3}::operator()() const::{lambda()#7}::operator()() const::{lambda(float)#1} const&)::{lambda(int)#1})",41x1x1,128x1x1,False,16,25.472000000000005,1.5920000000000003,1.536,1.664
eager,prompt_1001_decode_7,execute_context_1(217)_generation_0(0),1,217,1,0,kv_cache,,,,,_zero_kv_blocks_kernel,1x16x784,128x1x1,False,1,12.64,12.64,12.64,12.64
eager,prompt_1001_decode_7,execute_context_1(217)_generation_0(0),1,217,1,0,norm,ir/ops/layernorm.py:9 rms_norm,aten::mean,"[[217,5120],[],[],[]]","[""float"",""ScalarList"",""Scalar"",""""]","void at::native::reduce_kernel<512, 1, at::native::ReduceOp<float, at::native::MeanOps<float, float, float, float>, unsigned int, float, 4, 4> >(at::native::ReduceOp<float, at::native::MeanOps<float, float, float, float>, unsigned int, float, 4, 4>)",14x1x1,32x16x1,False,1,11.041,11.041,11.041,11.041
eager,prompt_1001_decode_7,execute_context_1(217)_generation_0(0),1,217,1,0,attention,v1/attention/backends/utils.py:1131 mamba_get_block_table_tensor,aten::gather,"[[1,42],[],[1,1],[]]","[""int"",""Scalar"",""long int"",""Scalar""]","void at::native::_scatter_gather_elementwise_kernel<128, 8, at::native::_cuda_scatter_gather_internal_kernel<false, at::native::OpaqueType<4>, long>::operator()<at::native::TensorAssign>(at::TensorIterator&, long, long, long, at::native::TensorAssign const&)::{lambda(int)#1}>(int, at::native::_cuda_scatter_gather_internal_kernel<false, at::native::OpaqueType<4>, long>::operator()<at::native::TensorAssign>(at::TensorIterator&, long, long, long, at::native::TensorAssign const&)::{lambda(int)#1})",1x1x1,128x1x1,False,3,6.08,2.026666666666667,1.984,2.08
eager,prompt_1001_decode_7,execute_context_1(217)_generation_0(0),1,217,1,0,attention,,,,,_prepare_rope_positions_kernel,1x1x1,128x1x1,False,1,6.015,6.015,6.015,6.015
eager,prompt_1001_decode_7,execute_context_1(217)_generation_0(0),1,217,1,0,norm,ir/ops/layernorm.py:9 rms_norm,aten::copy_,"[[217,5120],[217,5120],[]]","[""float"",""c10::BFloat16"",""Scalar""]","void at::native::unrolled_elementwise_kernel<at::native::direct_copy_kernel_cuda(at::TensorIteratorBase&)::{lambda()#3}::operator()() const::{lambda()#7}::operator()() const::{lambda(float)#1}, std::array<char*, 2ul>, 4, TrivialOffsetCalculator<1, unsigned int>, TrivialOffsetCalculator<1, unsigned int>, at::native::memory::LoadWithCast<1>, at::native::memory::StoreWithCast<1> >(int, at::native::direct_copy_kernel_cuda(at::TensorIteratorBase&)::{lambda()#3}::operator()() const::{lambda()#7}::operator()() const::{lambda(float)#1}, std::array<char*, 2ul>, TrivialOffsetCalculator<1, unsigned int>, TrivialOffsetCalculator<1, unsigned int>, at::native::memory::LoadWithCast<1>, at::native::memory::StoreWithCast<1>)",2170x1x1,128x1x1,False,1,4.64,4.64,4.64,4.64
eager,prompt_1001_decode_7,execute_context_1(217)_generation_0(0),1,217,1,0,norm,ir/ops/layernorm.py:9 rms_norm,aten::mul,"[[217,5120],[217,1]]","[""float"",""float""]","void at::native::elementwise_kernel<128, 2, at::native::gpu_kernel_impl_nocast<at::native::BinaryFunctor<float, float, float, at::native::binary_internal::MulFunctor<float> > >(at::TensorIteratorBase&, at::native::BinaryFunctor<float, float, float, at::native::binary_internal::MulFunctor<float> > const&)::{lambda(int)#1}>(int, at::native::gpu_kernel_impl_nocast<at::native::BinaryFunctor<float, float, float, at::native::binary_internal::MulFunctor<float> > >(at::TensorIteratorBase&, at::native::BinaryFunctor<float, float, float, at::native::binary_internal::MulFunctor<float> > const&)::{lambda(int)#1})",4340x1x1,128x1x1,False,1,4.416,4.416,4.416,4.416
eager,prompt_1001_decode_7,execute_context_1(217)_generation_0(0),1,217,1,0,attention,v1/attention/backends/utils.py:1042 compute_causal_conv1d_metadata,aten::fill_,"[[2048],[]]","[""int"",""Scalar""]","void at::native::vectorized_elementwise_kernel<4, at::native::FillFunctor<int>, std::array<char*, 1ul> >(int, at::native::FillFunctor<int>, std::array<char*, 1ul>)",2x1x1,128x1x1,False,6,4.319,0.7198333333333333,0.703,0.768
eager,prompt_1001_decode_7,execute_context_1(217)_generation_0(0),1,217,1,0,norm,ir/ops/layernorm.py:9 rms_norm,aten::mul,"[[217,5120],[5120]]","[""float"",""float""]","void at::native::elementwise_kernel<128, 2, at::native::gpu_kernel_impl_nocast<at::native::BinaryFunctor<float, float, float, at::native::binary_internal::MulFunctor<float> > >(at::TensorIteratorBase&, at::native::BinaryFunctor<float, float, float, at::native::binary_internal::MulFunctor<float> > const&)::{lambda(int)#1}>(int, at::native::gpu_kernel_impl_nocast<at::native::BinaryFunctor<float, float, float, at::native::binary_internal::MulFunctor<float> > >(at::TensorIteratorBase&, at::native::BinaryFunctor<float, float, float, at::native::binary_internal::MulFunctor<float> > const&)::{lambda(int)#1})",4340x1x1,128x1x1,False,1,4.192,4.192,4.192,4.192
eager,prompt_1001_decode_7,execute_context_1(217)_generation_0(0),1,217,1,0,attention,v1/attention/backends/utils.py:1131 mamba_get_block_table_tensor,aten::copy_,"[[1,1],[1,1],[]]","[""long int"",""int"",""Scalar""]","void at::native::unrolled_elementwise_kernel<at::native::direct_copy_kernel_cuda(at::TensorIteratorBase&)::{lambda()#3}::operator()() const::{lambda()#4}::operator()() const::{lambda(long)#1}, std::array<char*, 2ul>, 4, TrivialOffsetCalculator<1, unsigned int>, TrivialOffsetCalculator<1, unsigned int>, at::native::memory::LoadWithCast<1>, at::native::memory::StoreWithCast<1> >(int, at::native::direct_copy_kernel_cuda(at::TensorIteratorBase&)::{lambda()#3}::operator()() const::{lambda()#4}::operator()() const::{lambda(long)#1}, std::array<char*, 2ul>, TrivialOffsetCalculator<1, unsigned int>, TrivialOffsetCalculator<1, unsigned int>, at::native::memory::LoadWithCast<1>, at::native::memory::StoreWithCast<1>)",1x1x1,128x1x1,False,3,3.9059999999999997,1.3019999999999998,1.216,1.345
eager,prompt_1001_decode_7,execute_context_1(217)_generation_0(0),1,217,1,0,other,,,,,_prepare_prefill_inputs_kernel,1x1x1,128x1x1,False,1,3.84,3.84,3.84,3.84
eager,prompt_1001_decode_7,execute_context_1(217)_generation_0(0),1,217,1,0,attention,v1/attention/backends/utils.py:1131 mamba_get_block_table_tensor,aten::floor_divide,"[[1],[]]","[""int"",""long int""]","void at::native::vectorized_elementwise_kernel<4, at::native::BUnaryFunctor<int, int, int, at::native::binary_internal::div_floor_kernel_cuda(at::TensorIteratorBase&)::{lambda()#1}::operator()() const::{lambda()#3}::operator()() const::{lambda(int, int)#1}>, std::array<char*, 2ul> >(int, at::native::BUnaryFunctor<int, int, int, at::native::binary_internal::div_floor_kernel_cuda(at::TensorIteratorBase&)::{lambda()#1}::operator()() const::{lambda()#3}::operator()() const::{lambda(int, int)#1}>, std::array<char*, 2ul>)",1x1x1,128x1x1,False,3,3.7439999999999998,1.248,1.088,1.472
eager,prompt_1001_decode_7,execute_context_1(217)_generation_0(0),1,217,1,0,attention,v1/attention/backends/utils.py:1042 compute_causal_conv1d_metadata,aten::copy_,"[[28],[28],[]]","[""int"",""long int"",""Scalar""]","void at::native::unrolled_elementwise_kernel<at::native::direct_copy_kernel_cuda(at::TensorIteratorBase&)::{lambda()#3}::operator()() const::{lambda()#3}::operator()() const::{lambda(int)#1}, std::array<char*, 2ul>, 4, TrivialOffsetCalculator<1, unsigned int>, TrivialOffsetCalculator<1, unsigned int>, at::native::memory::LoadWithCast<1>, at::native::memory::StoreWithCast<1> >(int, at::native::direct_copy_kernel_cuda(at::TensorIteratorBase&)::{lambda()#3}::operator()() const::{lambda()#3}::operator()() const::{lambda(int)#1}, std::array<char*, 2ul>, TrivialOffsetCalculator<1, unsigned int>, TrivialOffsetCalculator<1, unsigned int>, at::native::memory::LoadWithCast<1>, at::native::memory::StoreWithCast<1>)",1x1x1,128x1x1,False,3,3.6480000000000006,1.2160000000000002,1.056,1.344
eager,prompt_1001_decode_7,execute_context_1(217)_generation_0(0),1,217,1,0,kv_cache,,,,,_apply_write_kernel,4x1x1,128x1x1,False,1,3.584,3.584,3.584,3.584
eager,prompt_1001_decode_7,execute_context_1(217)_generation_0(0),1,217,1,0,attention,v1/attention/backends/gdn_attn.py:210 build,aten::gt,"[[1],[]]","[""int"",""Scalar""]","void at::native::vectorized_elementwise_kernel<8, at::native::compare_scalar_kernel<int>(at::TensorIteratorBase&, at::native::(anonymous namespace)::OpType, int)::{lambda(int)#1}, std::array<char*, 2ul> >(int, at::native::compare_scalar_kernel<int>(at::TensorIteratorBase&, at::native::(anonymous namespace)::OpType, int)::{lambda(int)#1}, std::array<char*, 2ul>)",1x1x1,128x1x1,False,3,3.3600000000000003,1.12,1.024,1.184
eager,prompt_1001_decode_7,execute_context_1(217)_generation_0(0),1,217,1,0,kv_cache,,,,,_gather_block_tables_kernel,4x1x1,128x1x1,False,1,3.328,3.328,3.328,3.328
eager,prompt_1001_decode_7,execute_context_1(217)_generation_0(0),1,217,1,0,attention,v1/attention/backends/utils.py:1131 mamba_get_block_table_tensor,aten::clamp_,"[[1],[],[]]","[""int"",""Scalar"",""""]","void at::native::vectorized_elementwise_kernel<4, at::native::(anonymous namespace)::launch_clamp_scalar(at::TensorIteratorBase&, c10::Scalar, c10::Scalar, at::native::detail::ClampLimits)::{lambda()#1}::operator()() const::{lambda()#3}::operator()() const::{lambda(int)#1}, std::array<char*, 2ul> >(int, at::native::(anonymous namespace)::launch_clamp_scalar(at::TensorIteratorBase&, c10::Scalar, c10::Scalar, at::native::detail::ClampLimits)::{lambda()#1}::operator()() const::{lambda()#3}::operator()() const::{lambda(int)#1}, std::array<char*, 2ul>)",1x1x1,128x1x1,False,3,2.88,0.96,0.864,1.024
eager,prompt_1001_decode_7,execute_context_1(217)_generation_0(0),1,217,1,0,attention,v1/attention/backends/utils.py:1131 mamba_get_block_table_tensor,aten::add,"[[1,1],[1],[]]","[""int"",""int"",""Scalar""]","void at::native::vectorized_elementwise_kernel<4, at::native::CUDAFunctor_add<int>, std::array<char*, 3ul> >(int, at::native::CUDAFunctor_add<int>, std::array<char*, 3ul>)",1x1x1,128x1x1,False,3,2.785,0.9283333333333333,0.896,0.96
eager,prompt_1001_decode_7,execute_context_1(217)_generation_0(0),1,217,1,0,attention,v1/attention/backends/utils.py:1131 mamba_get_block_table_tensor,aten::sub,"[[1],[],[]]","[""int"",""long int"",""Scalar""]","void at::native::vectorized_elementwise_kernel<4, at::native::CUDAFunctorOnSelf_add<int>, std::array<char*, 2ul> >(int, at::native::CUDAFunctorOnSelf_add<int>, std::array<char*, 2ul>)",1x1x1,128x1x1,False,3,2.7199999999999998,0.9066666666666666,0.832,1.056
eager,prompt_1001_decode_7,execute_context_1(217)_generation_0(0),1,217,1,0,kv_cache,,,,,_compute_slot_mappings_kernel,4x2x1,128x1x1,False,1,2.624,2.624,2.624,2.624
eager,prompt_1001_decode_7,execute_context_1(217)_generation_0(0),1,217,1,0,attention,v1/attention/backend.py:493 compute_num_computed_tokens,aten::sub,"[[1],[1],[]]","[""int"",""int"",""Scalar""]","void at::native::vectorized_elementwise_kernel<4, at::native::CUDAFunctor_add<int>, std::array<char*, 3ul> >(int, at::native::CUDAFunctor_add<int>, std::array<char*, 3ul>)",1x1x1,128x1x1,False,3,2.624,0.8746666666666667,0.832,0.928
eager,prompt_1001_decode_7,execute_context_1(217)_generation_0(0),1,217,1,0,attention,v1/attention/backend.py:493 compute_num_computed_tokens,aten::sub,"[[1],[1],[]]","[""int"",""int"",""Scalar""]","void at::native::unrolled_elementwise_kernel<at::native::CUDAFunctor_add<int>, std::array<char*, 3ul>, 4, TrivialOffsetCalculator<2, unsigned int>, TrivialOffsetCalculator<1, unsigned int>, at::native::memory::LoadWithoutCast, at::native::memory::StoreWithoutCast>(int, at::native::CUDAFunctor_add<int>, std::array<char*, 3ul>, TrivialOffsetCalculator<2, unsigned int>, TrivialOffsetCalculator<1, unsigned int>, at::native::memory::LoadWithoutCast, at::native::memory::StoreWithoutCast)",1x1x1,128x1x1,False,3,2.592,0.864,0.736,1.024
eager,prompt_1001_decode_7,execute_context_1(217)_generation_0(0),1,217,1,0,norm,ir/ops/layernorm.py:9 rms_norm,aten::pow,"[[217,5120],[]]","[""float"",""Scalar""]","void at::native::vectorized_elementwise_kernel<4, at::native::(anonymous namespace)::pow_tensor_scalar_kernel_impl<float, float>(at::TensorIteratorBase&, float)::{lambda(float)#1}, std::array<char*, 2ul> >(int, at::native::(anonymous namespace)::pow_tensor_scalar_kernel_impl<float, float>(at::TensorIteratorBase&, float)::{lambda(float)#1}, std::array<char*, 2ul>)",1085x1x1,128x1x1,False,1,2.433,2.433,2.433,2.433
eager,prompt_1001_decode_7,execute_context_1(217)_generation_0(0),1,217,1,0,sampler,,,,,_combine_sampled_and_draft_tokens_kernel,1x1x1,128x1x1,False,1,2.4,2.4,2.4,2.4
eager,prompt_1001_decode_7,execute_context_1(217)_generation_0(0),1,217,1,0,norm,ir/ops/layernorm.py:9 rms_norm,aten::copy_,"[[217,5120],[217,5120],[]]","[""c10::BFloat16"",""float"",""Scalar""]","void at::native::vectorized_elementwise_kernel<8, at::native::bfloat16_copy_kernel_cuda(at::TensorIteratorBase&)::{lambda(float)#1}, std::array<char*, 2ul> >(int, at::native::bfloat16_copy_kernel_cuda(at::TensorIteratorBase&)::{lambda(float)#1}, std::array<char*, 2ul>)",1085x1x1,128x1x1,False,1,2.368,2.368,2.368,2.368
eager,prompt_1001_decode_7,execute_context_1(217)_generation_0(0),1,217,1,0,embedding,model_executor/layers/vocab_parallel_embedding.py:78 embedding,aten::gather,"[[248320,5120],[],[217,5120],[],[217,5120]]","[""c10::BFloat16"",""Scalar"",""long int"",""Scalar"",""c10::BFloat16""]","void at::native::vectorized_gather_kernel<16, long>(char*, char*, long*, int, long, long, long, long, bool)",217x3x1,256x1x1,False,1,2.145,2.145,2.145,2.145
eager,prompt_1001_decode_7,execute_context_1(217)_generation_0(0),1,217,1,0,attention,v1/attention/backends/utils.py:1131 mamba_get_block_table_tensor,aten::arange,"[[],[],[],[0]]","[""Scalar"",""Scalar"",""Scalar"",""int""]","void (anonymous namespace)::elementwise_kernel_with_index<int, at::native::arange_cuda_out(c10::Scalar const&, c10::Scalar const&, c10::Scalar const&, at::Tensor&)::{lambda()#1}::operator()() const::{lambda()#3}::operator()() const::{lambda(long)#1}>(int, at::native::arange_cuda_out(c10::Scalar const&, c10::Scalar const&, c10::Scalar const&, at::Tensor&)::{lambda()#1}::operator()() const::{lambda()#3}::operator()() const::{lambda(long)#1}, function_traits<at::native::arange_cuda_out(c10::Scalar const&, c10::Scalar const&, c10::Scalar const&, at::Tensor&)::{lambda()#1}::operator()() const::{lambda()#3}::operator()() const::{lambda(long)#1}>::result_type*)",1x1x1,64x1x1,False,3,2.08,0.6933333333333334,0.64,0.736
eager,prompt_1001_decode_7,execute_context_1(217)_generation_0(0),1,217,1,0,other,,,,,_prepare_pos_seq_lens_kernel,2x1x1,128x1x1,False,1,1.824,1.824,1.824,1.824
eager,prompt_1001_decode_7,execute_context_1(217)_generation_0(0),1,217,1,0,attention,vllm_flash_attn/flash_attn_interface.py:122 get_scheduler_metadata,_vllm_fa3_C::get_scheduler_metadata,"[[],[],[],[],[],[],[],[],[1],[2],[],[],[],[],[],[],[],[],[],[],[],[],[]]","[""Scalar"",""Scalar"",""Scalar"",""Scalar"",""Scalar"",""Scalar"",""Scalar"",""Scalar"",""int"",""int"","""","""","""","""",""Scalar"",""Scalar"",""Scalar"",""Scalar"",""Scalar"",""Scalar"",""Scalar"","""",""Scalar""]","void flash::prepare_varlen_num_blocks_kernel<1, false>(int, int, int, int const*, int const*, int const*, int const*, int const*, int const*, int, int, int, int, int, cutlass::FastDivmod, cutlass::FastDivmod, int*, int*, int*, int*, int*, bool, bool, bool, int)",1x1x1,32x1x1,False,1,1.792,1.792,1.792,1.792
eager,prompt_1001_decode_7,execute_context_1(217)_generation_0(0),1,217,1,0,embedding,model_executor/layers/vocab_parallel_embedding.py:499 forward,aten::copy_,"[[217],[217],[]]","[""long int"",""int"",""Scalar""]","void at::native::unrolled_elementwise_kernel<at::native::direct_copy_kernel_cuda(at::TensorIteratorBase&)::{lambda()#3}::operator()() const::{lambda()#4}::operator()() const::{lambda(long)#1}, std::array<char*, 2ul>, 4, TrivialOffsetCalculator<1, unsigned int>, TrivialOffsetCalculator<1, unsigned int>, at::native::memory::LoadWithCast<1>, at::native::memory::StoreWithCast<1> >(int, at::native::direct_copy_kernel_cuda(at::TensorIteratorBase&)::{lambda()#3}::operator()() const::{lambda()#4}::operator()() const::{lambda(long)#1}, std::array<char*, 2ul>, TrivialOffsetCalculator<1, unsigned int>, TrivialOffsetCalculator<1, unsigned int>, at::native::memory::LoadWithCast<1>, at::native::memory::StoreWithCast<1>)",1x1x1,128x1x1,False,1,1.792,1.792,1.792,1.792
eager,prompt_1001_decode_7,execute_context_1(217)_generation_0(0),1,217,1,0,gdn,,,,,preprocess_mamba_align_fused_kernel,1x1x1,128x1x1,False,1,1.536,1.536,1.536,1.536
eager,prompt_1001_decode_7,execute_context_1(217)_generation_0(0),1,217,1,0,norm,ir/ops/layernorm.py:9 rms_norm,aten::rsqrt,"[[217,1]]","[""float""]","void at::native::vectorized_elementwise_kernel<4, at::native::rsqrt_kernel_cuda(at::TensorIteratorBase&)::{lambda()#2}::operator()() const::{lambda()#2}::operator()() const::{lambda(float)#1}, std::array<char*, 2ul> >(int, at::native::rsqrt_kernel_cuda(at::TensorIteratorBase&)::{lambda()#2}::operator()() const::{lambda()#2}::operator()() const::{lambda(float)#1}, std::array<char*, 2ul>)",1x1x1,128x1x1,False,1,1.216,1.216,1.216,1.216
eager,prompt_1001_decode_7,execute_context_1(217)_generation_0(0),1,217,1,0,other,v1/worker/gpu/model_runner.py:1159 prepare_inputs,aten::fill_,"[[217],[]]","[""bool"",""Scalar""]","void at::native::vectorized_elementwise_kernel<8, at::native::FillFunctor<bool>, std::array<char*, 1ul> >(int, at::native::FillFunctor<bool>, std::array<char*, 1ul>)",1x1x1,128x1x1,False,1,0.992,0.992,0.992,0.992
eager,prompt_1001_decode_7,execute_context_1(217)_generation_0(0),1,217,1,0,norm,ir/ops/layernorm.py:9 rms_norm,aten::add,"[[217,1],[],[]]","[""float"",""double"",""Scalar""]","void at::native::vectorized_elementwise_kernel<4, at::native::CUDAFunctorOnSelf_add<float>, std::array<char*, 2ul> >(int, at::native::CUDAFunctorOnSelf_add<float>, std::array<char*, 2ul>)",1x1x1,128x1x1,False,1,0.928,0.928,0.928,0.928
eager,prompt_1001_decode_7,execute_context_1(217)_generation_0(0),1,217,1,0,other,v1/worker/gpu/model_runner.py:1159 prepare_inputs,aten::fill_,"[[1],[]]","[""int"",""Scalar""]","void at::native::vectorized_elementwise_kernel<4, at::native::FillFunctor<int>, std::array<char*, 1ul> >(int, at::native::FillFunctor<int>, std::array<char*, 1ul>)",1x1x1,128x1x1,False,1,0.768,0.768,0.768,0.768
eager,prompt_1001_decode_7,execute_context_1(217)_generation_0(0),1,217,1,0,other,v1/worker/gpu/model_runner.py:1159 prepare_inputs,aten::arange,"[[],[],[],[0]]","[""Scalar"",""Scalar"",""Scalar"",""int""]","void (anonymous namespace)::elementwise_kernel_with_index<int, at::native::arange_cuda_out(c10::Scalar const&, c10::Scalar const&, c10::Scalar const&, at::Tensor&)::{lambda()#1}::operator()() const::{lambda()#3}::operator()() const::{lambda(long)#1}>(int, at::native::arange_cuda_out(c10::Scalar const&, c10::Scalar const&, c10::Scalar const&, at::Tensor&)::{lambda()#1}::operator()() const::{lambda()#3}::operator()() const::{lambda(long)#1}, function_traits<at::native::arange_cuda_out(c10::Scalar const&, c10::Scalar const&, c10::Scalar const&, at::Tensor&)::{lambda()#1}::operator()() const::{lambda()#3}::operator()() const::{lambda(long)#1}>::result_type*)",1x1x1,64x1x1,False,1,0.704,0.704,0.704,0.704
eager,prompt_1001_decode_7,execute_context_1(784)_generation_0(0),1,784,1,0,mlp,model_executor/kernels/linear/scaled_mm/flashinfer.py:184 apply_block_scaled_mm,vllm::dynamic_flashinfer_deepgemm_blockscale_gemm,"[[784,5120],[34816,5120],[272,40],[],[]]","[""c10::BFloat16"",""c10::Float8_e4m3fn"",""float"",""Scalar"",""Scalar""]","void deep_gemm::sm90_fp8_gemm_1d2d_impl<(cute::UMMA::Major)0, 0u, 34816u, 5120u, 1u, 128u, 192u, 128u, 128u, 128u, 128u, 4u, 128u, 256u, 2u, false, 132u, (deep_gemm::GemmType)0, cutlass::bfloat16_t, deep_gemm::epilogue::transform::EpilogueIdentity>(float*, int*, unsigned int, unsigned int, unsigned int, CUtensorMap_st, CUtensorMap_st, CUtensorMap_st, CUtensorMap_st)",132x1x1,384x1x1,False,64,15752.015,246.125234375,243.586,248.898
eager,prompt_1001_decode_7,execute_context_1(784)_generation_0(0),1,784,1,0,mlp,model_executor/kernels/linear/scaled_mm/flashinfer.py:184 apply_block_scaled_mm,vllm::dynamic_flashinfer_deepgemm_blockscale_gemm,"[[784,17408],[5120,17408],[40,136],[],[]]","[""c10::BFloat16"",""c10::Float8_e4m3fn"",""float"",""Scalar"",""Scalar""]","void deep_gemm::sm90_fp8_gemm_1d2d_impl<(cute::UMMA::Major)0, 0u, 5120u, 17408u, 1u, 128u, 144u, 128u, 128u, 128u, 32u, 5u, 128u, 256u, 2u, false, 132u, (deep_gemm::GemmType)0, cutlass::bfloat16_t, deep_gemm::epilogue::transform::EpilogueIdentity>(float*, int*, unsigned int, unsigned int, unsigned int, CUtensorMap_st, CUtensorMap_st, CUtensorMap_st, CUtensorMap_st)",132x1x1,384x1x1,False,64,9492.611,148.322046875,145.089,154.209
eager,prompt_1001_decode_7,execute_context_1(784)_generation_0(0),1,784,1,0,gdn,model_executor/kernels/linear/scaled_mm/flashinfer.py:184 apply_block_scaled_mm,vllm::dynamic_flashinfer_deepgemm_blockscale_gemm,"[[784,5120],[16384,5120],[128,40],[],[]]","[""c10::BFloat16"",""c10::Float8_e4m3fn"",""float"",""Scalar"",""Scalar""]","void deep_gemm::sm90_fp8_gemm_1d2d_impl<(cute::UMMA::Major)0, 0u, 16384u, 5120u, 1u, 256u, 128u, 128u, 128u, 128u, 128u, 3u, 128u, 256u, 2u, true, 132u, (deep_gemm::GemmType)0, cutlass::bfloat16_t, deep_gemm::epilogue::transform::EpilogueIdentity>(float*, int*, unsigned int, unsigned int, unsigned int, CUtensorMap_st, CUtensorMap_st, CUtensorMap_st, CUtensorMap_st)",132x1x1,384x1x1,False,48,5849.865000000001,121.87218750000001,120.929,123.424
eager,prompt_1001_decode_7,execute_context_1(784)_generation_0(0),1,784,1,0,norm,ir/ops/layernorm.py:43 fused_add_rms_norm,aten::copy_,"[[784,5120],[784,5120],[]]","[""float"",""c10::BFloat16"",""Scalar""]","void at::native::unrolled_elementwise_kernel<at::native::direct_copy_kernel_cuda(at::TensorIteratorBase&)::{lambda()#3}::operator()() const::{lambda()#7}::operator()() const::{lambda(float)#1}, std::array<char*, 2ul>, 4, TrivialOffsetCalculator<1, unsigned int>, TrivialOffsetCalculator<1, unsigned int>, at::native::memory::LoadWithCast<1>, at::native::memory::StoreWithCast<1> >(int, at::native::direct_copy_kernel_cuda(at::TensorIteratorBase&)::{lambda()#3}::operator()() const::{lambda()#7}::operator()() const::{lambda(float)#1}, std::array<char*, 2ul>, TrivialOffsetCalculator<1, unsigned int>, TrivialOffsetCalculator<1, unsigned int>, at::native::memory::LoadWithCast<1>, at::native::memory::StoreWithCast<1>)",7840x1x1,128x1x1,False,256,3190.6559999999995,12.463499999999998,11.136,14.656
eager,prompt_1001_decode_7,execute_context_1(784)_generation_0(0),1,784,1,0,gdn,model_executor/kernels/linear/scaled_mm/flashinfer.py:184 apply_block_scaled_mm,vllm::dynamic_flashinfer_deepgemm_blockscale_gemm,"[[784,6144],[5120,6144],[40,48],[],[]]","[""c10::BFloat16"",""c10::Float8_e4m3fn"",""float"",""Scalar"",""Scalar""]","void deep_gemm::sm90_fp8_gemm_1d2d_impl<(cute::UMMA::Major)0, 0u, 5120u, 6144u, 1u, 128u, 144u, 128u, 128u, 128u, 32u, 5u, 128u, 256u, 2u, false, 132u, (deep_gemm::GemmType)0, cutlass::bfloat16_t, deep_gemm::epilogue::transform::EpilogueIdentity>(float*, int*, unsigned int, unsigned int, unsigned int, CUtensorMap_st, CUtensorMap_st, CUtensorMap_st, CUtensorMap_st)",132x1x1,384x1x1,False,48,2678.8029999999994,55.80839583333332,54.689,57.92
eager,prompt_1001_decode_7,execute_context_1(784)_generation_0(0),1,784,1,0,mlp,model_executor/layers/quantization/utils/fp8_utils.py:534 per_token_group_quant_fp8,_C::per_token_group_fp8_quant,"[[784,17408],[784,17408],[784,136],[],[],[],[],[],[],[]]","[""c10::BFloat16"",""c10::Float8_e4m3fn"",""float"",""Scalar"",""Scalar"",""Scalar"",""Scalar"",""Scalar"",""Scalar"",""Scalar""]","void per_token_group_quant_8bit_kernel<c10::BFloat16, c10::Float8_e4m3fn, true, true, float>(c10::BFloat16 const*, void*, float*, int, int, int, float, float, float, int, int)",6664x1x1,256x1x1,False,64,2194.382000000001,34.287218750000015,34.016,35.072
eager,prompt_1001_decode_7,execute_context_1(784)_generation_0(0),1,784,1,0,attention,model_executor/kernels/linear/scaled_mm/flashinfer.py:184 apply_block_scaled_mm,vllm::dynamic_flashinfer_deepgemm_blockscale_gemm,"[[784,5120],[14336,5120],[112,40],[],[]]","[""c10::BFloat16"",""c10::Float8_e4m3fn"",""float"",""Scalar"",""Scalar""]","void deep_gemm::sm90_fp8_gemm_1d2d_impl<(cute::UMMA::Major)0, 0u, 14336u, 5120u, 1u, 128u, 192u, 128u, 128u, 128u, 128u, 4u, 128u, 256u, 2u, false, 132u, (deep_gemm::GemmType)0, cutlass::bfloat16_t, deep_gemm::epilogue::transform::EpilogueIdentity>(float*, int*, unsigned int, unsigned int, unsigned int, CUtensorMap_st, CUtensorMap_st, CUtensorMap_st, CUtensorMap_st)",132x1x1,384x1x1,False,16,1623.404,101.46275,100.416,102.593
eager,prompt_1001_decode_7,execute_context_1(784)_generation_0(0),1,784,1,0,norm,ir/ops/layernorm.py:43 fused_add_rms_norm,aten::mean,"[[784,5120],[],[],[]]","[""float"",""ScalarList"",""Scalar"",""""]","void at::native::reduce_kernel<512, 1, at::native::ReduceOp<float, at::native::MeanOps<float, float, float, float>, unsigned int, float, 4, 4> >(at::native::ReduceOp<float, at::native::MeanOps<float, float, float, float>, unsigned int, float, 4, 4>)",49x1x1,32x16x1,False,128,1479.714999999999,11.560273437499992,11.392,11.808
eager,prompt_1001_decode_7,execute_context_1(784)_generation_0(0),1,784,1,0,mlp,model_executor/layers/activation.py:139 forward_cuda,_C::silu_and_mul,"[[784,17408],[784,34816]]","[""c10::BFloat16"",""c10::BFloat16""]","void vllm::act_and_mul_kernel<c10::BFloat16, __nv_bfloat162, &(c10::BFloat16 vllm::silu_kernel<c10::BFloat16>(c10::BFloat16 const&, float)), &(__nv_bfloat162 vllm::packed_silu_kernel<__nv_bfloat162>(__nv_bfloat162 const&, float)), true, true, false, false>(c10::BFloat16*, c10::BFloat16 const*, int, float, float, float)",784x1x1,1024x1x1,False,64,1474.696,23.042125,22.432,24.128
eager,prompt_1001_decode_7,execute_context_1(784)_generation_0(0),1,784,1,0,norm,ir/ops/layernorm.py:43 fused_add_rms_norm,aten::mul,"[[784,5120],[784,1]]","[""float"",""float""]","void at::native::elementwise_kernel<128, 2, at::native::gpu_kernel_impl_nocast<at::native::BinaryFunctor<float, float, float, at::native::binary_internal::MulFunctor<float> > >(at::TensorIteratorBase&, at::native::BinaryFunctor<float, float, float, at::native::binary_internal::MulFunctor<float> > const&)::{lambda(int)#1}>(int, at::native::gpu_kernel_impl_nocast<at::native::BinaryFunctor<float, float, float, at::native::binary_internal::MulFunctor<float> > >(at::TensorIteratorBase&, at::native::BinaryFunctor<float, float, float, at::native::binary_internal::MulFunctor<float> > const&)::{lambda(int)#1})",15680x1x1,128x1x1,False,128,1462.473,11.4255703125,11.232,12.096
eager,prompt_1001_decode_7,execute_context_1(784)_generation_0(0),1,784,1,0,norm,ir/ops/layernorm.py:43 fused_add_rms_norm,aten::mul,"[[784,5120],[5120]]","[""float"",""float""]","void at::native::elementwise_kernel<128, 2, at::native::gpu_kernel_impl_nocast<at::native::BinaryFunctor<float, float, float, at::native::binary_internal::MulFunctor<float> > >(at::TensorIteratorBase&, at::native::BinaryFunctor<float, float, float, at::native::binary_internal::MulFunctor<float> > const&)::{lambda(int)#1}>(int, at::native::gpu_kernel_impl_nocast<at::native::BinaryFunctor<float, float, float, at::native::binary_internal::MulFunctor<float> > >(at::TensorIteratorBase&, at::native::BinaryFunctor<float, float, float, at::native::binary_internal::MulFunctor<float> > const&)::{lambda(int)#1})",15680x1x1,128x1x1,False,128,1456.8489999999993,11.381632812499994,11.264,12.032
eager,prompt_1001_decode_7,execute_context_1(784)_generation_0(0),1,784,1,0,gdn,model_executor/layers/mamba/gdn/qwen_gdn_linear_attn.py:889 forward_cuda,vllm::qwen_gdn_attention_core_fused_norm_packed,"[[784,16384],[784,96],[784,48,128],[]]","[""c10::BFloat16"",""c10::BFloat16"",""c10::BFloat16"",""""]",kernel_cutlass_kernel_flashinfergdn_kernelsdelta_rule_dsldelta_rule_cp_sm90CPDeltaRuleMNPrecomputeSm90_object_at__tensorptrf32gmemalign16o1_CopyAtom_ThrID10_TVLayoutSrc1409601_TVLayoutDst_0,96x1x1,384x1x1,False,48,1447.306,30.152208333333334,28.576,31.84
eager,prompt_1001_decode_7,execute_context_1(784)_generation_0(0),1,784,1,0,norm,ir/ops/layernorm.py:43 fused_add_rms_norm,aten::add,"[[784,5120],[784,5120],[]]","[""float"",""float"",""Scalar""]","void at::native::vectorized_elementwise_kernel<4, at::native::CUDAFunctor_add<float>, std::array<char*, 3ul> >(int, at::native::CUDAFunctor_add<float>, std::array<char*, 3ul>)",3920x1x1,128x1x1,False,128,1255.793,9.8108828125,9.44,10.784
eager,prompt_1001_decode_7,execute_context_1(784)_generation_0(0),1,784,1,0,norm,ir/ops/layernorm.py:43 fused_add_rms_norm,aten::copy_,"[[784,5120],[784,5120],[]]","[""c10::BFloat16"",""float"",""Scalar""]","void at::native::vectorized_elementwise_kernel<8, at::native::bfloat16_copy_kernel_cuda(at::TensorIteratorBase&)::{lambda(float)#1}, std::array<char*, 2ul> >(int, at::native::bfloat16_copy_kernel_cuda(at::TensorIteratorBase&)::{lambda(float)#1}, std::array<char*, 2ul>)",3920x1x1,128x1x1,False,256,1234.7249999999997,4.823144531249999,4.256,5.6
eager,prompt_1001_decode_7,execute_context_1(784)_generation_0(0),1,784,1,0,gdn,model_executor/layers/mamba/gdn/qwen_gdn_linear_attn.py:889 forward_cuda,vllm::qwen_gdn_attention_core_fused_norm_packed,"[[784,16384],[784,96],[784,48,128],[]]","[""c10::BFloat16"",""c10::BFloat16"",""c10::BFloat16"",""""]",kernel_cutlass_kernel_flashinfergdn_kernelsdelta_rule_dsldelta_rule_cp_sm90CPDeltaRulePrefillSm90_object_at__tensorptrf32gmemalign16o1_CopyAtom_ThrID10_TVLayoutSrc1409601_TVLayoutDst14096_0,96x1x1,512x1x1,False,48,1142.378,23.799541666666666,23.232,24.704
eager,prompt_1001_decode_7,execute_context_1(784)_generation_0(0),1,784,1,0,attention,model_executor/kernels/linear/scaled_mm/flashinfer.py:184 apply_block_scaled_mm,vllm::dynamic_flashinfer_deepgemm_blockscale_gemm,"[[784,6144],[5120,6144],[40,48],[],[]]","[""c10::BFloat16"",""c10::Float8_e4m3fn"",""float"",""Scalar"",""Scalar""]","void deep_gemm::sm90_fp8_gemm_1d2d_impl<(cute::UMMA::Major)0, 0u, 5120u, 6144u, 1u, 128u, 144u, 128u, 128u, 128u, 32u, 5u, 128u, 256u, 2u, false, 132u, (deep_gemm::GemmType)0, cutlass::bfloat16_t, deep_gemm::epilogue::transform::EpilogueIdentity>(float*, int*, unsigned int, unsigned int, unsigned int, CUtensorMap_st, CUtensorMap_st, CUtensorMap_st, CUtensorMap_st)",132x1x1,384x1x1,False,16,895.1439999999999,55.94649999999999,55.072,57.664
eager,prompt_1001_decode_7,execute_context_1(784)_generation_0(0),1,784,1,0,gdn,model_executor/layers/mamba/gdn/qwen_gdn_linear_attn.py:889 forward_cuda,vllm::qwen_gdn_attention_core_fused_norm_packed,"[[784,16384],[784,96],[784,48,128],[]]","[""c10::BFloat16"",""c10::BFloat16"",""c10::BFloat16"",""""]",_causal_conv1d_fwd_kernel,98x40x1,128x1x1,False,48,863.4609999999998,17.98877083333333,17.569,18.528
eager,prompt_1001_decode_7,execute_context_1(784)_generation_0(0),1,784,1,0,norm,ir/ops/layernorm.py:43 fused_add_rms_norm,aten::pow,"[[784,5120],[]]","[""float"",""Scalar""]","void at::native::vectorized_elementwise_kernel<4, at::native::(anonymous namespace)::pow_tensor_scalar_kernel_impl<float, float>(at::TensorIteratorBase&, float)::{lambda(float)#1}, std::array<char*, 2ul> >(int, at::native::(anonymous namespace)::pow_tensor_scalar_kernel_impl<float, float>(at::TensorIteratorBase&, float)::{lambda(float)#1}, std::array<char*, 2ul>)",3920x1x1,128x1x1,False,128,770.9159999999998,6.022781249999999,5.441,6.848
eager,prompt_1001_decode_7,execute_context_1(784)_generation_0(0),1,784,1,0,mlp,model_executor/layers/quantization/utils/fp8_utils.py:534 per_token_group_quant_fp8,_C::per_token_group_fp8_quant,"[[784,5120],[784,5120],[784,40],[],[],[],[],[],[],[]]","[""c10::BFloat16"",""c10::Float8_e4m3fn"",""float"",""Scalar"",""Scalar"",""Scalar"",""Scalar"",""Scalar"",""Scalar"",""Scalar""]","void per_token_group_quant_8bit_kernel<c10::BFloat16, c10::Float8_e4m3fn, true, true, float>(c10::BFloat16 const*, void*, float*, int, int, int, float, float, float, int, int)",1960x1x1,256x1x1,False,64,723.9090000000001,11.311078125000002,11.136,11.616
eager,prompt_1001_decode_7,execute_context_1(784)_generation_0(0),1,784,1,0,gdn,model_executor/layers/mamba/gdn/qwen_gdn_linear_attn.py:1833 _rms_norm_gated_cuda,aten::copy_,"[[784,48,128],[784,48,128],[]]","[""c10::BFloat16"",""c10::BFloat16"",""Scalar""]","void at::native::elementwise_kernel<128, 4, at::native::gpu_kernel_impl_nocast<at::native::direct_copy_kernel_cuda(at::TensorIteratorBase&)::{lambda()#3}::operator()() const::{lambda()#12}::operator()() const::{lambda(c10::BFloat16)#1}>(at::TensorIteratorBase&, at::native::direct_copy_kernel_cuda(at::TensorIteratorBase&)::{lambda()#3}::operator()() const::{lambda()#12}::operator()() const::{lambda(c10::BFloat16)#1} const&)::{lambda(int)#1}>(int, at::native::gpu_kernel_impl_nocast<at::native::direct_copy_kernel_cuda(at::TensorIteratorBase&)::{lambda()#3}::operator()() const::{lambda()#12}::operator()() const::{lambda(c10::BFloat16)#1}>(at::TensorIteratorBase&, at::native::direct_copy_kernel_cuda(at::TensorIteratorBase&)::{lambda()#3}::operator()() const::{lambda()#12}::operator()() const::{lambda(c10::BFloat16)#1} const&)::{lambda(int)#1})",9408x1x1,128x1x1,False,48,691.5580000000002,14.407458333333338,14.049,15.296
eager,prompt_1001_decode_7,execute_context_1(784)_generation_0(0),1,784,1,0,gdn,model_executor/layers/mamba/gdn/qwen_gdn_linear_attn.py:889 forward_cuda,vllm::qwen_gdn_attention_core_fused_norm_packed,"[[784,16384],[784,96],[784,48,128],[]]","[""c10::BFloat16"",""c10::BFloat16"",""c10::BFloat16"",""""]",kernel_cutlass_kernel_flashinfergdn_kernelsdelta_rule_dsldelta_rule_cp_sm90CPDeltaRuleFixupHmmaSm90_object_at__CopyAtom_ThrID10_TVLayoutSrc151201_TVLayoutDst151201_Valuetypef32_tensor0000_0,96x1x1,256x1x1,False,48,652.354,13.590708333333334,13.376,13.729
eager,prompt_1001_decode_7,execute_context_1(784)_generation_0(0),1,784,1,0,gdn,model_executor/layers/quantization/utils/fp8_utils.py:534 per_token_group_quant_fp8,_C::per_token_group_fp8_quant,"[[784,6144],[784,6144],[784,48],[],[],[],[],[],[],[]]","[""c10::BFloat16"",""c10::Float8_e4m3fn"",""float"",""Scalar"",""Scalar"",""Scalar"",""Scalar"",""Scalar"",""Scalar"",""Scalar""]","void per_token_group_quant_8bit_kernel<c10::BFloat16, c10::Float8_e4m3fn, true, true, float>(c10::BFloat16 const*, void*, float*, int, int, int, float, float, float, int, int)",2352x1x1,256x1x1,False,48,618.0509999999998,12.876062499999996,12.768,13.152
eager,prompt_1001_decode_7,execute_context_1(784)_generation_0(0),1,784,1,0,gdn,model_executor/layers/quantization/utils/fp8_utils.py:534 per_token_group_quant_fp8,_C::per_token_group_fp8_quant,"[[784,5120],[784,5120],[784,40],[],[],[],[],[],[],[]]","[""c10::BFloat16"",""c10::Float8_e4m3fn"",""float"",""Scalar"",""Scalar"",""Scalar"",""Scalar"",""Scalar"",""Scalar"",""Scalar""]","void per_token_group_quant_8bit_kernel<c10::BFloat16, c10::Float8_e4m3fn, true, true, float>(c10::BFloat16 const*, void*, float*, int, int, int, float, float, float, int, int)",1960x1x1,256x1x1,False,48,540.0039999999998,11.250083333333329,10.976,11.521
eager,prompt_1001_decode_7,execute_context_1(784)_generation_0(0),1,784,1,0,norm,model_executor/layers/layernorm.py:151 forward_native,aten::copy_,"[[5120],[5120],[]]","[""float"",""c10::BFloat16"",""Scalar""]","void at::native::unrolled_elementwise_kernel<at::native::direct_copy_kernel_cuda(at::TensorIteratorBase&)::{lambda()#3}::operator()() const::{lambda()#7}::operator()() const::{lambda(float)#1}, std::array<char*, 2ul>, 4, TrivialOffsetCalculator<1, unsigned int>, TrivialOffsetCalculator<1, unsigned int>, at::native::memory::LoadWithCast<1>, at::native::memory::StoreWithCast<1> >(int, at::native::direct_copy_kernel_cuda(at::TensorIteratorBase&)::{lambda()#3}::operator()() const::{lambda()#7}::operator()() const::{lambda(float)#1}, std::array<char*, 2ul>, TrivialOffsetCalculator<1, unsigned int>, TrivialOffsetCalculator<1, unsigned int>, at::native::memory::LoadWithCast<1>, at::native::memory::StoreWithCast<1>)",10x1x1,128x1x1,False,129,466.82,3.6187596899224808,3.328,4.128
eager,prompt_1001_decode_7,execute_context_1(784)_generation_0(0),1,784,1,0,attention,vllm_flash_attn/flash_attn_interface.py:176 flash_attn_varlen_func,_vllm_fa3_C::fwd,"[[784,24,256],[2052,784,4,256],[2052,784,4,256],[],[],[],[784,24,256],[2],[],[],[],[1],[],[],[1,48],[],[],[],[],[],[1,4],[1,4],[1,4],[],[],[],[],[],[],[9],[],[],[],[],[],[],[]]","[""c10::BFloat16"",""c10::BFloat16"",""c10::BFloat16"","""","""","""",""c10::BFloat16"",""int"","""","""","""",""int"",""Scalar"",""Scalar"",""int"","""","""","""","""","""",""float"",""float"",""float"",""Scalar"",""Scalar"",""Scalar"",""Scalar"",""Scalar"",""Scalar"",""int"",""Scalar"","""",""Scalar"","""",""Scalar"",""Scalar"",""""]","void cutlass::device_kernel<flash::enable_sm90_or_later<flash::FlashAttnFwdSm90<flash::CollectiveMainloopFwdSm90<2, cute::tuple<cute::C<1>, cute::C<1>, cute::C<1> >, cute::tuple<cute::C<128>, cute::C<80>, cute::C<256> >, 256, cutlass::bfloat16_t, float, cutlass::arch::Sm90, true, false, false, true, true, false, false, true, true, true, false, false, cutlass::bfloat16_t, 1>, flash::CollectiveEpilogueFwd<cute::tuple<cute::C<128>, cute::C<256>, cute::C<80> >, cute::tuple<cute::C<1>, cute::C<1>, cute::C<1> >, cutlass::bfloat16_t, cutlass::arch::Sm90, 256, true, true, false, false, 1>, flash::VarlenDynamicPersistentTileScheduler<128, 80, 256, 128, false, true, true, true, false, true> > > >(flash::enable_sm90_or_later<flash::FlashAttnFwdSm90<flash::CollectiveMainloopFwdSm90<2, cute::tuple<cute::C<1>, cute::C<1>, cute::C<1> >, cute::tuple<cute::C<128>, cute::C<80>, cute::C<256> >, 256, cutlass::bfloat16_t, float, cutlass::arch::Sm90, true, false, false, true, true, false, false, true, true, true, false, false, cutlass::bfloat16_t, 1>, flash::CollectiveEpilogueFwd<cute::tuple<cute::C<128>, cute::C<256>, cute::C<80> >, cute::tuple<cute::C<1>, cute::C<1>, cute::C<1> >, cutlass::bfloat16_t, cutlass::arch::Sm90, 256, true, true, false, false, 1>, flash::VarlenDynamicPersistentTileScheduler<128, 80, 256, 128, false, true, true, true, false, true> > >::Params)",132x1x1,384x1x1,False,16,463.26800000000003,28.954250000000002,28.512,29.536
eager,prompt_1001_decode_7,execute_context_1(784)_generation_0(0),1,784,1,0,gdn,model_executor/layers/mamba/gdn/qwen_gdn_linear_attn.py:889 forward_cuda,vllm::qwen_gdn_attention_core_fused_norm_packed,"[[784,16384],[784,96],[784,48,128],[]]","[""c10::BFloat16"",""c10::BFloat16"",""c10::BFloat16"",""""]",layer_norm_fwd_kernel,9408x1x1,32x1x1,False,48,389.7930000000001,8.120687500000003,7.904,8.64
eager,prompt_1001_decode_7,execute_context_1(784)_generation_0(0),1,784,1,0,gdn,model_executor/layers/mamba/gdn/qwen_gdn_linear_attn.py:889 forward_cuda,vllm::qwen_gdn_attention_core_fused_norm_packed,"[[784,16384],[784,96],[784,48,128],[]]","[""c10::BFloat16"",""c10::BFloat16"",""c10::BFloat16"",""""]",kernel_cutlass_kernel_flashinfergdn_kernelsdelta_rule_dsldelta_rule_cp_sm90CPDeltaRuleTPrecomputeSm90_object_at__CopyAtom_ThrID10_TVLayoutSrc1409601_TVLayoutDst1409601_Valuetypebf16_tenso_0,624x1x1,128x1x1,False,48,389.62800000000004,8.11725,7.936,8.48
eager,prompt_1001_decode_7,execute_context_1(784)_generation_0(0),1,784,1,0,attention,,,,,_fused_qk_rmsnorm_rope_gate_kernel,784x28x1,128x1x1,False,16,376.9940000000001,23.562125000000005,23.008,24.289
eager,prompt_1001_decode_7,execute_context_1(784)_generation_0(0),1,784,1,0,gdn,model_executor/layers/mamba/gdn/qwen_gdn_linear_attn.py:889 forward_cuda,vllm::qwen_gdn_attention_core_fused_norm_packed,"[[784,16384],[784,96],[784,48,128],[]]","[""c10::BFloat16"",""c10::BFloat16"",""c10::BFloat16"",""""]",_fused_post_conv_kernel,49x64x1,128x1x1,False,48,361.1240000000001,7.523416666666669,7.327,8.064
eager,prompt_1001_decode_7,execute_context_1(784)_generation_0(0),1,784,1,0,gdn,model_executor/parameter.py:122 __torch_function__,aten::mm,"[[784,5120],[5120,96]]","[""c10::BFloat16"",""c10::BFloat16""]",nvjet_sm90_tst_32x64_64x16_1x2_h_bz_splitK_TNN,2x63x1,384x1x1,False,48,327.6489999999999,6.826020833333331,6.496,7.488
eager,prompt_1001_decode_7,execute_context_1(784)_generation_0(0),1,784,1,0,gdn,model_executor/layers/mamba/gdn/qwen_gdn_linear_attn.py:1259 _forward_core,aten::index,"[[2052,48,128,128],[]]","[""float"",""""]","void at::native::index_elementwise_kernel<128, 4, at::native::gpu_index_kernel<at::native::index_kernel_impl<at::native::OpaqueType<4> >(at::TensorIteratorBase&, c10::ArrayRef<long>, c10::ArrayRef<long>)::{lambda(char*, char const*, long)#1}>(at::TensorIteratorBase&, c10::ArrayRef<long>, c10::ArrayRef<long>, at::native::index_kernel_impl<at::native::OpaqueType<4> >(at::TensorIteratorBase&, c10::ArrayRef<long>, c10::ArrayRef<long>)::{lambda(char*, char const*, long)#1} const&, bool)::{lambda(int)#1}>(long, at::native::gpu_index_kernel<at::native::index_kernel_impl<at::native::OpaqueType<4> >(at::TensorIteratorBase&, c10::ArrayRef<long>, c10::ArrayRef<long>)::{lambda(char*, char const*, long)#1}>(at::TensorIteratorBase&, c10::ArrayRef<long>, c10::ArrayRef<long>, at::native::index_kernel_impl<at::native::OpaqueType<4> >(at::TensorIteratorBase&, c10::ArrayRef<long>, c10::ArrayRef<long>)::{lambda(char*, char const*, long)#1} const&, bool)::{lambda(int)#1})",1536x1x1,128x1x1,False,48,283.6480000000001,5.909333333333335,5.632,6.72
eager,prompt_1001_decode_7,execute_context_1(784)_generation_0(0),1,784,1,0,gdn,model_executor/layers/mamba/gdn/qwen_gdn_linear_attn.py:1259 _forward_core,aten::_index_put_impl_,"[[2052,48,128,128],[],[48,128,128],[],[]]","[""float"","""",""float"",""Scalar"",""Scalar""]","void at::native::index_elementwise_kernel<128, 4, at::native::gpu_index_kernel<at::native::index_put_kernel_impl<at::native::OpaqueType<4> >(at::TensorIterator&, c10::ArrayRef<long>, c10::ArrayRef<long>)::{lambda(char*, char const*, long)#1}>(at::TensorIteratorBase&, c10::ArrayRef<long>, c10::ArrayRef<long>, at::native::index_put_kernel_impl<at::native::OpaqueType<4> >(at::TensorIterator&, c10::ArrayRef<long>, c10::ArrayRef<long>)::{lambda(char*, char const*, long)#1} const&, bool)::{lambda(int)#1}>(long, at::native::gpu_index_kernel<at::native::index_put_kernel_impl<at::native::OpaqueType<4> >(at::TensorIterator&, c10::ArrayRef<long>, c10::ArrayRef<long>)::{lambda(char*, char const*, long)#1}>(at::TensorIteratorBase&, c10::ArrayRef<long>, c10::ArrayRef<long>, at::native::index_put_kernel_impl<at::native::OpaqueType<4> >(at::TensorIterator&, c10::ArrayRef<long>, c10::ArrayRef<long>)::{lambda(char*, char const*, long)#1} const&, bool)::{lambda(int)#1})",1536x1x1,128x1x1,False,48,228.96099999999993,4.770020833333332,4.576,5.024
eager,prompt_1001_decode_7,execute_context_1(784)_generation_0(0),1,784,1,0,gdn,model_executor/layers/mamba/gdn/qwen_gdn_linear_attn.py:1867 _forward_core_fused_norm,aten::copy_,"[[784,48],[784,48],[]]","[""c10::BFloat16"",""c10::BFloat16"",""Scalar""]","void at::native::elementwise_kernel<128, 4, at::native::gpu_kernel_impl_nocast<at::native::direct_copy_kernel_cuda(at::TensorIteratorBase&)::{lambda()#3}::operator()() const::{lambda()#12}::operator()() const::{lambda(c10::BFloat16)#1}>(at::TensorIteratorBase&, at::native::direct_copy_kernel_cuda(at::TensorIteratorBase&)::{lambda()#3}::operator()() const::{lambda()#12}::operator()() const::{lambda(c10::BFloat16)#1} const&)::{lambda(int)#1}>(int, at::native::gpu_kernel_impl_nocast<at::native::direct_copy_kernel_cuda(at::TensorIteratorBase&)::{lambda()#3}::operator()() const::{lambda()#12}::operator()() const::{lambda(c10::BFloat16)#1}>(at::TensorIteratorBase&, at::native::direct_copy_kernel_cuda(at::TensorIteratorBase&)::{lambda()#3}::operator()() const::{lambda()#12}::operator()() const::{lambda(c10::BFloat16)#1} const&)::{lambda(int)#1})",74x1x1,128x1x1,False,96,215.71300000000005,2.2470104166666673,2.016,2.56
eager,prompt_1001_decode_7,execute_context_1(784)_generation_0(0),1,784,1,0,attention,model_executor/layers/quantization/utils/fp8_utils.py:534 per_token_group_quant_fp8,_C::per_token_group_fp8_quant,"[[784,6144],[784,6144],[784,48],[],[],[],[],[],[],[]]","[""c10::BFloat16"",""c10::Float8_e4m3fn"",""float"",""Scalar"",""Scalar"",""Scalar"",""Scalar"",""Scalar"",""Scalar"",""Scalar""]","void per_token_group_quant_8bit_kernel<c10::BFloat16, c10::Float8_e4m3fn, true, true, float>(c10::BFloat16 const*, void*, float*, int, int, int, float, float, float, int, int)",2352x1x1,256x1x1,False,16,207.13699999999997,12.946062499999998,12.768,13.473
eager,prompt_1001_decode_7,execute_context_1(784)_generation_0(0),1,784,1,0,gdn,model_executor/layers/mamba/gdn/qwen_gdn_linear_attn.py:889 forward_cuda,aten::fill_,"[[784,48,128],[]]","[""c10::BFloat16"",""Scalar""]","void at::native::vectorized_elementwise_kernel<8, at::native::FillFunctor<c10::BFloat16>, std::array<char*, 1ul> >(int, at::native::FillFunctor<c10::BFloat16>, std::array<char*, 1ul>)",4704x1x1,128x1x1,False,48,187.71299999999997,3.9106874999999994,3.872,4.032
eager,prompt_1001_decode_7,execute_context_1(784)_generation_0(0),1,784,1,0,attention,model_executor/layers/quantization/utils/fp8_utils.py:534 per_token_group_quant_fp8,_C::per_token_group_fp8_quant,"[[784,5120],[784,5120],[784,40],[],[],[],[],[],[],[]]","[""c10::BFloat16"",""c10::Float8_e4m3fn"",""float"",""Scalar"",""Scalar"",""Scalar"",""Scalar"",""Scalar"",""Scalar"",""Scalar""]","void per_token_group_quant_8bit_kernel<c10::BFloat16, c10::Float8_e4m3fn, true, true, float>(c10::BFloat16 const*, void*, float*, int, int, int, float, float, float, int, int)",1960x1x1,256x1x1,False,16,180.289,11.2680625,11.168,11.392
eager,prompt_1001_decode_7,execute_context_1(784)_generation_0(0),1,784,1,0,gdn,model_executor/layers/mamba/gdn/qwen_gdn_linear_attn.py:1259 _forward_core,aten::masked_fill_,"[[1,48,128,128],[1,1,1,1],[]]","[""float"",""bool"",""Scalar""]","void at::native::elementwise_kernel<128, 2, at::native::gpu_kernel_impl_nocast<at::native::(anonymous namespace)::masked_fill_kernel(at::TensorIterator&, c10::Scalar const&)::{lambda()#1}::operator()() const::{lambda()#7}::operator()() const::{lambda(float, bool)#1}>(at::TensorIteratorBase&, at::native::(anonymous namespace)::masked_fill_kernel(at::TensorIterator&, c10::Scalar const&)::{lambda()#1}::operator()() const::{lambda()#7}::operator()() const::{lambda(float, bool)#1} const&)::{lambda(int)#1}>(int, at::native::gpu_kernel_impl_nocast<at::native::(anonymous namespace)::masked_fill_kernel(at::TensorIterator&, c10::Scalar const&)::{lambda()#1}::operator()() const::{lambda()#7}::operator()() const::{lambda(float, bool)#1}>(at::TensorIteratorBase&, at::native::(anonymous namespace)::masked_fill_kernel(at::TensorIterator&, c10::Scalar const&)::{lambda()#1}::operator()() const::{lambda()#7}::operator()() const::{lambda(float, bool)#1} const&)::{lambda(int)#1})",3072x1x1,128x1x1,False,48,171.0070000000001,3.562645833333335,3.519,3.617
eager,prompt_1001_decode_7,execute_context_1(784)_generation_0(0),1,784,1,0,norm,ir/ops/layernorm.py:43 fused_add_rms_norm,aten::rsqrt,"[[784,1]]","[""float""]","void at::native::vectorized_elementwise_kernel<4, at::native::rsqrt_kernel_cuda(at::TensorIteratorBase&)::{lambda()#2}::operator()() const::{lambda()#2}::operator()() const::{lambda(float)#1}, std::array<char*, 2ul> >(int, at::native::rsqrt_kernel_cuda(at::TensorIteratorBase&)::{lambda()#2}::operator()() const::{lambda()#2}::operator()() const::{lambda(float)#1}, std::array<char*, 2ul>)",1x1x1,128x1x1,False,128,151.39299999999986,1.182757812499999,1.12,1.472
eager,prompt_1001_decode_7,execute_context_1(784)_generation_0(0),1,784,1,0,norm,ir/ops/layernorm.py:43 fused_add_rms_norm,aten::add,"[[784,1],[],[]]","[""float"",""double"",""Scalar""]","void at::native::vectorized_elementwise_kernel<4, at::native::CUDAFunctorOnSelf_add<float>, std::array<char*, 2ul> >(int, at::native::CUDAFunctorOnSelf_add<float>, std::array<char*, 2ul>)",1x1x1,128x1x1,False,128,150.7899999999999,1.1780468749999993,1.12,1.376
eager,prompt_1001_decode_7,execute_context_1(784)_generation_0(0),1,784,1,0,gdn,model_executor/layers/mamba/gdn/qwen_gdn_linear_attn.py:1259 _forward_core,aten::copy_,"[[1],[1],[]]","[""long int"",""int"",""Scalar""]","void at::native::unrolled_elementwise_kernel<at::native::direct_copy_kernel_cuda(at::TensorIteratorBase&)::{lambda()#3}::operator()() const::{lambda()#4}::operator()() const::{lambda(long)#1}, std::array<char*, 2ul>, 4, TrivialOffsetCalculator<1, unsigned int>, TrivialOffsetCalculator<1, unsigned int>, at::native::memory::LoadWithCast<1>, at::native::memory::StoreWithCast<1> >(int, at::native::direct_copy_kernel_cuda(at::TensorIteratorBase&)::{lambda()#3}::operator()() const::{lambda()#4}::operator()() const::{lambda(long)#1}, std::array<char*, 2ul>, TrivialOffsetCalculator<1, unsigned int>, TrivialOffsetCalculator<1, unsigned int>, at::native::memory::LoadWithCast<1>, at::native::memory::StoreWithCast<1>)",1x1x1,128x1x1,False,96,137.02299999999997,1.4273229166666663,1.184,2.08
eager,prompt_1001_decode_7,execute_context_1(784)_generation_0(0),1,784,1,0,norm,model_executor/layers/layernorm.py:151 forward_native,aten::add,"[[5120],[],[]]","[""float"",""double"",""Scalar""]","void at::native::vectorized_elementwise_kernel<4, at::native::CUDAFunctorOnSelf_add<float>, std::array<char*, 2ul> >(int, at::native::CUDAFunctorOnSelf_add<float>, std::array<char*, 2ul>)",5x1x1,128x1x1,False,129,132.54099999999997,1.0274496124031005,0.928,1.248
eager,prompt_1001_decode_7,execute_context_1(784)_generation_0(0),1,784,1,0,attention,model_executor/models/qwen3_next.py:446 forward,aten::sigmoid,"[[784,6144]]","[""c10::BFloat16""]","void at::native::vectorized_elementwise_kernel<8, at::native::sigmoid_kernel_cuda(at::TensorIteratorBase&)::{lambda()#2}::operator()() const::{lambda()#4}::operator()() const::{lambda(c10::BFloat16)#1}, std::array<char*, 2ul> >(int, at::native::sigmoid_kernel_cuda(at::TensorIteratorBase&)::{lambda()#2}::operator()() const::{lambda()#4}::operator()() const::{lambda(c10::BFloat16)#1}, std::array<char*, 2ul>)",4704x1x1,128x1x1,False,16,109.537,6.8460625,6.656,7.008
eager,prompt_1001_decode_7,execute_context_1(784)_generation_0(0),1,784,1,0,gdn,model_executor/parameter.py:122 __torch_function__,aten::mm,"[[784,5120],[5120,96]]","[""c10::BFloat16"",""c10::BFloat16""]","void cublasLt::splitKreduce_kernel<32, 16, int, float, __nv_bfloat16, float, __nv_bfloat16, false, float, __nv_bfloat16, __nv_bfloat16, true, false, false, false>(cublasLt::cublasSplitKParams<float>, float const*, __nv_bfloat16 const*, float*, __nv_bfloat16*, float const*, float const*, __nv_bfloat16 const*, float const*, __nv_bfloat16*, void*, long, float*, int*, float*, float*, float const*, float const*, float const*, float const*, float const*)",3x49x1,32x16x1,False,48,93.57499999999999,1.9494791666666664,1.889,2.08
eager,prompt_1001_decode_7,execute_context_1(784)_generation_0(0),1,784,1,0,attention,model_executor/models/qwen3_next.py:446 forward,aten::mul,"[[784,6144],[784,6144]]","[""c10::BFloat16"",""c10::BFloat16""]","void at::native::vectorized_elementwise_kernel<8, at::native::BinaryFunctor<c10::BFloat16, c10::BFloat16, c10::BFloat16, at::native::binary_internal::MulFunctor<float> >, std::array<char*, 3ul> >(int, at::native::BinaryFunctor<c10::BFloat16, c10::BFloat16, c10::BFloat16, at::native::binary_internal::MulFunctor<float> >, std::array<char*, 3ul>)",4704x1x1,128x1x1,False,16,93.058,5.816125,5.632,6.176
eager,prompt_1001_decode_7,execute_context_1(784)_generation_0(0),1,784,1,0,attention,_custom_ops.py:2684 reshape_and_cache_flash,_C_cache_ops::reshape_and_cache_flash,"[[784,4,256],[784,4,256],[2052,784,4,256],[2052,784,4,256],[784],[],[],[]]","[""c10::BFloat16"",""c10::BFloat16"",""c10::BFloat16"",""c10::BFloat16"",""long int"","""",""float"",""float""]","void vllm::reshape_and_cache_flash_kernel<__nv_bfloat16, __nv_bfloat16, (vllm::Fp8KVCacheDataType)0>(__nv_bfloat16 const*, __nv_bfloat16 const*, __nv_bfloat16*, __nv_bfloat16*, long const*, long, long, long, long, long, int, int, int, float const*, float const*, int)",784x1x1,512x1x1,False,16,89.76099999999998,5.610062499999999,5.44,6.176
eager,prompt_1001_decode_7,execute_context_1(784)_generation_0(0),1,784,1,0,gdn,model_executor/layers/mamba/gdn/qwen_gdn_linear_attn.py:180 fi_chunk_gated_delta_rule,aten::exp,"[[784,48]]","[""float""]","void at::native::vectorized_elementwise_kernel<4, at::native::exp_kernel_cuda(at::TensorIteratorBase&)::{lambda()#2}::operator()() const::{lambda()#2}::operator()() const::{lambda(float)#1}, std::array<char*, 2ul> >(int, at::native::exp_kernel_cuda(at::TensorIteratorBase&)::{lambda()#2}::operator()() const::{lambda()#2}::operator()() const::{lambda(float)#1}, std::array<char*, 2ul>)",37x1x1,128x1x1,False,48,73.47399999999998,1.530708333333333,1.407,2.177
eager,prompt_1001_decode_7,execute_context_1(784)_generation_0(0),1,784,1,0,gdn,model_executor/layers/mamba/gdn/qwen_gdn_linear_attn.py:180 fi_chunk_gated_delta_rule,aten::copy_,"[[2],[2],[]]","[""long int"",""int"",""Scalar""]","void at::native::unrolled_elementwise_kernel<at::native::direct_copy_kernel_cuda(at::TensorIteratorBase&)::{lambda()#3}::operator()() const::{lambda()#4}::operator()() const::{lambda(long)#1}, std::array<char*, 2ul>, 4, TrivialOffsetCalculator<1, unsigned int>, TrivialOffsetCalculator<1, unsigned int>, at::native::memory::LoadWithCast<1>, at::native::memory::StoreWithCast<1> >(int, at::native::direct_copy_kernel_cuda(at::TensorIteratorBase&)::{lambda()#3}::operator()() const::{lambda()#4}::operator()() const::{lambda(long)#1}, std::array<char*, 2ul>, TrivialOffsetCalculator<1, unsigned int>, TrivialOffsetCalculator<1, unsigned int>, at::native::memory::LoadWithCast<1>, at::native::memory::StoreWithCast<1>)",1x1x1,128x1x1,False,48,60.76600000000002,1.2659583333333337,1.184,1.472
eager,prompt_1001_decode_7,execute_context_1(784)_generation_0(0),1,784,1,0,gdn,model_executor/layers/mamba/gdn/qwen_gdn_linear_attn.py:1259 _forward_core,aten::bitwise_not,[[1]],"[""bool""]","void at::native::vectorized_elementwise_kernel<8, at::native::bitwise_not_kernel_cuda(at::TensorIteratorBase&)::{lambda(bool)#1}, std::array<char*, 2ul> >(int, at::native::bitwise_not_kernel_cuda(at::TensorIteratorBase&)::{lambda(bool)#1}, std::array<char*, 2ul>)",1x1x1,128x1x1,False,48,58.879999999999995,1.2266666666666666,1.055,1.536
eager,prompt_1001_decode_7,execute_context_1(784)_generation_0(0),1,784,1,0,kv_cache,,,,,_zero_kv_blocks_kernel,1x16x784,128x1x1,False,1,12.608,12.608,12.608,12.608
eager,prompt_1001_decode_7,execute_context_1(784)_generation_0(0),1,784,1,0,attention,vllm_flash_attn/flash_attn_interface.py:176 flash_attn_varlen_func,aten::fill_,"[[1],[]]","[""int"",""Scalar""]","void at::native::vectorized_elementwise_kernel<4, at::native::FillFunctor<int>, std::array<char*, 1ul> >(int, at::native::FillFunctor<int>, std::array<char*, 1ul>)",1x1x1,128x1x1,False,16,11.709,0.7318125,0.672,0.863
eager,prompt_1001_decode_7,execute_context_1(784)_generation_0(0),1,784,1,0,norm,ir/ops/layernorm.py:9 rms_norm,aten::mul,"[[784,5120],[784,1]]","[""float"",""float""]","void at::native::elementwise_kernel<128, 2, at::native::gpu_kernel_impl_nocast<at::native::BinaryFunctor<float, float, float, at::native::binary_internal::MulFunctor<float> > >(at::TensorIteratorBase&, at::native::BinaryFunctor<float, float, float, at::native::binary_internal::MulFunctor<float> > const&)::{lambda(int)#1}>(int, at::native::gpu_kernel_impl_nocast<at::native::BinaryFunctor<float, float, float, at::native::binary_internal::MulFunctor<float> > >(at::TensorIteratorBase&, at::native::BinaryFunctor<float, float, float, at::native::binary_internal::MulFunctor<float> > const&)::{lambda(int)#1})",15680x1x1,128x1x1,False,1,11.584,11.584,11.584,11.584
eager,prompt_1001_decode_7,execute_context_1(784)_generation_0(0),1,784,1,0,norm,ir/ops/layernorm.py:9 rms_norm,aten::mean,"[[784,5120],[],[],[]]","[""float"",""ScalarList"",""Scalar"",""""]","void at::native::reduce_kernel<512, 1, at::native::ReduceOp<float, at::native::MeanOps<float, float, float, float>, unsigned int, float, 4, 4> >(at::native::ReduceOp<float, at::native::MeanOps<float, float, float, float>, unsigned int, float, 4, 4>)",49x1x1,32x16x1,False,1,11.552,11.552,11.552,11.552
eager,prompt_1001_decode_7,execute_context_1(784)_generation_0(0),1,784,1,0,norm,ir/ops/layernorm.py:9 rms_norm,aten::mul,"[[784,5120],[5120]]","[""float"",""float""]","void at::native::elementwise_kernel<128, 2, at::native::gpu_kernel_impl_nocast<at::native::BinaryFunctor<float, float, float, at::native::binary_internal::MulFunctor<float> > >(at::TensorIteratorBase&, at::native::BinaryFunctor<float, float, float, at::native::binary_internal::MulFunctor<float> > const&)::{lambda(int)#1}>(int, at::native::gpu_kernel_impl_nocast<at::native::BinaryFunctor<float, float, float, at::native::binary_internal::MulFunctor<float> > >(at::TensorIteratorBase&, at::native::BinaryFunctor<float, float, float, at::native::binary_internal::MulFunctor<float> > const&)::{lambda(int)#1})",15680x1x1,128x1x1,False,1,11.36,11.36,11.36,11.36
eager,prompt_1001_decode_7,execute_context_1(784)_generation_0(0),1,784,1,0,norm,ir/ops/layernorm.py:9 rms_norm,aten::copy_,"[[784,5120],[784,5120],[]]","[""float"",""c10::BFloat16"",""Scalar""]","void at::native::unrolled_elementwise_kernel<at::native::direct_copy_kernel_cuda(at::TensorIteratorBase&)::{lambda()#3}::operator()() const::{lambda()#7}::operator()() const::{lambda(float)#1}, std::array<char*, 2ul>, 4, TrivialOffsetCalculator<1, unsigned int>, TrivialOffsetCalculator<1, unsigned int>, at::native::memory::LoadWithCast<1>, at::native::memory::StoreWithCast<1> >(int, at::native::direct_copy_kernel_cuda(at::TensorIteratorBase&)::{lambda()#3}::operator()() const::{lambda()#7}::operator()() const::{lambda(float)#1}, std::array<char*, 2ul>, TrivialOffsetCalculator<1, unsigned int>, TrivialOffsetCalculator<1, unsigned int>, at::native::memory::LoadWithCast<1>, at::native::memory::StoreWithCast<1>)",7840x1x1,128x1x1,False,1,9.888,9.888,9.888,9.888
eager,prompt_1001_decode_7,execute_context_1(784)_generation_0(0),1,784,1,0,kv_cache,,,,,_apply_write_kernel,1x1x1,128x1x1,False,3,9.856,3.2853333333333334,3.104,3.392
eager,prompt_1001_decode_7,execute_context_1(784)_generation_0(0),1,784,1,0,norm,ir/ops/layernorm.py:9 rms_norm,aten::pow,"[[784,5120],[]]","[""float"",""Scalar""]","void at::native::vectorized_elementwise_kernel<4, at::native::(anonymous namespace)::pow_tensor_scalar_kernel_impl<float, float>(at::TensorIteratorBase&, float)::{lambda(float)#1}, std::array<char*, 2ul> >(int, at::native::(anonymous namespace)::pow_tensor_scalar_kernel_impl<float, float>(at::TensorIteratorBase&, float)::{lambda(float)#1}, std::array<char*, 2ul>)",3920x1x1,128x1x1,False,1,6.336,6.336,6.336,6.336
eager,prompt_1001_decode_7,execute_context_1(784)_generation_0(0),1,784,1,0,attention,,,,,_prepare_rope_positions_kernel,1x1x1,128x1x1,False,1,6.016,6.016,6.016,6.016
eager,prompt_1001_decode_7,execute_context_1(784)_generation_0(0),1,784,1,0,attention,v1/attention/backends/utils.py:1131 mamba_get_block_table_tensor,aten::gather,"[[1,42],[],[1,1],[]]","[""int"",""Scalar"",""long int"",""Scalar""]","void at::native::_scatter_gather_elementwise_kernel<128, 8, at::native::_cuda_scatter_gather_internal_kernel<false, at::native::OpaqueType<4>, long>::operator()<at::native::TensorAssign>(at::TensorIterator&, long, long, long, at::native::TensorAssign const&)::{lambda(int)#1}>(int, at::native::_cuda_scatter_gather_internal_kernel<false, at::native::OpaqueType<4>, long>::operator()<at::native::TensorAssign>(at::TensorIterator&, long, long, long, at::native::TensorAssign const&)::{lambda(int)#1})",1x1x1,128x1x1,False,3,5.344,1.7813333333333334,1.728,1.856
eager,prompt_1001_decode_7,execute_context_1(784)_generation_0(0),1,784,1,0,norm,ir/ops/layernorm.py:9 rms_norm,aten::copy_,"[[784,5120],[784,5120],[]]","[""c10::BFloat16"",""float"",""Scalar""]","void at::native::vectorized_elementwise_kernel<8, at::native::bfloat16_copy_kernel_cuda(at::TensorIteratorBase&)::{lambda(float)#1}, std::array<char*, 2ul> >(int, at::native::bfloat16_copy_kernel_cuda(at::TensorIteratorBase&)::{lambda(float)#1}, std::array<char*, 2ul>)",3920x1x1,128x1x1,False,1,5.12,5.12,5.12,5.12
eager,prompt_1001_decode_7,execute_context_1(784)_generation_0(0),1,784,1,0,other,,,,,_prepare_prefill_inputs_kernel,1x1x1,128x1x1,False,1,4.96,4.96,4.96,4.96
eager,prompt_1001_decode_7,execute_context_1(784)_generation_0(0),1,784,1,0,attention,v1/attention/backends/utils.py:1042 compute_causal_conv1d_metadata,aten::fill_,"[[2048],[]]","[""int"",""Scalar""]","void at::native::vectorized_elementwise_kernel<4, at::native::FillFunctor<int>, std::array<char*, 1ul> >(int, at::native::FillFunctor<int>, std::array<char*, 1ul>)",2x1x1,128x1x1,False,6,4.3180000000000005,0.7196666666666668,0.703,0.736
eager,prompt_1001_decode_7,execute_context_1(784)_generation_0(0),1,784,1,0,attention,v1/attention/backends/utils.py:1131 mamba_get_block_table_tensor,aten::floor_divide,"[[1],[]]","[""int"",""long int""]","void at::native::vectorized_elementwise_kernel<4, at::native::BUnaryFunctor<int, int, int, at::native::binary_internal::div_floor_kernel_cuda(at::TensorIteratorBase&)::{lambda()#1}::operator()() const::{lambda()#3}::operator()() const::{lambda(int, int)#1}>, std::array<char*, 2ul> >(int, at::native::BUnaryFunctor<int, int, int, at::native::binary_internal::div_floor_kernel_cuda(at::TensorIteratorBase&)::{lambda()#1}::operator()() const::{lambda()#3}::operator()() const::{lambda(int, int)#1}>, std::array<char*, 2ul>)",1x1x1,128x1x1,False,3,3.968,1.3226666666666667,1.152,1.664
eager,prompt_1001_decode_7,execute_context_1(784)_generation_0(0),1,784,1,0,embedding,model_executor/layers/vocab_parallel_embedding.py:78 embedding,aten::gather,"[[248320,5120],[],[784,5120],[],[784,5120]]","[""c10::BFloat16"",""Scalar"",""long int"",""Scalar"",""c10::BFloat16""]","void at::native::vectorized_gather_kernel<16, long>(char*, char*, long*, int, long, long, long, long, bool)",784x3x1,256x1x1,False,1,3.968,3.968,3.968,3.968
eager,prompt_1001_decode_7,execute_context_1(784)_generation_0(0),1,784,1,0,attention,v1/attention/backends/utils.py:1131 mamba_get_block_table_tensor,aten::copy_,"[[1,1],[1,1],[]]","[""long int"",""int"",""Scalar""]","void at::native::unrolled_elementwise_kernel<at::native::direct_copy_kernel_cuda(at::TensorIteratorBase&)::{lambda()#3}::operator()() const::{lambda()#4}::operator()() const::{lambda(long)#1}, std::array<char*, 2ul>, 4, TrivialOffsetCalculator<1, unsigned int>, TrivialOffsetCalculator<1, unsigned int>, at::native::memory::LoadWithCast<1>, at::native::memory::StoreWithCast<1> >(int, at::native::direct_copy_kernel_cuda(at::TensorIteratorBase&)::{lambda()#3}::operator()() const::{lambda()#4}::operator()() const::{lambda(long)#1}, std::array<char*, 2ul>, TrivialOffsetCalculator<1, unsigned int>, TrivialOffsetCalculator<1, unsigned int>, at::native::memory::LoadWithCast<1>, at::native::memory::StoreWithCast<1>)",1x1x1,128x1x1,False,3,3.808,1.2693333333333332,1.12,1.44
eager,prompt_1001_decode_7,execute_context_1(784)_generation_0(0),1,784,1,0,kv_cache,,,,,_apply_write_kernel,3x1x1,128x1x1,False,1,3.776,3.776,3.776,3.776
eager,prompt_1001_decode_7,execute_context_1(784)_generation_0(0),1,784,1,0,attention,v1/attention/backends/utils.py:1042 compute_causal_conv1d_metadata,aten::copy_,"[[98],[98],[]]","[""int"",""long int"",""Scalar""]","void at::native::unrolled_elementwise_kernel<at::native::direct_copy_kernel_cuda(at::TensorIteratorBase&)::{lambda()#3}::operator()() const::{lambda()#3}::operator()() const::{lambda(int)#1}, std::array<char*, 2ul>, 4, TrivialOffsetCalculator<1, unsigned int>, TrivialOffsetCalculator<1, unsigned int>, at::native::memory::LoadWithCast<1>, at::native::memory::StoreWithCast<1> >(int, at::native::direct_copy_kernel_cuda(at::TensorIteratorBase&)::{lambda()#3}::operator()() const::{lambda()#3}::operator()() const::{lambda(int)#1}, std::array<char*, 2ul>, TrivialOffsetCalculator<1, unsigned int>, TrivialOffsetCalculator<1, unsigned int>, at::native::memory::LoadWithCast<1>, at::native::memory::StoreWithCast<1>)",1x1x1,128x1x1,False,3,3.583,1.1943333333333335,1.088,1.311
eager,prompt_1001_decode_7,execute_context_1(784)_generation_0(0),1,784,1,0,attention,v1/attention/backends/gdn_attn.py:210 build,aten::gt,"[[1],[]]","[""int"",""Scalar""]","void at::native::vectorized_elementwise_kernel<8, at::native::compare_scalar_kernel<int>(at::TensorIteratorBase&, at::native::(anonymous namespace)::OpType, int)::{lambda(int)#1}, std::array<char*, 2ul> >(int, at::native::compare_scalar_kernel<int>(at::TensorIteratorBase&, at::native::(anonymous namespace)::OpType, int)::{lambda(int)#1}, std::array<char*, 2ul>)",1x1x1,128x1x1,False,3,3.5200000000000005,1.1733333333333336,1.088,1.344
eager,prompt_1001_decode_7,execute_context_1(784)_generation_0(0),1,784,1,0,kv_cache,,,,,_apply_write_kernel,4x1x1,128x1x1,False,1,3.392,3.392,3.392,3.392
eager,prompt_1001_decode_7,execute_context_1(784)_generation_0(0),1,784,1,0,kv_cache,,,,,_gather_block_tables_kernel,4x1x1,128x1x1,False,1,3.296,3.296,3.296,3.296
eager,prompt_1001_decode_7,execute_context_1(784)_generation_0(0),1,784,1,0,attention,v1/attention/backends/utils.py:1131 mamba_get_block_table_tensor,aten::clamp_,"[[1],[],[]]","[""int"",""Scalar"",""""]","void at::native::vectorized_elementwise_kernel<4, at::native::(anonymous namespace)::launch_clamp_scalar(at::TensorIteratorBase&, c10::Scalar, c10::Scalar, at::native::detail::ClampLimits)::{lambda()#1}::operator()() const::{lambda()#3}::operator()() const::{lambda(int)#1}, std::array<char*, 2ul> >(int, at::native::(anonymous namespace)::launch_clamp_scalar(at::TensorIteratorBase&, c10::Scalar, c10::Scalar, at::native::detail::ClampLimits)::{lambda()#1}::operator()() const::{lambda()#3}::operator()() const::{lambda(int)#1}, std::array<char*, 2ul>)",1x1x1,128x1x1,False,3,3.007,1.0023333333333333,0.927,1.12
eager,prompt_1001_decode_7,execute_context_1(784)_generation_0(0),1,784,1,0,kv_cache,,,,,_compute_slot_mappings_kernel,4x2x1,128x1x1,False,1,2.816,2.816,2.816,2.816
eager,prompt_1001_decode_7,execute_context_1(784)_generation_0(0),1,784,1,0,attention,v1/attention/backends/utils.py:1131 mamba_get_block_table_tensor,aten::add,"[[1,1],[1],[]]","[""int"",""int"",""Scalar""]","void at::native::vectorized_elementwise_kernel<4, at::native::CUDAFunctor_add<int>, std::array<char*, 3ul> >(int, at::native::CUDAFunctor_add<int>, std::array<char*, 3ul>)",1x1x1,128x1x1,False,3,2.816,0.9386666666666666,0.928,0.96
eager,prompt_1001_decode_7,execute_context_1(784)_generation_0(0),1,784,1,0,attention,v1/attention/backend.py:493 compute_num_computed_tokens,aten::sub,"[[1],[1],[]]","[""int"",""int"",""Scalar""]","void at::native::vectorized_elementwise_kernel<4, at::native::CUDAFunctor_add<int>, std::array<char*, 3ul> >(int, at::native::CUDAFunctor_add<int>, std::array<char*, 3ul>)",1x1x1,128x1x1,False,3,2.753,0.9176666666666667,0.897,0.928
eager,prompt_1001_decode_7,execute_context_1(784)_generation_0(0),1,784,1,0,attention,v1/attention/backends/utils.py:1131 mamba_get_block_table_tensor,aten::sub,"[[1],[],[]]","[""int"",""long int"",""Scalar""]","void at::native::vectorized_elementwise_kernel<4, at::native::CUDAFunctorOnSelf_add<int>, std::array<char*, 2ul> >(int, at::native::CUDAFunctorOnSelf_add<int>, std::array<char*, 2ul>)",1x1x1,128x1x1,False,3,2.7520000000000002,0.9173333333333334,0.896,0.928
eager,prompt_1001_decode_7,execute_context_1(784)_generation_0(0),1,784,1,0,gdn,,,,,precopy_mamba_align_fused_kernel,1x96x16,128x1x1,False,1,2.432,2.432,2.432,2.432
eager,prompt_1001_decode_7,execute_context_1(784)_generation_0(0),1,784,1,0,attention,v1/attention/backend.py:493 compute_num_computed_tokens,aten::sub,"[[1],[1],[]]","[""int"",""int"",""Scalar""]","void at::native::unrolled_elementwise_kernel<at::native::CUDAFunctor_add<int>, std::array<char*, 3ul>, 4, TrivialOffsetCalculator<2, unsigned int>, TrivialOffsetCalculator<1, unsigned int>, at::native::memory::LoadWithoutCast, at::native::memory::StoreWithoutCast>(int, at::native::CUDAFunctor_add<int>, std::array<char*, 3ul>, TrivialOffsetCalculator<2, unsigned int>, TrivialOffsetCalculator<1, unsigned int>, at::native::memory::LoadWithoutCast, at::native::memory::StoreWithoutCast)",1x1x1,128x1x1,False,3,2.431,0.8103333333333333,0.768,0.863
eager,prompt_1001_decode_7,execute_context_1(784)_generation_0(0),1,784,1,0,sampler,,,,,_combine_sampled_and_draft_tokens_kernel,1x1x1,128x1x1,False,1,2.304,2.304,2.304,2.304
eager,prompt_1001_decode_7,execute_context_1(784)_generation_0(0),1,784,1,0,attention,v1/attention/backends/utils.py:1131 mamba_get_block_table_tensor,aten::arange,"[[],[],[],[0]]","[""Scalar"",""Scalar"",""Scalar"",""int""]","void (anonymous namespace)::elementwise_kernel_with_index<int, at::native::arange_cuda_out(c10::Scalar const&, c10::Scalar const&, c10::Scalar const&, at::Tensor&)::{lambda()#1}::operator()() const::{lambda()#3}::operator()() const::{lambda(long)#1}>(int, at::native::arange_cuda_out(c10::Scalar const&, c10::Scalar const&, c10::Scalar const&, at::Tensor&)::{lambda()#1}::operator()() const::{lambda()#3}::operator()() const::{lambda(long)#1}, function_traits<at::native::arange_cuda_out(c10::Scalar const&, c10::Scalar const&, c10::Scalar const&, at::Tensor&)::{lambda()#1}::operator()() const::{lambda()#3}::operator()() const::{lambda(long)#1}>::result_type*)",1x1x1,64x1x1,False,3,2.0789999999999997,0.693,0.671,0.704
eager,prompt_1001_decode_7,execute_context_1(784)_generation_0(0),1,784,1,0,embedding,model_executor/layers/vocab_parallel_embedding.py:499 forward,aten::copy_,"[[784],[784],[]]","[""long int"",""int"",""Scalar""]","void at::native::unrolled_elementwise_kernel<at::native::direct_copy_kernel_cuda(at::TensorIteratorBase&)::{lambda()#3}::operator()() const::{lambda()#4}::operator()() const::{lambda(long)#1}, std::array<char*, 2ul>, 4, TrivialOffsetCalculator<1, unsigned int>, TrivialOffsetCalculator<1, unsigned int>, at::native::memory::LoadWithCast<1>, at::native::memory::StoreWithCast<1> >(int, at::native::direct_copy_kernel_cuda(at::TensorIteratorBase&)::{lambda()#3}::operator()() const::{lambda()#4}::operator()() const::{lambda(long)#1}, std::array<char*, 2ul>, TrivialOffsetCalculator<1, unsigned int>, TrivialOffsetCalculator<1, unsigned int>, at::native::memory::LoadWithCast<1>, at::native::memory::StoreWithCast<1>)",2x1x1,128x1x1,False,1,2.048,2.048,2.048,2.048
eager,prompt_1001_decode_7,execute_context_1(784)_generation_0(0),1,784,1,0,gdn,,,,,preprocess_mamba_align_fused_kernel,1x1x1,128x1x1,False,1,1.633,1.633,1.633,1.633
eager,prompt_1001_decode_7,execute_context_1(784)_generation_0(0),1,784,1,0,other,v1/worker/gpu/model_states/mamba_hybrid.py:115 add_request,aten::fill_,"[[],[]]","[""int"",""Scalar""]","void at::native::vectorized_elementwise_kernel<2, at::native::FillFunctor<int>, std::array<char*, 1ul> >(int, at::native::FillFunctor<int>, std::array<char*, 1ul>)",1x1x1,128x1x1,False,2,1.536,0.768,0.768,0.768
eager,prompt_1001_decode_7,execute_context_1(784)_generation_0(0),1,784,1,0,attention,vllm_flash_attn/flash_attn_interface.py:122 get_scheduler_metadata,_vllm_fa3_C::get_scheduler_metadata,"[[],[],[],[],[],[],[],[],[1],[2],[],[],[],[],[],[],[],[],[],[],[],[],[]]","[""Scalar"",""Scalar"",""Scalar"",""Scalar"",""Scalar"",""Scalar"",""Scalar"",""Scalar"",""int"",""int"","""","""","""","""",""Scalar"",""Scalar"",""Scalar"",""Scalar"",""Scalar"",""Scalar"",""Scalar"","""",""Scalar""]","void flash::prepare_varlen_num_blocks_kernel<1, false>(int, int, int, int const*, int const*, int const*, int const*, int const*, int const*, int, int, int, int, int, cutlass::FastDivmod, cutlass::FastDivmod, int*, int*, int*, int*, int*, bool, bool, bool, int)",1x1x1,32x1x1,False,1,1.472,1.472,1.472,1.472
eager,prompt_1001_decode_7,execute_context_1(784)_generation_0(0),1,784,1,0,other,,,,,_prepare_pos_seq_lens_kernel,2x1x1,128x1x1,False,1,1.28,1.28,1.28,1.28
eager,prompt_1001_decode_7,execute_context_1(784)_generation_0(0),1,784,1,0,norm,ir/ops/layernorm.py:9 rms_norm,aten::add,"[[784,1],[],[]]","[""float"",""double"",""Scalar""]","void at::native::vectorized_elementwise_kernel<4, at::native::CUDAFunctorOnSelf_add<float>, std::array<char*, 2ul> >(int, at::native::CUDAFunctorOnSelf_add<float>, std::array<char*, 2ul>)",1x1x1,128x1x1,False,1,1.152,1.152,1.152,1.152
eager,prompt_1001_decode_7,execute_context_1(784)_generation_0(0),1,784,1,0,norm,ir/ops/layernorm.py:9 rms_norm,aten::rsqrt,"[[784,1]]","[""float""]","void at::native::vectorized_elementwise_kernel<4, at::native::rsqrt_kernel_cuda(at::TensorIteratorBase&)::{lambda()#2}::operator()() const::{lambda()#2}::operator()() const::{lambda(float)#1}, std::array<char*, 2ul> >(int, at::native::rsqrt_kernel_cuda(at::TensorIteratorBase&)::{lambda()#2}::operator()() const::{lambda()#2}::operator()() const::{lambda(float)#1}, std::array<char*, 2ul>)",1x1x1,128x1x1,False,1,1.12,1.12,1.12,1.12
eager,prompt_1001_decode_7,execute_context_1(784)_generation_0(0),1,784,1,0,other,v1/worker/gpu/model_runner.py:1159 prepare_inputs,aten::fill_,"[[784],[]]","[""bool"",""Scalar""]","void at::native::vectorized_elementwise_kernel<8, at::native::FillFunctor<bool>, std::array<char*, 1ul> >(int, at::native::FillFunctor<bool>, std::array<char*, 1ul>)",1x1x1,128x1x1,False,1,0.992,0.992,0.992,0.992
eager,prompt_1001_decode_7,execute_context_1(784)_generation_0(0),1,784,1,0,other,v1/worker/gpu/model_runner.py:1159 prepare_inputs,aten::fill_,"[[1],[]]","[""int"",""Scalar""]","void at::native::vectorized_elementwise_kernel<4, at::native::FillFunctor<int>, std::array<char*, 1ul> >(int, at::native::FillFunctor<int>, std::array<char*, 1ul>)",1x1x1,128x1x1,False,1,0.735,0.735,0.735,0.735
eager,prompt_1001_decode_7,execute_context_1(784)_generation_0(0),1,784,1,0,other,v1/worker/gpu/model_runner.py:1159 prepare_inputs,aten::arange,"[[],[],[],[0]]","[""Scalar"",""Scalar"",""Scalar"",""int""]","void (anonymous namespace)::elementwise_kernel_with_index<int, at::native::arange_cuda_out(c10::Scalar const&, c10::Scalar const&, c10::Scalar const&, at::Tensor&)::{lambda()#1}::operator()() const::{lambda()#3}::operator()() const::{lambda(long)#1}>(int, at::native::arange_cuda_out(c10::Scalar const&, c10::Scalar const&, c10::Scalar const&, at::Tensor&)::{lambda()#1}::operator()() const::{lambda()#3}::operator()() const::{lambda(long)#1}, function_traits<at::native::arange_cuda_out(c10::Scalar const&, c10::Scalar const&, c10::Scalar const&, at::Tensor&)::{lambda()#1}::operator()() const::{lambda()#3}::operator()() const::{lambda(long)#1}>::result_type*)",1x1x1,64x1x1,False,1,0.703,0.703,0.703,0.703
eager,prompt_1001_decode_7,outside_step,1,0,0,0,logits,model_executor/layers/utils.py:92 default_unquantized_gemm,aten::mm,"[[1,5120],[5120,248320]]","[""c10::BFloat16"",""c10::BFloat16""]",nvjet_sm90_tst_512x8_64x3_2x1_v_bz_TNT,2x66x1,384x1x1,False,9,5315.879000000001,590.6532222222223,584.293,600.964
eager,prompt_1001_decode_7,outside_step,1,0,0,0,sampler,,,,,_gumbel_sample_kernel,1x243x1,128x1x1,False,9,49.569,5.507666666666667,5.376,5.664
eager,prompt_1001_decode_7,outside_step,1,0,0,0,sampler,v1/worker/gpu/sample/gumbel.py:251 gumbel_sample,aten::argmax,"[[1,243],[],[]]","[""float"",""Scalar"",""Scalar""]","void at::native::reduce_kernel<512, 1, at::native::ReduceOp<float, at::native::ArgMaxOps<float>, unsigned int, long, 4, 4> >(at::native::ReduceOp<float, at::native::ArgMaxOps<float>, unsigned int, long, 4, 4>)",1x1x1,32x1x1,False,9,38.43,4.27,4.0,4.608
eager,prompt_1001_decode_7,outside_step,1,0,0,0,other,v1/worker/gpu/model_runner.py:1398 sample,aten::index,"[[1,5120],[]]","[""c10::BFloat16"",""""]","void at::native::index_elementwise_kernel<128, 4, at::native::gpu_index_kernel<at::native::index_kernel_impl<at::native::OpaqueType<2> >(at::TensorIteratorBase&, c10::ArrayRef<long>, c10::ArrayRef<long>)::{lambda(char*, char const*, long)#1}>(at::TensorIteratorBase&, c10::ArrayRef<long>, c10::ArrayRef<long>, at::native::index_kernel_impl<at::native::OpaqueType<2> >(at::TensorIteratorBase&, c10::ArrayRef<long>, c10::ArrayRef<long>)::{lambda(char*, char const*, long)#1} const&, bool)::{lambda(int)#1}>(long, at::native::gpu_index_kernel<at::native::index_kernel_impl<at::native::OpaqueType<2> >(at::TensorIteratorBase&, c10::ArrayRef<long>, c10::ArrayRef<long>)::{lambda(char*, char const*, long)#1}>(at::TensorIteratorBase&, c10::ArrayRef<long>, c10::ArrayRef<long>, at::native::index_kernel_impl<at::native::OpaqueType<2> >(at::TensorIteratorBase&, c10::ArrayRef<long>, c10::ArrayRef<long>)::{lambda(char*, char const*, long)#1} const&, bool)::{lambda(int)#1})",10x1x1,128x1x1,False,7,24.8,3.542857142857143,3.488,3.68
eager,prompt_1001_decode_7,outside_step,1,0,0,0,other,,,,,_post_update_kernel,1x1x1,32x1x1,False,9,23.999,2.6665555555555556,1.696,2.944
eager,prompt_1001_decode_7,outside_step,1,0,0,0,sampler,,,,,_get_num_sampled_and_rejected_kernel,1x1x1,128x1x1,False,9,23.198999999999998,2.5776666666666666,2.432,3.103
eager,prompt_1001_decode_7,outside_step,1,0,0,0,gdn,,,,,postprocess_mamba_fused_kernel,1x96x16,128x1x1,False,9,20.221999999999998,2.2468888888888885,2.207,2.463
eager,prompt_1001_decode_7,outside_step,1,0,0,0,sampler,v1/worker/gpu/sample/sampler.py:122 __call__,aten::index,"[[1],[]]","[""long int"",""""]","void at::native::index_elementwise_kernel<128, 4, at::native::gpu_index_kernel<at::native::index_kernel_impl<at::native::OpaqueType<8> >(at::TensorIteratorBase&, c10::ArrayRef<long>, c10::ArrayRef<long>)::{lambda(char*, char const*, long)#1}>(at::TensorIteratorBase&, c10::ArrayRef<long>, c10::ArrayRef<long>, at::native::index_kernel_impl<at::native::OpaqueType<8> >(at::TensorIteratorBase&, c10::ArrayRef<long>, c10::ArrayRef<long>)::{lambda(char*, char const*, long)#1} const&, bool)::{lambda(int)#1}>(long, at::native::gpu_index_kernel<at::native::index_kernel_impl<at::native::OpaqueType<8> >(at::TensorIteratorBase&, c10::ArrayRef<long>, c10::ArrayRef<long>)::{lambda(char*, char const*, long)#1}>(at::TensorIteratorBase&, c10::ArrayRef<long>, c10::ArrayRef<long>, at::native::index_kernel_impl<at::native::OpaqueType<8> >(at::TensorIteratorBase&, c10::ArrayRef<long>, c10::ArrayRef<long>)::{lambda(char*, char const*, long)#1} const&, bool)::{lambda(int)#1})",1x1x1,128x1x1,False,7,15.233,2.176142857142857,2.016,2.368
eager,prompt_1001_decode_7,outside_step,1,0,0,0,sampler,v1/worker/gpu/sample/gumbel.py:251 gumbel_sample,aten::gather,"[[1,243],[],[1,1],[]]","[""long int"",""Scalar"",""long int"",""Scalar""]","void at::native::_scatter_gather_elementwise_kernel<128, 8, at::native::_cuda_scatter_gather_internal_kernel<false, at::native::OpaqueType<8>, long>::operator()<at::native::TensorAssign>(at::TensorIterator&, long, long, long, at::native::TensorAssign const&)::{lambda(int)#1}>(int, at::native::_cuda_scatter_gather_internal_kernel<false, at::native::OpaqueType<8>, long>::operator()<at::native::TensorAssign>(at::TensorIterator&, long, long, long, at::native::TensorAssign const&)::{lambda(int)#1})",1x1x1,128x1x1,False,9,14.434000000000001,1.603777777777778,1.504,1.729
eager,prompt_1001_decode_7,outside_step,1,0,0,0,sampler,v1/worker/gpu/sample/sampler.py:122 __call__,aten::index,"[[1],[]]","[""int"",""""]","void at::native::index_elementwise_kernel<128, 4, at::native::gpu_index_kernel<at::native::index_kernel_impl<at::native::OpaqueType<4> >(at::TensorIteratorBase&, c10::ArrayRef<long>, c10::ArrayRef<long>)::{lambda(char*, char const*, long)#1}>(at::TensorIteratorBase&, c10::ArrayRef<long>, c10::ArrayRef<long>, at::native::index_kernel_impl<at::native::OpaqueType<4> >(at::TensorIteratorBase&, c10::ArrayRef<long>, c10::ArrayRef<long>)::{lambda(char*, char const*, long)#1} const&, bool)::{lambda(int)#1}>(long, at::native::gpu_index_kernel<at::native::index_kernel_impl<at::native::OpaqueType<4> >(at::TensorIteratorBase&, c10::ArrayRef<long>, c10::ArrayRef<long>)::{lambda(char*, char const*, long)#1}>(at::TensorIteratorBase&, c10::ArrayRef<long>, c10::ArrayRef<long>, at::native::index_kernel_impl<at::native::OpaqueType<4> >(at::TensorIteratorBase&, c10::ArrayRef<long>, c10::ArrayRef<long>)::{lambda(char*, char const*, long)#1} const&, bool)::{lambda(int)#1})",1x1x1,128x1x1,False,7,11.678999999999998,1.6684285714285711,1.536,1.856
eager,prompt_1001_decode_7,outside_step,1,0,0,0,other,,,,,_scatter_num_accepted_kernel,1x1x1,128x1x1,False,9,8.321,0.9245555555555556,0.896,0.96
eager,prompt_1001_decode_7,outside_step,1,0,0,0,sampler,v1/worker/gpu/sample/sampler.py:122 __call__,aten::fill_,"[[1],[]]","[""int"",""Scalar""]","void at::native::vectorized_elementwise_kernel<4, at::native::FillFunctor<int>, std::array<char*, 1ul> >(int, at::native::FillFunctor<int>, std::array<char*, 1ul>)",1x1x1,128x1x1,False,9,6.944,0.7715555555555556,0.704,0.928
eager,prompt_1001_decode_7,outside_step,1,0,0,0,other,v1/worker/gpu/model_runner.py:1398 sample,aten::index,"[[217,5120],[]]","[""c10::BFloat16"",""""]","void at::native::index_elementwise_kernel<128, 4, at::native::gpu_index_kernel<at::native::index_kernel_impl<at::native::OpaqueType<2> >(at::TensorIteratorBase&, c10::ArrayRef<long>, c10::ArrayRef<long>)::{lambda(char*, char const*, long)#1}>(at::TensorIteratorBase&, c10::ArrayRef<long>, c10::ArrayRef<long>, at::native::index_kernel_impl<at::native::OpaqueType<2> >(at::TensorIteratorBase&, c10::ArrayRef<long>, c10::ArrayRef<long>)::{lambda(char*, char const*, long)#1} const&, bool)::{lambda(int)#1}>(long, at::native::gpu_index_kernel<at::native::index_kernel_impl<at::native::OpaqueType<2> >(at::TensorIteratorBase&, c10::ArrayRef<long>, c10::ArrayRef<long>)::{lambda(char*, char const*, long)#1}>(at::TensorIteratorBase&, c10::ArrayRef<long>, c10::ArrayRef<long>, at::native::index_kernel_impl<at::native::OpaqueType<2> >(at::TensorIteratorBase&, c10::ArrayRef<long>, c10::ArrayRef<long>)::{lambda(char*, char const*, long)#1} const&, bool)::{lambda(int)#1})",10x1x1,128x1x1,False,1,3.456,3.456,3.456,3.456
eager,prompt_1001_decode_7,outside_step,1,0,0,0,other,v1/worker/gpu/model_runner.py:1398 sample,aten::index,"[[784,5120],[]]","[""c10::BFloat16"",""""]","void at::native::index_elementwise_kernel<128, 4, at::native::gpu_index_kernel<at::native::index_kernel_impl<at::native::OpaqueType<2> >(at::TensorIteratorBase&, c10::ArrayRef<long>, c10::ArrayRef<long>)::{lambda(char*, char const*, long)#1}>(at::TensorIteratorBase&, c10::ArrayRef<long>, c10::ArrayRef<long>, at::native::index_kernel_impl<at::native::OpaqueType<2> >(at::TensorIteratorBase&, c10::ArrayRef<long>, c10::ArrayRef<long>)::{lambda(char*, char const*, long)#1} const&, bool)::{lambda(int)#1}>(long, at::native::gpu_index_kernel<at::native::index_kernel_impl<at::native::OpaqueType<2> >(at::TensorIteratorBase&, c10::ArrayRef<long>, c10::ArrayRef<long>)::{lambda(char*, char const*, long)#1}>(at::TensorIteratorBase&, c10::ArrayRef<long>, c10::ArrayRef<long>, at::native::index_kernel_impl<at::native::OpaqueType<2> >(at::TensorIteratorBase&, c10::ArrayRef<long>, c10::ArrayRef<long>)::{lambda(char*, char const*, long)#1} const&, bool)::{lambda(int)#1})",10x1x1,128x1x1,False,1,3.232,3.232,3.232,3.232
eager,prompt_1001_decode_7,outside_step,1,0,0,0,sampler,v1/worker/gpu/sample/sampler.py:122 __call__,aten::index,"[[784],[]]","[""long int"",""""]","void at::native::index_elementwise_kernel<128, 4, at::native::gpu_index_kernel<at::native::index_kernel_impl<at::native::OpaqueType<8> >(at::TensorIteratorBase&, c10::ArrayRef<long>, c10::ArrayRef<long>)::{lambda(char*, char const*, long)#1}>(at::TensorIteratorBase&, c10::ArrayRef<long>, c10::ArrayRef<long>, at::native::index_kernel_impl<at::native::OpaqueType<8> >(at::TensorIteratorBase&, c10::ArrayRef<long>, c10::ArrayRef<long>)::{lambda(char*, char const*, long)#1} const&, bool)::{lambda(int)#1}>(long, at::native::gpu_index_kernel<at::native::index_kernel_impl<at::native::OpaqueType<8> >(at::TensorIteratorBase&, c10::ArrayRef<long>, c10::ArrayRef<long>)::{lambda(char*, char const*, long)#1}>(at::TensorIteratorBase&, c10::ArrayRef<long>, c10::ArrayRef<long>, at::native::index_kernel_impl<at::native::OpaqueType<8> >(at::TensorIteratorBase&, c10::ArrayRef<long>, c10::ArrayRef<long>)::{lambda(char*, char const*, long)#1} const&, bool)::{lambda(int)#1})",1x1x1,128x1x1,False,1,2.047,2.047,2.047,2.047
eager,prompt_1001_decode_7,outside_step,1,0,0,0,sampler,v1/worker/gpu/sample/sampler.py:122 __call__,aten::index,"[[217],[]]","[""long int"",""""]","void at::native::index_elementwise_kernel<128, 4, at::native::gpu_index_kernel<at::native::index_kernel_impl<at::native::OpaqueType<8> >(at::TensorIteratorBase&, c10::ArrayRef<long>, c10::ArrayRef<long>)::{lambda(char*, char const*, long)#1}>(at::TensorIteratorBase&, c10::ArrayRef<long>, c10::ArrayRef<long>, at::native::index_kernel_impl<at::native::OpaqueType<8> >(at::TensorIteratorBase&, c10::ArrayRef<long>, c10::ArrayRef<long>)::{lambda(char*, char const*, long)#1} const&, bool)::{lambda(int)#1}>(long, at::native::gpu_index_kernel<at::native::index_kernel_impl<at::native::OpaqueType<8> >(at::TensorIteratorBase&, c10::ArrayRef<long>, c10::ArrayRef<long>)::{lambda(char*, char const*, long)#1}>(at::TensorIteratorBase&, c10::ArrayRef<long>, c10::ArrayRef<long>, at::native::index_kernel_impl<at::native::OpaqueType<8> >(at::TensorIteratorBase&, c10::ArrayRef<long>, c10::ArrayRef<long>)::{lambda(char*, char const*, long)#1} const&, bool)::{lambda(int)#1})",1x1x1,128x1x1,False,1,2.047,2.047,2.047,2.047
eager,prompt_1001_decode_7,outside_step,1,0,0,0,sampler,v1/worker/gpu/sample/sampler.py:122 __call__,aten::index,"[[784],[]]","[""int"",""""]","void at::native::index_elementwise_kernel<128, 4, at::native::gpu_index_kernel<at::native::index_kernel_impl<at::native::OpaqueType<4> >(at::TensorIteratorBase&, c10::ArrayRef<long>, c10::ArrayRef<long>)::{lambda(char*, char const*, long)#1}>(at::TensorIteratorBase&, c10::ArrayRef<long>, c10::ArrayRef<long>, at::native::index_kernel_impl<at::native::OpaqueType<4> >(at::TensorIteratorBase&, c10::ArrayRef<long>, c10::ArrayRef<long>)::{lambda(char*, char const*, long)#1} const&, bool)::{lambda(int)#1}>(long, at::native::gpu_index_kernel<at::native::index_kernel_impl<at::native::OpaqueType<4> >(at::TensorIteratorBase&, c10::ArrayRef<long>, c10::ArrayRef<long>)::{lambda(char*, char const*, long)#1}>(at::TensorIteratorBase&, c10::ArrayRef<long>, c10::ArrayRef<long>, at::native::index_kernel_impl<at::native::OpaqueType<4> >(at::TensorIteratorBase&, c10::ArrayRef<long>, c10::ArrayRef<long>)::{lambda(char*, char const*, long)#1} const&, bool)::{lambda(int)#1})",1x1x1,128x1x1,False,1,1.633,1.633,1.633,1.633
eager,prompt_1001_decode_7,outside_step,1,0,0,0,sampler,v1/worker/gpu/sample/sampler.py:122 __call__,aten::index,"[[217],[]]","[""int"",""""]","void at::native::index_elementwise_kernel<128, 4, at::native::gpu_index_kernel<at::native::index_kernel_impl<at::native::OpaqueType<4> >(at::TensorIteratorBase&, c10::ArrayRef<long>, c10::ArrayRef<long>)::{lambda(char*, char const*, long)#1}>(at::TensorIteratorBase&, c10::ArrayRef<long>, c10::ArrayRef<long>, at::native::index_kernel_impl<at::native::OpaqueType<4> >(at::TensorIteratorBase&, c10::ArrayRef<long>, c10::ArrayRef<long>)::{lambda(char*, char const*, long)#1} const&, bool)::{lambda(int)#1}>(long, at::native::gpu_index_kernel<at::native::index_kernel_impl<at::native::OpaqueType<4> >(at::TensorIteratorBase&, c10::ArrayRef<long>, c10::ArrayRef<long>)::{lambda(char*, char const*, long)#1}>(at::TensorIteratorBase&, c10::ArrayRef<long>, c10::ArrayRef<long>, at::native::index_kernel_impl<at::native::OpaqueType<4> >(at::TensorIteratorBase&, c10::ArrayRef<long>, c10::ArrayRef<long>)::{lambda(char*, char const*, long)#1} const&, bool)::{lambda(int)#1})",1x1x1,128x1x1,False,1,1.568,1.568,1.568,1.568
